scaffold_id,spacegroup,global_var_index,var_name,block_kind,orbit_index,wyckoff_letter,dof_in_orbit,coord_local_index,is_periodic,geometry_type,wyckoff_sequence
SG216|1a;1b;1c;1d;6f,216,0,lattice_a,lattice,-1,,0,-1,False,positive_length,1a;1b;1c;1d;6f
SG216|1a;1b;1c;1d;6f,216,1,lattice_b,lattice,-1,,0,-1,False,positive_length,1a;1b;1c;1d;6f
SG216|1a;1b;1c;1d;6f,216,2,lattice_c,lattice,-1,,0,-1,False,positive_length,1a;1b;1c;1d;6f
SG216|1a;1b;1c;1d;6f,216,3,alpha,lattice,-1,,0,-1,False,angle_degree,1a;1b;1c;1d;6f
SG216|1a;1b;1c;1d;6f,216,4,beta,lattice,-1,,0,-1,False,angle_degree,1a;1b;1c;1d;6f
SG216|1a;1b;1c;1d;6f,216,5,gamma,lattice,-1,,0,-1,False,angle_degree,1a;1b;1c;1d;6f
SG216|1a;1b;1c;1d;6f,216,6,orbit4_fp0,wyckoff_orbit,4,6f,1,0,True,torus_fractional_coordinate,1a;1b;1c;1d;6f
SG194|2d;6h,194,0,lattice_a,lattice,-1,,0,-1,False,positive_length,2d;6h
SG194|2d;6h,194,1,lattice_b,lattice,-1,,0,-1,False,positive_length,2d;6h
SG194|2d;6h,194,2,lattice_c,lattice,-1,,0,-1,False,positive_length,2d;6h
SG194|2d;6h,194,3,alpha,lattice,-1,,0,-1,False,angle_degree,2d;6h
SG194|2d;6h,194,4,beta,lattice,-1,,0,-1,False,angle_degree,2d;6h
SG194|2d;6h,194,5,gamma,lattice,-1,,0,-1,False,angle_degree,2d;6h
SG194|2d;6h,194,6,orbit1_fp0,wyckoff_orbit,1,6h,1,0,True,torus_fractional_coordinate,2d;6h
SG221|1a;3c,221,0,lattice_a,lattice,-1,,0,-1,False,positive_length,1a;3c
SG221|1a;3c,221,1,lattice_b,lattice,-1,,0,-1,False,positive_length,1a;3c
SG221|1a;3c,221,2,lattice_c,lattice,-1,,0,-1,False,positive_length,1a;3c
SG221|1a;3c,221,3,alpha,lattice,-1,,0,-1,False,angle_degree,1a;3c
SG221|1a;3c,221,4,beta,lattice,-1,,0,-1,False,angle_degree,1a;3c
SG221|1a;3c,221,5,gamma,lattice,-1,,0,-1,False,angle_degree,1a;3c
SG139|1a;1b;2d,139,0,lattice_a,lattice,-1,,0,-1,False,positive_length,1a;1b;2d
SG139|1a;1b;2d,139,1,lattice_b,lattice,-1,,0,-1,False,positive_length,1a;1b;2d
SG139|1a;1b;2d,139,2,lattice_c,lattice,-1,,0,-1,False,positive_length,1a;1b;2d
SG139|1a;1b;2d,139,3,alpha,lattice,-1,,0,-1,False,angle_degree,1a;1b;2d
SG139|1a;1b;2d,139,4,beta,lattice,-1,,0,-1,False,angle_degree,1a;1b;2d
SG139|1a;1b;2d,139,5,gamma,lattice,-1,,0,-1,False,angle_degree,1a;1b;2d
SG139|1a;2d;2e,139,0,lattice_a,lattice,-1,,0,-1,False,positive_length,1a;2d;2e
SG139|1a;2d;2e,139,1,lattice_b,lattice,-1,,0,-1,False,positive_length,1a;2d;2e
SG139|1a;2d;2e,139,2,lattice_c,lattice,-1,,0,-1,False,positive_length,1a;2d;2e
SG139|1a;2d;2e,139,3,alpha,lattice,-1,,0,-1,False,angle_degree,1a;2d;2e
SG139|1a;2d;2e,139,4,beta,lattice,-1,,0,-1,False,angle_degree,1a;2d;2e
SG139|1a;2d;2e,139,5,gamma,lattice,-1,,0,-1,False,angle_degree,1a;2d;2e
SG139|1a;2d;2e,139,6,orbit2_fp0,wyckoff_orbit,2,2e,1,0,True,torus_fractional_coordinate,1a;2d;2e
SG166|1a;1b;2c,166,0,lattice_a,lattice,-1,,0,-1,False,positive_length,1a;1b;2c
SG166|1a;1b;2c,166,1,lattice_b,lattice,-1,,0,-1,False,positive_length,1a;1b;2c
SG166|1a;1b;2c,166,2,lattice_c,lattice,-1,,0,-1,False,positive_length,1a;1b;2c
SG166|1a;1b;2c,166,3,alpha,lattice,-1,,0,-1,False,angle_degree,1a;1b;2c
SG166|1a;1b;2c,166,4,beta,lattice,-1,,0,-1,False,angle_degree,1a;1b;2c
SG166|1a;1b;2c,166,5,gamma,lattice,-1,,0,-1,False,angle_degree,1a;1b;2c
SG166|1a;1b;2c,166,6,orbit2_fp0,wyckoff_orbit,2,2c,1,0,True,torus_fractional_coordinate,1a;1b;2c
SG221|1a;1b;3d,221,0,lattice_a,lattice,-1,,0,-1,False,positive_length,1a;1b;3d
SG221|1a;1b;3d,221,1,lattice_b,lattice,-1,,0,-1,False,positive_length,1a;1b;3d
SG221|1a;1b;3d,221,2,lattice_c,lattice,-1,,0,-1,False,positive_length,1a;1b;3d
SG221|1a;1b;3d,221,3,alpha,lattice,-1,,0,-1,False,angle_degree,1a;1b;3d
SG221|1a;1b;3d,221,4,beta,lattice,-1,,0,-1,False,angle_degree,1a;1b;3d
SG221|1a;1b;3d,221,5,gamma,lattice,-1,,0,-1,False,angle_degree,1a;1b;3d
SG129|2a;2c;2c,129,0,lattice_a,lattice,-1,,0,-1,False,positive_length,2a;2c;2c
SG129|2a;2c;2c,129,1,lattice_b,lattice,-1,,0,-1,False,positive_length,2a;2c;2c
SG129|2a;2c;2c,129,2,lattice_c,lattice,-1,,0,-1,False,positive_length,2a;2c;2c
SG129|2a;2c;2c,129,3,alpha,lattice,-1,,0,-1,False,angle_degree,2a;2c;2c
SG129|2a;2c;2c,129,4,beta,lattice,-1,,0,-1,False,angle_degree,2a;2c;2c
SG129|2a;2c;2c,129,5,gamma,lattice,-1,,0,-1,False,angle_degree,2a;2c;2c
SG129|2a;2c;2c,129,6,orbit1_fp0,wyckoff_orbit,1,2c,1,0,True,torus_fractional_coordinate,2a;2c;2c
SG129|2a;2c;2c,129,7,orbit2_fp0,wyckoff_orbit,2,2c,1,0,True,torus_fractional_coordinate,2a;2c;2c
SG194|2a;2c;2d,194,0,lattice_a,lattice,-1,,0,-1,False,positive_length,2a;2c;2d
SG194|2a;2c;2d,194,1,lattice_b,lattice,-1,,0,-1,False,positive_length,2a;2c;2d
SG194|2a;2c;2d,194,2,lattice_c,lattice,-1,,0,-1,False,positive_length,2a;2c;2d
SG194|2a;2c;2d,194,3,alpha,lattice,-1,,0,-1,False,angle_degree,2a;2c;2d
SG194|2a;2c;2d,194,4,beta,lattice,-1,,0,-1,False,angle_degree,2a;2c;2d
SG194|2a;2c;2d,194,5,gamma,lattice,-1,,0,-1,False,angle_degree,2a;2c;2d
SG127|2a;4g;4h,127,0,lattice_a,lattice,-1,,0,-1,False,positive_length,2a;4g;4h
SG127|2a;4g;4h,127,1,lattice_b,lattice,-1,,0,-1,False,positive_length,2a;4g;4h
SG127|2a;4g;4h,127,2,lattice_c,lattice,-1,,0,-1,False,positive_length,2a;4g;4h
SG127|2a;4g;4h,127,3,alpha,lattice,-1,,0,-1,False,angle_degree,2a;4g;4h
SG127|2a;4g;4h,127,4,beta,lattice,-1,,0,-1,False,angle_degree,2a;4g;4h
SG127|2a;4g;4h,127,5,gamma,lattice,-1,,0,-1,False,angle_degree,2a;4g;4h
SG127|2a;4g;4h,127,6,orbit1_fp0,wyckoff_orbit,1,4g,1,0,True,torus_fractional_coordinate,2a;4g;4h
SG127|2a;4g;4h,127,7,orbit2_fp0,wyckoff_orbit,2,4h,1,0,True,torus_fractional_coordinate,2a;4g;4h
SG230|8a;12c;12d;48h,230,0,lattice_a,lattice,-1,,0,-1,False,positive_length,8a;12c;12d;48h
SG230|8a;12c;12d;48h,230,1,lattice_b,lattice,-1,,0,-1,False,positive_length,8a;12c;12d;48h
SG230|8a;12c;12d;48h,230,2,lattice_c,lattice,-1,,0,-1,False,positive_length,8a;12c;12d;48h
SG230|8a;12c;12d;48h,230,3,alpha,lattice,-1,,0,-1,False,angle_degree,8a;12c;12d;48h
SG230|8a;12c;12d;48h,230,4,beta,lattice,-1,,0,-1,False,angle_degree,8a;12c;12d;48h
SG230|8a;12c;12d;48h,230,5,gamma,lattice,-1,,0,-1,False,angle_degree,8a;12c;12d;48h
SG230|8a;12c;12d;48h,230,6,orbit3_fp0,wyckoff_orbit,3,48h,3,0,True,torus_fractional_coordinate,8a;12c;12d;48h
SG230|8a;12c;12d;48h,230,7,orbit3_fp1,wyckoff_orbit,3,48h,3,1,True,torus_fractional_coordinate,8a;12c;12d;48h
SG230|8a;12c;12d;48h,230,8,orbit3_fp2,wyckoff_orbit,3,48h,3,2,True,torus_fractional_coordinate,8a;12c;12d;48h
SG191|1a;2c;3g,191,0,lattice_a,lattice,-1,,0,-1,False,positive_length,1a;2c;3g
SG191|1a;2c;3g,191,1,lattice_b,lattice,-1,,0,-1,False,positive_length,1a;2c;3g
SG191|1a;2c;3g,191,2,lattice_c,lattice,-1,,0,-1,False,positive_length,1a;2c;3g
SG191|1a;2c;3g,191,3,alpha,lattice,-1,,0,-1,False,angle_degree,1a;2c;3g
SG191|1a;2c;3g,191,4,beta,lattice,-1,,0,-1,False,angle_degree,1a;2c;3g
SG191|1a;2c;3g,191,5,gamma,lattice,-1,,0,-1,False,angle_degree,1a;2c;3g
SG129|2a;2b;2c;2c;2c,129,0,lattice_a,lattice,-1,,0,-1,False,positive_length,2a;2b;2c;2c;2c
SG129|2a;2b;2c;2c;2c,129,1,lattice_b,lattice,-1,,0,-1,False,positive_length,2a;2b;2c;2c;2c
SG129|2a;2b;2c;2c;2c,129,2,lattice_c,lattice,-1,,0,-1,False,positive_length,2a;2b;2c;2c;2c
SG129|2a;2b;2c;2c;2c,129,3,alpha,lattice,-1,,0,-1,False,angle_degree,2a;2b;2c;2c;2c
SG129|2a;2b;2c;2c;2c,129,4,beta,lattice,-1,,0,-1,False,angle_degree,2a;2b;2c;2c;2c
SG129|2a;2b;2c;2c;2c,129,5,gamma,lattice,-1,,0,-1,False,angle_degree,2a;2b;2c;2c;2c
SG129|2a;2b;2c;2c;2c,129,6,orbit2_fp0,wyckoff_orbit,2,2c,1,0,True,torus_fractional_coordinate,2a;2b;2c;2c;2c
SG129|2a;2b;2c;2c;2c,129,7,orbit3_fp0,wyckoff_orbit,3,2c,1,0,True,torus_fractional_coordinate,2a;2b;2c;2c;2c
SG129|2a;2b;2c;2c;2c,129,8,orbit4_fp0,wyckoff_orbit,4,2c,1,0,True,torus_fractional_coordinate,2a;2b;2c;2c;2c
SG123|1c;2h;2h,123,0,lattice_a,lattice,-1,,0,-1,False,positive_length,1c;2h;2h
SG123|1c;2h;2h,123,1,lattice_b,lattice,-1,,0,-1,False,positive_length,1c;2h;2h
SG123|1c;2h;2h,123,2,lattice_c,lattice,-1,,0,-1,False,positive_length,1c;2h;2h
SG123|1c;2h;2h,123,3,alpha,lattice,-1,,0,-1,False,angle_degree,1c;2h;2h
SG123|1c;2h;2h,123,4,beta,lattice,-1,,0,-1,False,angle_degree,1c;2h;2h
SG123|1c;2h;2h,123,5,gamma,lattice,-1,,0,-1,False,angle_degree,1c;2h;2h
SG123|1c;2h;2h,123,6,orbit1_fp0,wyckoff_orbit,1,2h,1,0,True,torus_fractional_coordinate,1c;2h;2h
SG123|1c;2h;2h,123,7,orbit2_fp0,wyckoff_orbit,2,2h,1,0,True,torus_fractional_coordinate,1c;2h;2h
SG216|1a;1d;4e,216,0,lattice_a,lattice,-1,,0,-1,False,positive_length,1a;1d;4e
SG216|1a;1d;4e,216,1,lattice_b,lattice,-1,,0,-1,False,positive_length,1a;1d;4e
SG216|1a;1d;4e,216,2,lattice_c,lattice,-1,,0,-1,False,positive_length,1a;1d;4e
SG216|1a;1d;4e,216,3,alpha,lattice,-1,,0,-1,False,angle_degree,1a;1d;4e
SG216|1a;1d;4e,216,4,beta,lattice,-1,,0,-1,False,angle_degree,1a;1d;4e
SG216|1a;1d;4e,216,5,gamma,lattice,-1,,0,-1,False,angle_degree,1a;1d;4e
SG216|1a;1d;4e,216,6,orbit2_fp0,wyckoff_orbit,2,4e,1,0,True,torus_fractional_coordinate,1a;1d;4e
SG225|1a;2c;6e,225,0,lattice_a,lattice,-1,,0,-1,False,positive_length,1a;2c;6e
SG225|1a;2c;6e,225,1,lattice_b,lattice,-1,,0,-1,False,positive_length,1a;2c;6e
SG225|1a;2c;6e,225,2,lattice_c,lattice,-1,,0,-1,False,positive_length,1a;2c;6e
SG225|1a;2c;6e,225,3,alpha,lattice,-1,,0,-1,False,angle_degree,1a;2c;6e
SG225|1a;2c;6e,225,4,beta,lattice,-1,,0,-1,False,angle_degree,1a;2c;6e
SG225|1a;2c;6e,225,5,gamma,lattice,-1,,0,-1,False,angle_degree,1a;2c;6e
SG225|1a;2c;6e,225,6,orbit2_fp0,wyckoff_orbit,2,6e,1,0,True,torus_fractional_coordinate,1a;2c;6e
SG227|2b;4c;8e,227,0,lattice_a,lattice,-1,,0,-1,False,positive_length,2b;4c;8e
SG227|2b;4c;8e,227,1,lattice_b,lattice,-1,,0,-1,False,positive_length,2b;4c;8e
SG227|2b;4c;8e,227,2,lattice_c,lattice,-1,,0,-1,False,positive_length,2b;4c;8e
SG227|2b;4c;8e,227,3,alpha,lattice,-1,,0,-1,False,angle_degree,2b;4c;8e
SG227|2b;4c;8e,227,4,beta,lattice,-1,,0,-1,False,angle_degree,2b;4c;8e
SG227|2b;4c;8e,227,5,gamma,lattice,-1,,0,-1,False,angle_degree,2b;4c;8e
SG227|2b;4c;8e,227,6,orbit2_fp0,wyckoff_orbit,2,8e,1,0,True,torus_fractional_coordinate,2b;4c;8e
SG227|2a;4d;8e,227,0,lattice_a,lattice,-1,,0,-1,False,positive_length,2a;4d;8e
SG227|2a;4d;8e,227,1,lattice_b,lattice,-1,,0,-1,False,positive_length,2a;4d;8e
SG227|2a;4d;8e,227,2,lattice_c,lattice,-1,,0,-1,False,positive_length,2a;4d;8e
SG227|2a;4d;8e,227,3,alpha,lattice,-1,,0,-1,False,angle_degree,2a;4d;8e
SG227|2a;4d;8e,227,4,beta,lattice,-1,,0,-1,False,angle_degree,2a;4d;8e
SG227|2a;4d;8e,227,5,gamma,lattice,-1,,0,-1,False,angle_degree,2a;4d;8e
SG227|2a;4d;8e,227,6,orbit2_fp0,wyckoff_orbit,2,8e,1,0,True,torus_fractional_coordinate,2a;4d;8e
SG140|2a;2c;4h;8l,140,0,lattice_a,lattice,-1,,0,-1,False,positive_length,2a;2c;4h;8l
SG140|2a;2c;4h;8l,140,1,lattice_b,lattice,-1,,0,-1,False,positive_length,2a;2c;4h;8l
SG140|2a;2c;4h;8l,140,2,lattice_c,lattice,-1,,0,-1,False,positive_length,2a;2c;4h;8l
SG140|2a;2c;4h;8l,140,3,alpha,lattice,-1,,0,-1,False,angle_degree,2a;2c;4h;8l
SG140|2a;2c;4h;8l,140,4,beta,lattice,-1,,0,-1,False,angle_degree,2a;2c;4h;8l
SG140|2a;2c;4h;8l,140,5,gamma,lattice,-1,,0,-1,False,angle_degree,2a;2c;4h;8l
SG140|2a;2c;4h;8l,140,6,orbit2_fp0,wyckoff_orbit,2,4h,1,0,True,torus_fractional_coordinate,2a;2c;4h;8l
SG140|2a;2c;4h;8l,140,7,orbit3_fp0,wyckoff_orbit,3,8l,2,0,True,torus_fractional_coordinate,2a;2c;4h;8l
SG140|2a;2c;4h;8l,140,8,orbit3_fp1,wyckoff_orbit,3,8l,2,1,True,torus_fractional_coordinate,2a;2c;4h;8l
SG139|1a;2c;2e;2e,139,0,lattice_a,lattice,-1,,0,-1,False,positive_length,1a;2c;2e;2e
SG139|1a;2c;2e;2e,139,1,lattice_b,lattice,-1,,0,-1,False,positive_length,1a;2c;2e;2e
SG139|1a;2c;2e;2e,139,2,lattice_c,lattice,-1,,0,-1,False,positive_length,1a;2c;2e;2e
SG139|1a;2c;2e;2e,139,3,alpha,lattice,-1,,0,-1,False,angle_degree,1a;2c;2e;2e
SG139|1a;2c;2e;2e,139,4,beta,lattice,-1,,0,-1,False,angle_degree,1a;2c;2e;2e
SG139|1a;2c;2e;2e,139,5,gamma,lattice,-1,,0,-1,False,angle_degree,1a;2c;2e;2e
SG139|1a;2c;2e;2e,139,6,orbit2_fp0,wyckoff_orbit,2,2e,1,0,True,torus_fractional_coordinate,1a;2c;2e;2e
SG139|1a;2c;2e;2e,139,7,orbit3_fp0,wyckoff_orbit,3,2e,1,0,True,torus_fractional_coordinate,1a;2c;2e;2e
SG201|2a;4b;4c;6d;24h,201,0,lattice_a,lattice,-1,,0,-1,False,positive_length,2a;4b;4c;6d;24h
SG201|2a;4b;4c;6d;24h,201,1,lattice_b,lattice,-1,,0,-1,False,positive_length,2a;4b;4c;6d;24h
SG201|2a;4b;4c;6d;24h,201,2,lattice_c,lattice,-1,,0,-1,False,positive_length,2a;4b;4c;6d;24h
SG201|2a;4b;4c;6d;24h,201,3,alpha,lattice,-1,,0,-1,False,angle_degree,2a;4b;4c;6d;24h
SG201|2a;4b;4c;6d;24h,201,4,beta,lattice,-1,,0,-1,False,angle_degree,2a;4b;4c;6d;24h
SG201|2a;4b;4c;6d;24h,201,5,gamma,lattice,-1,,0,-1,False,angle_degree,2a;4b;4c;6d;24h
SG201|2a;4b;4c;6d;24h,201,6,orbit4_fp0,wyckoff_orbit,4,24h,3,0,True,torus_fractional_coordinate,2a;4b;4c;6d;24h
SG201|2a;4b;4c;6d;24h,201,7,orbit4_fp1,wyckoff_orbit,4,24h,3,1,True,torus_fractional_coordinate,2a;4b;4c;6d;24h
SG201|2a;4b;4c;6d;24h,201,8,orbit4_fp2,wyckoff_orbit,4,24h,3,2,True,torus_fractional_coordinate,2a;4b;4c;6d;24h
SG139|1a;2e,139,0,lattice_a,lattice,-1,,0,-1,False,positive_length,1a;2e
SG139|1a;2e,139,1,lattice_b,lattice,-1,,0,-1,False,positive_length,1a;2e
SG139|1a;2e,139,2,lattice_c,lattice,-1,,0,-1,False,positive_length,1a;2e
SG139|1a;2e,139,3,alpha,lattice,-1,,0,-1,False,angle_degree,1a;2e
SG139|1a;2e,139,4,beta,lattice,-1,,0,-1,False,angle_degree,1a;2e
SG139|1a;2e,139,5,gamma,lattice,-1,,0,-1,False,angle_degree,1a;2e
SG139|1a;2e,139,6,orbit1_fp0,wyckoff_orbit,1,2e,1,0,True,torus_fractional_coordinate,1a;2e
SG123|1c;1d;2h;2h,123,0,lattice_a,lattice,-1,,0,-1,False,positive_length,1c;1d;2h;2h
SG123|1c;1d;2h;2h,123,1,lattice_b,lattice,-1,,0,-1,False,positive_length,1c;1d;2h;2h
SG123|1c;1d;2h;2h,123,2,lattice_c,lattice,-1,,0,-1,False,positive_length,1c;1d;2h;2h
SG123|1c;1d;2h;2h,123,3,alpha,lattice,-1,,0,-1,False,angle_degree,1c;1d;2h;2h
SG123|1c;1d;2h;2h,123,4,beta,lattice,-1,,0,-1,False,angle_degree,1c;1d;2h;2h
SG123|1c;1d;2h;2h,123,5,gamma,lattice,-1,,0,-1,False,angle_degree,1c;1d;2h;2h
SG123|1c;1d;2h;2h,123,6,orbit2_fp0,wyckoff_orbit,2,2h,1,0,True,torus_fractional_coordinate,1c;1d;2h;2h
SG123|1c;1d;2h;2h,123,7,orbit3_fp0,wyckoff_orbit,3,2h,1,0,True,torus_fractional_coordinate,1c;1d;2h;2h
SG191|1a;2d,191,0,lattice_a,lattice,-1,,0,-1,False,positive_length,1a;2d
SG191|1a;2d,191,1,lattice_b,lattice,-1,,0,-1,False,positive_length,1a;2d
SG191|1a;2d,191,2,lattice_c,lattice,-1,,0,-1,False,positive_length,1a;2d
SG191|1a;2d,191,3,alpha,lattice,-1,,0,-1,False,angle_degree,1a;2d
SG191|1a;2d,191,4,beta,lattice,-1,,0,-1,False,angle_degree,1a;2d
SG191|1a;2d,191,5,gamma,lattice,-1,,0,-1,False,angle_degree,1a;2d
SG227|2b;4c;4d;12f,227,0,lattice_a,lattice,-1,,0,-1,False,positive_length,2b;4c;4d;12f
SG227|2b;4c;4d;12f,227,1,lattice_b,lattice,-1,,0,-1,False,positive_length,2b;4c;4d;12f
SG227|2b;4c;4d;12f,227,2,lattice_c,lattice,-1,,0,-1,False,positive_length,2b;4c;4d;12f
SG227|2b;4c;4d;12f,227,3,alpha,lattice,-1,,0,-1,False,angle_degree,2b;4c;4d;12f
SG227|2b;4c;4d;12f,227,4,beta,lattice,-1,,0,-1,False,angle_degree,2b;4c;4d;12f
SG227|2b;4c;4d;12f,227,5,gamma,lattice,-1,,0,-1,False,angle_degree,2b;4c;4d;12f
SG227|2b;4c;4d;12f,227,6,orbit3_fp0,wyckoff_orbit,3,12f,1,0,True,torus_fractional_coordinate,2b;4c;4d;12f
SG139|1a;4f;4i;4j,139,0,lattice_a,lattice,-1,,0,-1,False,positive_length,1a;4f;4i;4j
SG139|1a;4f;4i;4j,139,1,lattice_b,lattice,-1,,0,-1,False,positive_length,1a;4f;4i;4j
SG139|1a;4f;4i;4j,139,2,lattice_c,lattice,-1,,0,-1,False,positive_length,1a;4f;4i;4j
SG139|1a;4f;4i;4j,139,3,alpha,lattice,-1,,0,-1,False,angle_degree,1a;4f;4i;4j
SG139|1a;4f;4i;4j,139,4,beta,lattice,-1,,0,-1,False,angle_degree,1a;4f;4i;4j
SG139|1a;4f;4i;4j,139,5,gamma,lattice,-1,,0,-1,False,angle_degree,1a;4f;4i;4j
SG139|1a;4f;4i;4j,139,6,orbit2_fp0,wyckoff_orbit,2,4i,1,0,True,torus_fractional_coordinate,1a;4f;4i;4j
SG139|1a;4f;4i;4j,139,7,orbit3_fp0,wyckoff_orbit,3,4j,1,0,True,torus_fractional_coordinate,1a;4f;4i;4j
SG189|1b;2c;3f;3g,189,0,lattice_a,lattice,-1,,0,-1,False,positive_length,1b;2c;3f;3g
SG189|1b;2c;3f;3g,189,1,lattice_b,lattice,-1,,0,-1,False,positive_length,1b;2c;3f;3g
SG189|1b;2c;3f;3g,189,2,lattice_c,lattice,-1,,0,-1,False,positive_length,1b;2c;3f;3g
SG189|1b;2c;3f;3g,189,3,alpha,lattice,-1,,0,-1,False,angle_degree,1b;2c;3f;3g
SG189|1b;2c;3f;3g,189,4,beta,lattice,-1,,0,-1,False,angle_degree,1b;2c;3f;3g
SG189|1b;2c;3f;3g,189,5,gamma,lattice,-1,,0,-1,False,angle_degree,1b;2c;3f;3g
SG189|1b;2c;3f;3g,189,6,orbit2_fp0,wyckoff_orbit,2,3f,1,0,True,torus_fractional_coordinate,1b;2c;3f;3g
SG189|1b;2c;3f;3g,189,7,orbit3_fp0,wyckoff_orbit,3,3g,1,0,True,torus_fractional_coordinate,1b;2c;3f;3g
SG123|1a;1b;1c;1d;2e;2f;4j;4k;4l;4m;4n;4o,123,0,lattice_a,lattice,-1,,0,-1,False,positive_length,1a;1b;1c;1d;2e;2f;4j;4k;4l;4m;4n;4o
SG123|1a;1b;1c;1d;2e;2f;4j;4k;4l;4m;4n;4o,123,1,lattice_b,lattice,-1,,0,-1,False,positive_length,1a;1b;1c;1d;2e;2f;4j;4k;4l;4m;4n;4o
SG123|1a;1b;1c;1d;2e;2f;4j;4k;4l;4m;4n;4o,123,2,lattice_c,lattice,-1,,0,-1,False,positive_length,1a;1b;1c;1d;2e;2f;4j;4k;4l;4m;4n;4o
SG123|1a;1b;1c;1d;2e;2f;4j;4k;4l;4m;4n;4o,123,3,alpha,lattice,-1,,0,-1,False,angle_degree,1a;1b;1c;1d;2e;2f;4j;4k;4l;4m;4n;4o
SG123|1a;1b;1c;1d;2e;2f;4j;4k;4l;4m;4n;4o,123,4,beta,lattice,-1,,0,-1,False,angle_degree,1a;1b;1c;1d;2e;2f;4j;4k;4l;4m;4n;4o
SG123|1a;1b;1c;1d;2e;2f;4j;4k;4l;4m;4n;4o,123,5,gamma,lattice,-1,,0,-1,False,angle_degree,1a;1b;1c;1d;2e;2f;4j;4k;4l;4m;4n;4o
SG123|1a;1b;1c;1d;2e;2f;4j;4k;4l;4m;4n;4o,123,6,orbit6_fp0,wyckoff_orbit,6,4j,1,0,True,torus_fractional_coordinate,1a;1b;1c;1d;2e;2f;4j;4k;4l;4m;4n;4o
SG123|1a;1b;1c;1d;2e;2f;4j;4k;4l;4m;4n;4o,123,7,orbit7_fp0,wyckoff_orbit,7,4k,1,0,True,torus_fractional_coordinate,1a;1b;1c;1d;2e;2f;4j;4k;4l;4m;4n;4o
SG123|1a;1b;1c;1d;2e;2f;4j;4k;4l;4m;4n;4o,123,8,orbit8_fp0,wyckoff_orbit,8,4l,1,0,True,torus_fractional_coordinate,1a;1b;1c;1d;2e;2f;4j;4k;4l;4m;4n;4o
SG123|1a;1b;1c;1d;2e;2f;4j;4k;4l;4m;4n;4o,123,9,orbit9_fp0,wyckoff_orbit,9,4m,1,0,True,torus_fractional_coordinate,1a;1b;1c;1d;2e;2f;4j;4k;4l;4m;4n;4o
SG123|1a;1b;1c;1d;2e;2f;4j;4k;4l;4m;4n;4o,123,10,orbit10_fp0,wyckoff_orbit,10,4n,1,0,True,torus_fractional_coordinate,1a;1b;1c;1d;2e;2f;4j;4k;4l;4m;4n;4o
SG123|1a;1b;1c;1d;2e;2f;4j;4k;4l;4m;4n;4o,123,11,orbit11_fp0,wyckoff_orbit,11,4o,1,0,True,torus_fractional_coordinate,1a;1b;1c;1d;2e;2f;4j;4k;4l;4m;4n;4o
SG189|1a;2d;3f;3g,189,0,lattice_a,lattice,-1,,0,-1,False,positive_length,1a;2d;3f;3g
SG189|1a;2d;3f;3g,189,1,lattice_b,lattice,-1,,0,-1,False,positive_length,1a;2d;3f;3g
SG189|1a;2d;3f;3g,189,2,lattice_c,lattice,-1,,0,-1,False,positive_length,1a;2d;3f;3g
SG189|1a;2d;3f;3g,189,3,alpha,lattice,-1,,0,-1,False,angle_degree,1a;2d;3f;3g
SG189|1a;2d;3f;3g,189,4,beta,lattice,-1,,0,-1,False,angle_degree,1a;2d;3f;3g
SG189|1a;2d;3f;3g,189,5,gamma,lattice,-1,,0,-1,False,angle_degree,1a;2d;3f;3g
SG189|1a;2d;3f;3g,189,6,orbit2_fp0,wyckoff_orbit,2,3f,1,0,True,torus_fractional_coordinate,1a;2d;3f;3g
SG189|1a;2d;3f;3g,189,7,orbit3_fp0,wyckoff_orbit,3,3g,1,0,True,torus_fractional_coordinate,1a;2d;3f;3g
SG164|1a;2d;2d,164,0,lattice_a,lattice,-1,,0,-1,False,positive_length,1a;2d;2d
SG164|1a;2d;2d,164,1,lattice_b,lattice,-1,,0,-1,False,positive_length,1a;2d;2d
SG164|1a;2d;2d,164,2,lattice_c,lattice,-1,,0,-1,False,positive_length,1a;2d;2d
SG164|1a;2d;2d,164,3,alpha,lattice,-1,,0,-1,False,angle_degree,1a;2d;2d
SG164|1a;2d;2d,164,4,beta,lattice,-1,,0,-1,False,angle_degree,1a;2d;2d
SG164|1a;2d;2d,164,5,gamma,lattice,-1,,0,-1,False,angle_degree,1a;2d;2d
SG164|1a;2d;2d,164,6,orbit1_fp0,wyckoff_orbit,1,2d,1,0,True,torus_fractional_coordinate,1a;2d;2d
SG164|1a;2d;2d,164,7,orbit2_fp0,wyckoff_orbit,2,2d,1,0,True,torus_fractional_coordinate,1a;2d;2d
SG193|2b;4d;6g;6g,193,0,lattice_a,lattice,-1,,0,-1,False,positive_length,2b;4d;6g;6g
SG193|2b;4d;6g;6g,193,1,lattice_b,lattice,-1,,0,-1,False,positive_length,2b;4d;6g;6g
SG193|2b;4d;6g;6g,193,2,lattice_c,lattice,-1,,0,-1,False,positive_length,2b;4d;6g;6g
SG193|2b;4d;6g;6g,193,3,alpha,lattice,-1,,0,-1,False,angle_degree,2b;4d;6g;6g
SG193|2b;4d;6g;6g,193,4,beta,lattice,-1,,0,-1,False,angle_degree,2b;4d;6g;6g
SG193|2b;4d;6g;6g,193,5,gamma,lattice,-1,,0,-1,False,angle_degree,2b;4d;6g;6g
SG193|2b;4d;6g;6g,193,6,orbit2_fp0,wyckoff_orbit,2,6g,1,0,True,torus_fractional_coordinate,2b;4d;6g;6g
SG193|2b;4d;6g;6g,193,7,orbit3_fp0,wyckoff_orbit,3,6g,1,0,True,torus_fractional_coordinate,2b;4d;6g;6g
SG194|2a;4f;6h,194,0,lattice_a,lattice,-1,,0,-1,False,positive_length,2a;4f;6h
SG194|2a;4f;6h,194,1,lattice_b,lattice,-1,,0,-1,False,positive_length,2a;4f;6h
SG194|2a;4f;6h,194,2,lattice_c,lattice,-1,,0,-1,False,positive_length,2a;4f;6h
SG194|2a;4f;6h,194,3,alpha,lattice,-1,,0,-1,False,angle_degree,2a;4f;6h
SG194|2a;4f;6h,194,4,beta,lattice,-1,,0,-1,False,angle_degree,2a;4f;6h
SG194|2a;4f;6h,194,5,gamma,lattice,-1,,0,-1,False,angle_degree,2a;4f;6h
SG194|2a;4f;6h,194,6,orbit1_fp0,wyckoff_orbit,1,4f,1,0,True,torus_fractional_coordinate,2a;4f;6h
SG194|2a;4f;6h,194,7,orbit2_fp0,wyckoff_orbit,2,6h,1,0,True,torus_fractional_coordinate,2a;4f;6h
SG166|1b;2c;2c;3e;6h,166,0,lattice_a,lattice,-1,,0,-1,False,positive_length,1b;2c;2c;3e;6h
SG166|1b;2c;2c;3e;6h,166,1,lattice_b,lattice,-1,,0,-1,False,positive_length,1b;2c;2c;3e;6h
SG166|1b;2c;2c;3e;6h,166,2,lattice_c,lattice,-1,,0,-1,False,positive_length,1b;2c;2c;3e;6h
SG166|1b;2c;2c;3e;6h,166,3,alpha,lattice,-1,,0,-1,False,angle_degree,1b;2c;2c;3e;6h
SG166|1b;2c;2c;3e;6h,166,4,beta,lattice,-1,,0,-1,False,angle_degree,1b;2c;2c;3e;6h
SG166|1b;2c;2c;3e;6h,166,5,gamma,lattice,-1,,0,-1,False,angle_degree,1b;2c;2c;3e;6h
SG166|1b;2c;2c;3e;6h,166,6,orbit1_fp0,wyckoff_orbit,1,2c,1,0,True,torus_fractional_coordinate,1b;2c;2c;3e;6h
SG166|1b;2c;2c;3e;6h,166,7,orbit2_fp0,wyckoff_orbit,2,2c,1,0,True,torus_fractional_coordinate,1b;2c;2c;3e;6h
SG166|1b;2c;2c;3e;6h,166,8,orbit4_fp0,wyckoff_orbit,4,6h,2,0,True,torus_fractional_coordinate,1b;2c;2c;3e;6h
SG166|1b;2c;2c;3e;6h,166,9,orbit4_fp1,wyckoff_orbit,4,6h,2,1,True,torus_fractional_coordinate,1b;2c;2c;3e;6h
SG160|1a;1a;1a;1a,160,0,lattice_a,lattice,-1,,0,-1,False,positive_length,1a;1a;1a;1a
SG160|1a;1a;1a;1a,160,1,lattice_b,lattice,-1,,0,-1,False,positive_length,1a;1a;1a;1a
SG160|1a;1a;1a;1a,160,2,lattice_c,lattice,-1,,0,-1,False,positive_length,1a;1a;1a;1a
SG160|1a;1a;1a;1a,160,3,alpha,lattice,-1,,0,-1,False,angle_degree,1a;1a;1a;1a
SG160|1a;1a;1a;1a,160,4,beta,lattice,-1,,0,-1,False,angle_degree,1a;1a;1a;1a
SG160|1a;1a;1a;1a,160,5,gamma,lattice,-1,,0,-1,False,angle_degree,1a;1a;1a;1a
SG160|1a;1a;1a;1a,160,6,orbit0_fp0,wyckoff_orbit,0,1a,1,0,True,torus_fractional_coordinate,1a;1a;1a;1a
SG160|1a;1a;1a;1a,160,7,orbit1_fp0,wyckoff_orbit,1,1a,1,0,True,torus_fractional_coordinate,1a;1a;1a;1a
SG160|1a;1a;1a;1a,160,8,orbit2_fp0,wyckoff_orbit,2,1a,1,0,True,torus_fractional_coordinate,1a;1a;1a;1a
SG160|1a;1a;1a;1a,160,9,orbit3_fp0,wyckoff_orbit,3,1a,1,0,True,torus_fractional_coordinate,1a;1a;1a;1a
SG193|4d;6g;6g,193,0,lattice_a,lattice,-1,,0,-1,False,positive_length,4d;6g;6g
SG193|4d;6g;6g,193,1,lattice_b,lattice,-1,,0,-1,False,positive_length,4d;6g;6g
SG193|4d;6g;6g,193,2,lattice_c,lattice,-1,,0,-1,False,positive_length,4d;6g;6g
SG193|4d;6g;6g,193,3,alpha,lattice,-1,,0,-1,False,angle_degree,4d;6g;6g
SG193|4d;6g;6g,193,4,beta,lattice,-1,,0,-1,False,angle_degree,4d;6g;6g
SG193|4d;6g;6g,193,5,gamma,lattice,-1,,0,-1,False,angle_degree,4d;6g;6g
SG193|4d;6g;6g,193,6,orbit1_fp0,wyckoff_orbit,1,6g,1,0,True,torus_fractional_coordinate,4d;6g;6g
SG193|4d;6g;6g,193,7,orbit2_fp0,wyckoff_orbit,2,6g,1,0,True,torus_fractional_coordinate,4d;6g;6g
SG186|2a;2b;2b,186,0,lattice_a,lattice,-1,,0,-1,False,positive_length,2a;2b;2b
SG186|2a;2b;2b,186,1,lattice_b,lattice,-1,,0,-1,False,positive_length,2a;2b;2b
SG186|2a;2b;2b,186,2,lattice_c,lattice,-1,,0,-1,False,positive_length,2a;2b;2b
SG186|2a;2b;2b,186,3,alpha,lattice,-1,,0,-1,False,angle_degree,2a;2b;2b
SG186|2a;2b;2b,186,4,beta,lattice,-1,,0,-1,False,angle_degree,2a;2b;2b
SG186|2a;2b;2b,186,5,gamma,lattice,-1,,0,-1,False,angle_degree,2a;2b;2b
SG186|2a;2b;2b,186,6,orbit0_fp0,wyckoff_orbit,0,2a,1,0,True,torus_fractional_coordinate,2a;2b;2b
SG186|2a;2b;2b,186,7,orbit1_fp0,wyckoff_orbit,1,2b,1,0,True,torus_fractional_coordinate,2a;2b;2b
SG186|2a;2b;2b,186,8,orbit2_fp0,wyckoff_orbit,2,2b,1,0,True,torus_fractional_coordinate,2a;2b;2b
SG107|1a;1a;1a;2b,107,0,lattice_a,lattice,-1,,0,-1,False,positive_length,1a;1a;1a;2b
SG107|1a;1a;1a;2b,107,1,lattice_b,lattice,-1,,0,-1,False,positive_length,1a;1a;1a;2b
SG107|1a;1a;1a;2b,107,2,lattice_c,lattice,-1,,0,-1,False,positive_length,1a;1a;1a;2b
SG107|1a;1a;1a;2b,107,3,alpha,lattice,-1,,0,-1,False,angle_degree,1a;1a;1a;2b
SG107|1a;1a;1a;2b,107,4,beta,lattice,-1,,0,-1,False,angle_degree,1a;1a;1a;2b
SG107|1a;1a;1a;2b,107,5,gamma,lattice,-1,,0,-1,False,angle_degree,1a;1a;1a;2b
SG107|1a;1a;1a;2b,107,6,orbit0_fp0,wyckoff_orbit,0,1a,1,0,True,torus_fractional_coordinate,1a;1a;1a;2b
SG107|1a;1a;1a;2b,107,7,orbit1_fp0,wyckoff_orbit,1,1a,1,0,True,torus_fractional_coordinate,1a;1a;1a;2b
SG107|1a;1a;1a;2b,107,8,orbit2_fp0,wyckoff_orbit,2,1a,1,0,True,torus_fractional_coordinate,1a;1a;1a;2b
SG107|1a;1a;1a;2b,107,9,orbit3_fp0,wyckoff_orbit,3,2b,1,0,True,torus_fractional_coordinate,1a;1a;1a;2b
SG216|4e;4e;4e;6f;6g,216,0,lattice_a,lattice,-1,,0,-1,False,positive_length,4e;4e;4e;6f;6g
SG216|4e;4e;4e;6f;6g,216,1,lattice_b,lattice,-1,,0,-1,False,positive_length,4e;4e;4e;6f;6g
SG216|4e;4e;4e;6f;6g,216,2,lattice_c,lattice,-1,,0,-1,False,positive_length,4e;4e;4e;6f;6g
SG216|4e;4e;4e;6f;6g,216,3,alpha,lattice,-1,,0,-1,False,angle_degree,4e;4e;4e;6f;6g
SG216|4e;4e;4e;6f;6g,216,4,beta,lattice,-1,,0,-1,False,angle_degree,4e;4e;4e;6f;6g
SG216|4e;4e;4e;6f;6g,216,5,gamma,lattice,-1,,0,-1,False,angle_degree,4e;4e;4e;6f;6g
SG216|4e;4e;4e;6f;6g,216,6,orbit0_fp0,wyckoff_orbit,0,4e,1,0,True,torus_fractional_coordinate,4e;4e;4e;6f;6g
SG216|4e;4e;4e;6f;6g,216,7,orbit1_fp0,wyckoff_orbit,1,4e,1,0,True,torus_fractional_coordinate,4e;4e;4e;6f;6g
SG216|4e;4e;4e;6f;6g,216,8,orbit2_fp0,wyckoff_orbit,2,4e,1,0,True,torus_fractional_coordinate,4e;4e;4e;6f;6g
SG216|4e;4e;4e;6f;6g,216,9,orbit3_fp0,wyckoff_orbit,3,6f,1,0,True,torus_fractional_coordinate,4e;4e;4e;6f;6g
SG216|4e;4e;4e;6f;6g,216,10,orbit4_fp0,wyckoff_orbit,4,6g,1,0,True,torus_fractional_coordinate,4e;4e;4e;6f;6g
SG71|1a;1b;2e,71,0,lattice_a,lattice,-1,,0,-1,False,positive_length,1a;1b;2e
SG71|1a;1b;2e,71,1,lattice_b,lattice,-1,,0,-1,False,positive_length,1a;1b;2e
SG71|1a;1b;2e,71,2,lattice_c,lattice,-1,,0,-1,False,positive_length,1a;1b;2e
SG71|1a;1b;2e,71,3,alpha,lattice,-1,,0,-1,False,angle_degree,1a;1b;2e
SG71|1a;1b;2e,71,4,beta,lattice,-1,,0,-1,False,angle_degree,1a;1b;2e
SG71|1a;1b;2e,71,5,gamma,lattice,-1,,0,-1,False,angle_degree,1a;1b;2e
SG71|1a;1b;2e,71,6,orbit2_fp0,wyckoff_orbit,2,2e,1,0,True,torus_fractional_coordinate,1a;1b;2e
SG71|1a;1d;2g,71,0,lattice_a,lattice,-1,,0,-1,False,positive_length,1a;1d;2g
SG71|1a;1d;2g,71,1,lattice_b,lattice,-1,,0,-1,False,positive_length,1a;1d;2g
SG71|1a;1d;2g,71,2,lattice_c,lattice,-1,,0,-1,False,positive_length,1a;1d;2g
SG71|1a;1d;2g,71,3,alpha,lattice,-1,,0,-1,False,angle_degree,1a;1d;2g
SG71|1a;1d;2g,71,4,beta,lattice,-1,,0,-1,False,angle_degree,1a;1d;2g
SG71|1a;1d;2g,71,5,gamma,lattice,-1,,0,-1,False,angle_degree,1a;1d;2g
SG71|1a;1d;2g,71,6,orbit2_fp0,wyckoff_orbit,2,2g,1,0,True,torus_fractional_coordinate,1a;1d;2g
SG63|2c;2c,63,0,lattice_a,lattice,-1,,0,-1,False,positive_length,2c;2c
SG63|2c;2c,63,1,lattice_b,lattice,-1,,0,-1,False,positive_length,2c;2c
SG63|2c;2c,63,2,lattice_c,lattice,-1,,0,-1,False,positive_length,2c;2c
SG63|2c;2c,63,3,alpha,lattice,-1,,0,-1,False,angle_degree,2c;2c
SG63|2c;2c,63,4,beta,lattice,-1,,0,-1,False,angle_degree,2c;2c
SG63|2c;2c,63,5,gamma,lattice,-1,,0,-1,False,angle_degree,2c;2c
SG63|2c;2c,63,6,orbit0_fp0,wyckoff_orbit,0,2c,1,0,True,torus_fractional_coordinate,2c;2c
SG63|2c;2c,63,7,orbit1_fp0,wyckoff_orbit,1,2c,1,0,True,torus_fractional_coordinate,2c;2c
SG63|2c;2c,63,8,orbit2_fp0,wyckoff_orbit,2,2c,1,0,True,torus_fractional_coordinate,2c;2c
SG63|2c;2c,63,9,orbit3_fp0,wyckoff_orbit,3,2c,1,0,True,torus_fractional_coordinate,2c;2c
SG187|1a;1b;2i;3j;3k;6n,187,0,lattice_a,lattice,-1,,0,-1,False,positive_length,1a;1b;2i;3j;3k;6n
SG187|1a;1b;2i;3j;3k;6n,187,1,lattice_b,lattice,-1,,0,-1,False,positive_length,1a;1b;2i;3j;3k;6n
SG187|1a;1b;2i;3j;3k;6n,187,2,lattice_c,lattice,-1,,0,-1,False,positive_length,1a;1b;2i;3j;3k;6n
SG187|1a;1b;2i;3j;3k;6n,187,3,alpha,lattice,-1,,0,-1,False,angle_degree,1a;1b;2i;3j;3k;6n
SG187|1a;1b;2i;3j;3k;6n,187,4,beta,lattice,-1,,0,-1,False,angle_degree,1a;1b;2i;3j;3k;6n
SG187|1a;1b;2i;3j;3k;6n,187,5,gamma,lattice,-1,,0,-1,False,angle_degree,1a;1b;2i;3j;3k;6n
SG187|1a;1b;2i;3j;3k;6n,187,6,orbit2_fp0,wyckoff_orbit,2,2i,1,0,True,torus_fractional_coordinate,1a;1b;2i;3j;3k;6n
SG187|1a;1b;2i;3j;3k;6n,187,7,orbit3_fp0,wyckoff_orbit,3,3j,1,0,True,torus_fractional_coordinate,1a;1b;2i;3j;3k;6n
SG187|1a;1b;2i;3j;3k;6n,187,8,orbit4_fp0,wyckoff_orbit,4,3k,1,0,True,torus_fractional_coordinate,1a;1b;2i;3j;3k;6n
SG187|1a;1b;2i;3j;3k;6n,187,9,orbit5_fp0,wyckoff_orbit,5,6n,2,0,True,torus_fractional_coordinate,1a;1b;2i;3j;3k;6n
SG187|1a;1b;2i;3j;3k;6n,187,10,orbit5_fp1,wyckoff_orbit,5,6n,2,1,True,torus_fractional_coordinate,1a;1b;2i;3j;3k;6n
SG62|4c;4c;4c;4c,62,0,lattice_a,lattice,-1,,0,-1,False,positive_length,4c;4c;4c;4c
SG62|4c;4c;4c;4c,62,1,lattice_b,lattice,-1,,0,-1,False,positive_length,4c;4c;4c;4c
SG62|4c;4c;4c;4c,62,2,lattice_c,lattice,-1,,0,-1,False,positive_length,4c;4c;4c;4c
SG62|4c;4c;4c;4c,62,3,alpha,lattice,-1,,0,-1,False,angle_degree,4c;4c;4c;4c
SG62|4c;4c;4c;4c,62,4,beta,lattice,-1,,0,-1,False,angle_degree,4c;4c;4c;4c
SG62|4c;4c;4c;4c,62,5,gamma,lattice,-1,,0,-1,False,angle_degree,4c;4c;4c;4c
SG62|4c;4c;4c;4c,62,6,orbit0_fp0,wyckoff_orbit,0,4c,2,0,True,torus_fractional_coordinate,4c;4c;4c;4c
SG62|4c;4c;4c;4c,62,7,orbit0_fp1,wyckoff_orbit,0,4c,2,1,True,torus_fractional_coordinate,4c;4c;4c;4c
SG62|4c;4c;4c;4c,62,8,orbit1_fp0,wyckoff_orbit,1,4c,2,0,True,torus_fractional_coordinate,4c;4c;4c;4c
SG62|4c;4c;4c;4c,62,9,orbit1_fp1,wyckoff_orbit,1,4c,2,1,True,torus_fractional_coordinate,4c;4c;4c;4c
SG62|4c;4c;4c;4c,62,10,orbit2_fp0,wyckoff_orbit,2,4c,2,0,True,torus_fractional_coordinate,4c;4c;4c;4c
SG62|4c;4c;4c;4c,62,11,orbit2_fp1,wyckoff_orbit,2,4c,2,1,True,torus_fractional_coordinate,4c;4c;4c;4c
SG62|4c;4c;4c;4c,62,12,orbit3_fp0,wyckoff_orbit,3,4c,2,0,True,torus_fractional_coordinate,4c;4c;4c;4c
SG62|4c;4c;4c;4c,62,13,orbit3_fp1,wyckoff_orbit,3,4c,2,1,True,torus_fractional_coordinate,4c;4c;4c;4c
SG38|1a;1a;1b;1b;2d;2e,38,0,lattice_a,lattice,-1,,0,-1,False,positive_length,1a;1a;1b;1b;2d;2e
SG38|1a;1a;1b;1b;2d;2e,38,1,lattice_b,lattice,-1,,0,-1,False,positive_length,1a;1a;1b;1b;2d;2e
SG38|1a;1a;1b;1b;2d;2e,38,2,lattice_c,lattice,-1,,0,-1,False,positive_length,1a;1a;1b;1b;2d;2e
SG38|1a;1a;1b;1b;2d;2e,38,3,alpha,lattice,-1,,0,-1,False,angle_degree,1a;1a;1b;1b;2d;2e
SG38|1a;1a;1b;1b;2d;2e,38,4,beta,lattice,-1,,0,-1,False,angle_degree,1a;1a;1b;1b;2d;2e
SG38|1a;1a;1b;1b;2d;2e,38,5,gamma,lattice,-1,,0,-1,False,angle_degree,1a;1a;1b;1b;2d;2e
SG38|1a;1a;1b;1b;2d;2e,38,6,orbit0_fp0,wyckoff_orbit,0,1a,1,0,True,torus_fractional_coordinate,1a;1a;1b;1b;2d;2e
SG38|1a;1a;1b;1b;2d;2e,38,7,orbit1_fp0,wyckoff_orbit,1,1a,1,0,True,torus_fractional_coordinate,1a;1a;1b;1b;2d;2e
SG38|1a;1a;1b;1b;2d;2e,38,8,orbit2_fp0,wyckoff_orbit,2,1b,1,0,True,torus_fractional_coordinate,1a;1a;1b;1b;2d;2e
SG38|1a;1a;1b;1b;2d;2e,38,9,orbit3_fp0,wyckoff_orbit,3,1b,1,0,True,torus_fractional_coordinate,1a;1a;1b;1b;2d;2e
SG38|1a;1a;1b;1b;2d;2e,38,10,orbit4_fp0,wyckoff_orbit,4,2d,2,0,True,torus_fractional_coordinate,1a;1a;1b;1b;2d;2e
SG38|1a;1a;1b;1b;2d;2e,38,11,orbit4_fp1,wyckoff_orbit,4,2d,2,1,True,torus_fractional_coordinate,1a;1a;1b;1b;2d;2e
SG38|1a;1a;1b;1b;2d;2e,38,12,orbit5_fp0,wyckoff_orbit,5,2e,2,0,True,torus_fractional_coordinate,1a;1a;1b;1b;2d;2e
SG38|1a;1a;1b;1b;2d;2e,38,13,orbit5_fp1,wyckoff_orbit,5,2e,2,1,True,torus_fractional_coordinate,1a;1a;1b;1b;2d;2e
SG62|4c;4c;8d,62,0,lattice_a,lattice,-1,,0,-1,False,positive_length,4c;4c;8d
SG62|4c;4c;8d,62,1,lattice_b,lattice,-1,,0,-1,False,positive_length,4c;4c;8d
SG62|4c;4c;8d,62,2,lattice_c,lattice,-1,,0,-1,False,positive_length,4c;4c;8d
SG62|4c;4c;8d,62,3,alpha,lattice,-1,,0,-1,False,angle_degree,4c;4c;8d
SG62|4c;4c;8d,62,4,beta,lattice,-1,,0,-1,False,angle_degree,4c;4c;8d
SG62|4c;4c;8d,62,5,gamma,lattice,-1,,0,-1,False,angle_degree,4c;4c;8d
SG62|4c;4c;8d,62,6,orbit0_fp0,wyckoff_orbit,0,4c,2,0,True,torus_fractional_coordinate,4c;4c;8d
SG62|4c;4c;8d,62,7,orbit0_fp1,wyckoff_orbit,0,4c,2,1,True,torus_fractional_coordinate,4c;4c;8d
SG62|4c;4c;8d,62,8,orbit1_fp0,wyckoff_orbit,1,4c,2,0,True,torus_fractional_coordinate,4c;4c;8d
SG62|4c;4c;8d,62,9,orbit1_fp1,wyckoff_orbit,1,4c,2,1,True,torus_fractional_coordinate,4c;4c;8d
SG62|4c;4c;8d,62,10,orbit2_fp0,wyckoff_orbit,2,8d,3,0,True,torus_fractional_coordinate,4c;4c;8d
SG62|4c;4c;8d,62,11,orbit2_fp1,wyckoff_orbit,2,8d,3,1,True,torus_fractional_coordinate,4c;4c;8d
SG62|4c;4c;8d,62,12,orbit2_fp2,wyckoff_orbit,2,8d,3,2,True,torus_fractional_coordinate,4c;4c;8d
SG12|1a;2i;2i;2i,12,0,lattice_a,lattice,-1,,0,-1,False,positive_length,1a;2i;2i;2i
SG12|1a;2i;2i;2i,12,1,lattice_b,lattice,-1,,0,-1,False,positive_length,1a;2i;2i;2i
SG12|1a;2i;2i;2i,12,2,lattice_c,lattice,-1,,0,-1,False,positive_length,1a;2i;2i;2i
SG12|1a;2i;2i;2i,12,3,alpha,lattice,-1,,0,-1,False,angle_degree,1a;2i;2i;2i
SG12|1a;2i;2i;2i,12,4,beta,lattice,-1,,0,-1,False,angle_degree,1a;2i;2i;2i
SG12|1a;2i;2i;2i,12,5,gamma,lattice,-1,,0,-1,False,angle_degree,1a;2i;2i;2i
SG12|1a;2i;2i;2i,12,6,orbit1_fp0,wyckoff_orbit,1,2i,2,0,True,torus_fractional_coordinate,1a;2i;2i;2i
SG12|1a;2i;2i;2i,12,7,orbit1_fp1,wyckoff_orbit,1,2i,2,1,True,torus_fractional_coordinate,1a;2i;2i;2i
SG12|1a;2i;2i;2i,12,8,orbit2_fp0,wyckoff_orbit,2,2i,2,0,True,torus_fractional_coordinate,1a;2i;2i;2i
SG12|1a;2i;2i;2i,12,9,orbit2_fp1,wyckoff_orbit,2,2i,2,1,True,torus_fractional_coordinate,1a;2i;2i;2i
SG12|1a;2i;2i;2i,12,10,orbit3_fp0,wyckoff_orbit,3,2i,2,0,True,torus_fractional_coordinate,1a;2i;2i;2i
SG12|1a;2i;2i;2i,12,11,orbit3_fp1,wyckoff_orbit,3,2i,2,1,True,torus_fractional_coordinate,1a;2i;2i;2i
SG63|2c;2c;4f;4f;4f,63,0,lattice_a,lattice,-1,,0,-1,False,positive_length,2c;2c;4f;4f;4f
SG63|2c;2c;4f;4f;4f,63,1,lattice_b,lattice,-1,,0,-1,False,positive_length,2c;2c;4f;4f;4f
SG63|2c;2c;4f;4f;4f,63,2,lattice_c,lattice,-1,,0,-1,False,positive_length,2c;2c;4f;4f;4f
SG63|2c;2c;4f;4f;4f,63,3,alpha,lattice,-1,,0,-1,False,angle_degree,2c;2c;4f;4f;4f
SG63|2c;2c;4f;4f;4f,63,4,beta,lattice,-1,,0,-1,False,angle_degree,2c;2c;4f;4f;4f
SG63|2c;2c;4f;4f;4f,63,5,gamma,lattice,-1,,0,-1,False,angle_degree,2c;2c;4f;4f;4f
SG63|2c;2c;4f;4f;4f,63,6,orbit0_fp0,wyckoff_orbit,0,2c,1,0,True,torus_fractional_coordinate,2c;2c;4f;4f;4f
SG63|2c;2c;4f;4f;4f,63,7,orbit1_fp0,wyckoff_orbit,1,2c,1,0,True,torus_fractional_coordinate,2c;2c;4f;4f;4f
SG63|2c;2c;4f;4f;4f,63,8,orbit2_fp0,wyckoff_orbit,2,4f,2,0,True,torus_fractional_coordinate,2c;2c;4f;4f;4f
SG63|2c;2c;4f;4f;4f,63,9,orbit2_fp1,wyckoff_orbit,2,4f,2,1,True,torus_fractional_coordinate,2c;2c;4f;4f;4f
SG63|2c;2c;4f;4f;4f,63,10,orbit3_fp0,wyckoff_orbit,3,4f,2,0,True,torus_fractional_coordinate,2c;2c;4f;4f;4f
SG63|2c;2c;4f;4f;4f,63,11,orbit3_fp1,wyckoff_orbit,3,4f,2,1,True,torus_fractional_coordinate,2c;2c;4f;4f;4f
SG63|2c;2c;4f;4f;4f,63,12,orbit4_fp0,wyckoff_orbit,4,4f,2,0,True,torus_fractional_coordinate,2c;2c;4f;4f;4f
SG63|2c;2c;4f;4f;4f,63,13,orbit4_fp1,wyckoff_orbit,4,4f,2,1,True,torus_fractional_coordinate,2c;2c;4f;4f;4f
SG14|4e;4e;4e;4e;4e;4e;4e,14,0,lattice_a,lattice,-1,,0,-1,False,positive_length,4e;4e;4e;4e;4e;4e;4e
SG14|4e;4e;4e;4e;4e;4e;4e,14,1,lattice_b,lattice,-1,,0,-1,False,positive_length,4e;4e;4e;4e;4e;4e;4e
SG14|4e;4e;4e;4e;4e;4e;4e,14,2,lattice_c,lattice,-1,,0,-1,False,positive_length,4e;4e;4e;4e;4e;4e;4e
SG14|4e;4e;4e;4e;4e;4e;4e,14,3,alpha,lattice,-1,,0,-1,False,angle_degree,4e;4e;4e;4e;4e;4e;4e
SG14|4e;4e;4e;4e;4e;4e;4e,14,4,beta,lattice,-1,,0,-1,False,angle_degree,4e;4e;4e;4e;4e;4e;4e
SG14|4e;4e;4e;4e;4e;4e;4e,14,5,gamma,lattice,-1,,0,-1,False,angle_degree,4e;4e;4e;4e;4e;4e;4e
SG14|4e;4e;4e;4e;4e;4e;4e,14,6,orbit0_fp0,wyckoff_orbit,0,4e,3,0,True,torus_fractional_coordinate,4e;4e;4e;4e;4e;4e;4e
SG14|4e;4e;4e;4e;4e;4e;4e,14,7,orbit0_fp1,wyckoff_orbit,0,4e,3,1,True,torus_fractional_coordinate,4e;4e;4e;4e;4e;4e;4e
SG14|4e;4e;4e;4e;4e;4e;4e,14,8,orbit0_fp2,wyckoff_orbit,0,4e,3,2,True,torus_fractional_coordinate,4e;4e;4e;4e;4e;4e;4e
SG14|4e;4e;4e;4e;4e;4e;4e,14,9,orbit1_fp0,wyckoff_orbit,1,4e,3,0,True,torus_fractional_coordinate,4e;4e;4e;4e;4e;4e;4e
SG14|4e;4e;4e;4e;4e;4e;4e,14,10,orbit1_fp1,wyckoff_orbit,1,4e,3,1,True,torus_fractional_coordinate,4e;4e;4e;4e;4e;4e;4e
SG14|4e;4e;4e;4e;4e;4e;4e,14,11,orbit1_fp2,wyckoff_orbit,1,4e,3,2,True,torus_fractional_coordinate,4e;4e;4e;4e;4e;4e;4e
SG14|4e;4e;4e;4e;4e;4e;4e,14,12,orbit2_fp0,wyckoff_orbit,2,4e,3,0,True,torus_fractional_coordinate,4e;4e;4e;4e;4e;4e;4e
SG14|4e;4e;4e;4e;4e;4e;4e,14,13,orbit2_fp1,wyckoff_orbit,2,4e,3,1,True,torus_fractional_coordinate,4e;4e;4e;4e;4e;4e;4e
SG14|4e;4e;4e;4e;4e;4e;4e,14,14,orbit2_fp2,wyckoff_orbit,2,4e,3,2,True,torus_fractional_coordinate,4e;4e;4e;4e;4e;4e;4e
SG14|4e;4e;4e;4e;4e;4e;4e,14,15,orbit3_fp0,wyckoff_orbit,3,4e,3,0,True,torus_fractional_coordinate,4e;4e;4e;4e;4e;4e;4e
SG14|4e;4e;4e;4e;4e;4e;4e,14,16,orbit3_fp1,wyckoff_orbit,3,4e,3,1,True,torus_fractional_coordinate,4e;4e;4e;4e;4e;4e;4e
SG14|4e;4e;4e;4e;4e;4e;4e,14,17,orbit3_fp2,wyckoff_orbit,3,4e,3,2,True,torus_fractional_coordinate,4e;4e;4e;4e;4e;4e;4e
SG14|4e;4e;4e;4e;4e;4e;4e,14,18,orbit4_fp0,wyckoff_orbit,4,4e,3,0,True,torus_fractional_coordinate,4e;4e;4e;4e;4e;4e;4e
SG14|4e;4e;4e;4e;4e;4e;4e,14,19,orbit4_fp1,wyckoff_orbit,4,4e,3,1,True,torus_fractional_coordinate,4e;4e;4e;4e;4e;4e;4e
SG14|4e;4e;4e;4e;4e;4e;4e,14,20,orbit4_fp2,wyckoff_orbit,4,4e,3,2,True,torus_fractional_coordinate,4e;4e;4e;4e;4e;4e;4e
SG14|4e;4e;4e;4e;4e;4e;4e,14,21,orbit5_fp0,wyckoff_orbit,5,4e,3,0,True,torus_fractional_coordinate,4e;4e;4e;4e;4e;4e;4e
SG14|4e;4e;4e;4e;4e;4e;4e,14,22,orbit5_fp1,wyckoff_orbit,5,4e,3,1,True,torus_fractional_coordinate,4e;4e;4e;4e;4e;4e;4e
SG14|4e;4e;4e;4e;4e;4e;4e,14,23,orbit5_fp2,wyckoff_orbit,5,4e,3,2,True,torus_fractional_coordinate,4e;4e;4e;4e;4e;4e;4e
SG14|4e;4e;4e;4e;4e;4e;4e,14,24,orbit6_fp0,wyckoff_orbit,6,4e,3,0,True,torus_fractional_coordinate,4e;4e;4e;4e;4e;4e;4e
SG14|4e;4e;4e;4e;4e;4e;4e,14,25,orbit6_fp1,wyckoff_orbit,6,4e,3,1,True,torus_fractional_coordinate,4e;4e;4e;4e;4e;4e;4e
SG14|4e;4e;4e;4e;4e;4e;4e,14,26,orbit6_fp2,wyckoff_orbit,6,4e,3,2,True,torus_fractional_coordinate,4e;4e;4e;4e;4e;4e;4e
SG173|2a;2b;2b;6c;6c;6c,173,0,lattice_a,lattice,-1,,0,-1,False,positive_length,2a;2b;2b;6c;6c;6c
SG173|2a;2b;2b;6c;6c;6c,173,1,lattice_b,lattice,-1,,0,-1,False,positive_length,2a;2b;2b;6c;6c;6c
SG173|2a;2b;2b;6c;6c;6c,173,2,lattice_c,lattice,-1,,0,-1,False,positive_length,2a;2b;2b;6c;6c;6c
SG173|2a;2b;2b;6c;6c;6c,173,3,alpha,lattice,-1,,0,-1,False,angle_degree,2a;2b;2b;6c;6c;6c
SG173|2a;2b;2b;6c;6c;6c,173,4,beta,lattice,-1,,0,-1,False,angle_degree,2a;2b;2b;6c;6c;6c
SG173|2a;2b;2b;6c;6c;6c,173,5,gamma,lattice,-1,,0,-1,False,angle_degree,2a;2b;2b;6c;6c;6c
SG173|2a;2b;2b;6c;6c;6c,173,6,orbit0_fp0,wyckoff_orbit,0,2a,1,0,True,torus_fractional_coordinate,2a;2b;2b;6c;6c;6c
SG173|2a;2b;2b;6c;6c;6c,173,7,orbit1_fp0,wyckoff_orbit,1,2b,1,0,True,torus_fractional_coordinate,2a;2b;2b;6c;6c;6c
SG173|2a;2b;2b;6c;6c;6c,173,8,orbit2_fp0,wyckoff_orbit,2,2b,1,0,True,torus_fractional_coordinate,2a;2b;2b;6c;6c;6c
SG173|2a;2b;2b;6c;6c;6c,173,9,orbit3_fp0,wyckoff_orbit,3,6c,3,0,True,torus_fractional_coordinate,2a;2b;2b;6c;6c;6c
SG173|2a;2b;2b;6c;6c;6c,173,10,orbit3_fp1,wyckoff_orbit,3,6c,3,1,True,torus_fractional_coordinate,2a;2b;2b;6c;6c;6c
SG173|2a;2b;2b;6c;6c;6c,173,11,orbit3_fp2,wyckoff_orbit,3,6c,3,2,True,torus_fractional_coordinate,2a;2b;2b;6c;6c;6c
SG173|2a;2b;2b;6c;6c;6c,173,12,orbit4_fp0,wyckoff_orbit,4,6c,3,0,True,torus_fractional_coordinate,2a;2b;2b;6c;6c;6c
SG173|2a;2b;2b;6c;6c;6c,173,13,orbit4_fp1,wyckoff_orbit,4,6c,3,1,True,torus_fractional_coordinate,2a;2b;2b;6c;6c;6c
SG173|2a;2b;2b;6c;6c;6c,173,14,orbit4_fp2,wyckoff_orbit,4,6c,3,2,True,torus_fractional_coordinate,2a;2b;2b;6c;6c;6c
SG173|2a;2b;2b;6c;6c;6c,173,15,orbit5_fp0,wyckoff_orbit,5,6c,3,0,True,torus_fractional_coordinate,2a;2b;2b;6c;6c;6c
SG173|2a;2b;2b;6c;6c;6c,173,16,orbit5_fp1,wyckoff_orbit,5,6c,3,1,True,torus_fractional_coordinate,2a;2b;2b;6c;6c;6c
SG173|2a;2b;2b;6c;6c;6c,173,17,orbit5_fp2,wyckoff_orbit,5,6c,3,2,True,torus_fractional_coordinate,2a;2b;2b;6c;6c;6c
SG62|4c;4c;4c;4c;4c;4c;4c;4c;4c,62,0,lattice_a,lattice,-1,,0,-1,False,positive_length,4c;4c;4c;4c;4c;4c;4c;4c;4c
SG62|4c;4c;4c;4c;4c;4c;4c;4c;4c,62,1,lattice_b,lattice,-1,,0,-1,False,positive_length,4c;4c;4c;4c;4c;4c;4c;4c;4c
SG62|4c;4c;4c;4c;4c;4c;4c;4c;4c,62,2,lattice_c,lattice,-1,,0,-1,False,positive_length,4c;4c;4c;4c;4c;4c;4c;4c;4c
SG62|4c;4c;4c;4c;4c;4c;4c;4c;4c,62,3,alpha,lattice,-1,,0,-1,False,angle_degree,4c;4c;4c;4c;4c;4c;4c;4c;4c
SG62|4c;4c;4c;4c;4c;4c;4c;4c;4c,62,4,beta,lattice,-1,,0,-1,False,angle_degree,4c;4c;4c;4c;4c;4c;4c;4c;4c
SG62|4c;4c;4c;4c;4c;4c;4c;4c;4c,62,5,gamma,lattice,-1,,0,-1,False,angle_degree,4c;4c;4c;4c;4c;4c;4c;4c;4c
SG62|4c;4c;4c;4c;4c;4c;4c;4c;4c,62,6,orbit0_fp0,wyckoff_orbit,0,4c,2,0,True,torus_fractional_coordinate,4c;4c;4c;4c;4c;4c;4c;4c;4c
SG62|4c;4c;4c;4c;4c;4c;4c;4c;4c,62,7,orbit0_fp1,wyckoff_orbit,0,4c,2,1,True,torus_fractional_coordinate,4c;4c;4c;4c;4c;4c;4c;4c;4c
SG62|4c;4c;4c;4c;4c;4c;4c;4c;4c,62,8,orbit1_fp0,wyckoff_orbit,1,4c,2,0,True,torus_fractional_coordinate,4c;4c;4c;4c;4c;4c;4c;4c;4c
SG62|4c;4c;4c;4c;4c;4c;4c;4c;4c,62,9,orbit1_fp1,wyckoff_orbit,1,4c,2,1,True,torus_fractional_coordinate,4c;4c;4c;4c;4c;4c;4c;4c;4c
SG62|4c;4c;4c;4c;4c;4c;4c;4c;4c,62,10,orbit2_fp0,wyckoff_orbit,2,4c,2,0,True,torus_fractional_coordinate,4c;4c;4c;4c;4c;4c;4c;4c;4c
SG62|4c;4c;4c;4c;4c;4c;4c;4c;4c,62,11,orbit2_fp1,wyckoff_orbit,2,4c,2,1,True,torus_fractional_coordinate,4c;4c;4c;4c;4c;4c;4c;4c;4c
SG62|4c;4c;4c;4c;4c;4c;4c;4c;4c,62,12,orbit3_fp0,wyckoff_orbit,3,4c,2,0,True,torus_fractional_coordinate,4c;4c;4c;4c;4c;4c;4c;4c;4c
SG62|4c;4c;4c;4c;4c;4c;4c;4c;4c,62,13,orbit3_fp1,wyckoff_orbit,3,4c,2,1,True,torus_fractional_coordinate,4c;4c;4c;4c;4c;4c;4c;4c;4c
SG62|4c;4c;4c;4c;4c;4c;4c;4c;4c,62,14,orbit4_fp0,wyckoff_orbit,4,4c,2,0,True,torus_fractional_coordinate,4c;4c;4c;4c;4c;4c;4c;4c;4c
SG62|4c;4c;4c;4c;4c;4c;4c;4c;4c,62,15,orbit4_fp1,wyckoff_orbit,4,4c,2,1,True,torus_fractional_coordinate,4c;4c;4c;4c;4c;4c;4c;4c;4c
SG62|4c;4c;4c;4c;4c;4c;4c;4c;4c,62,16,orbit5_fp0,wyckoff_orbit,5,4c,2,0,True,torus_fractional_coordinate,4c;4c;4c;4c;4c;4c;4c;4c;4c
SG62|4c;4c;4c;4c;4c;4c;4c;4c;4c,62,17,orbit5_fp1,wyckoff_orbit,5,4c,2,1,True,torus_fractional_coordinate,4c;4c;4c;4c;4c;4c;4c;4c;4c
SG62|4c;4c;4c;4c;4c;4c;4c;4c;4c,62,18,orbit6_fp0,wyckoff_orbit,6,4c,2,0,True,torus_fractional_coordinate,4c;4c;4c;4c;4c;4c;4c;4c;4c
SG62|4c;4c;4c;4c;4c;4c;4c;4c;4c,62,19,orbit6_fp1,wyckoff_orbit,6,4c,2,1,True,torus_fractional_coordinate,4c;4c;4c;4c;4c;4c;4c;4c;4c
SG62|4c;4c;4c;4c;4c;4c;4c;4c;4c,62,20,orbit7_fp0,wyckoff_orbit,7,4c,2,0,True,torus_fractional_coordinate,4c;4c;4c;4c;4c;4c;4c;4c;4c
SG62|4c;4c;4c;4c;4c;4c;4c;4c;4c,62,21,orbit7_fp1,wyckoff_orbit,7,4c,2,1,True,torus_fractional_coordinate,4c;4c;4c;4c;4c;4c;4c;4c;4c
SG62|4c;4c;4c;4c;4c;4c;4c;4c;4c,62,22,orbit8_fp0,wyckoff_orbit,8,4c,2,0,True,torus_fractional_coordinate,4c;4c;4c;4c;4c;4c;4c;4c;4c
SG62|4c;4c;4c;4c;4c;4c;4c;4c;4c,62,23,orbit8_fp1,wyckoff_orbit,8,4c,2,1,True,torus_fractional_coordinate,4c;4c;4c;4c;4c;4c;4c;4c;4c
SG14|4e;4e;4e;4e;4e;4e;4e;4e;4e,14,0,lattice_a,lattice,-1,,0,-1,False,positive_length,4e;4e;4e;4e;4e;4e;4e;4e;4e
SG14|4e;4e;4e;4e;4e;4e;4e;4e;4e,14,1,lattice_b,lattice,-1,,0,-1,False,positive_length,4e;4e;4e;4e;4e;4e;4e;4e;4e
SG14|4e;4e;4e;4e;4e;4e;4e;4e;4e,14,2,lattice_c,lattice,-1,,0,-1,False,positive_length,4e;4e;4e;4e;4e;4e;4e;4e;4e
SG14|4e;4e;4e;4e;4e;4e;4e;4e;4e,14,3,alpha,lattice,-1,,0,-1,False,angle_degree,4e;4e;4e;4e;4e;4e;4e;4e;4e
SG14|4e;4e;4e;4e;4e;4e;4e;4e;4e,14,4,beta,lattice,-1,,0,-1,False,angle_degree,4e;4e;4e;4e;4e;4e;4e;4e;4e
SG14|4e;4e;4e;4e;4e;4e;4e;4e;4e,14,5,gamma,lattice,-1,,0,-1,False,angle_degree,4e;4e;4e;4e;4e;4e;4e;4e;4e
SG14|4e;4e;4e;4e;4e;4e;4e;4e;4e,14,6,orbit0_fp0,wyckoff_orbit,0,4e,3,0,True,torus_fractional_coordinate,4e;4e;4e;4e;4e;4e;4e;4e;4e
SG14|4e;4e;4e;4e;4e;4e;4e;4e;4e,14,7,orbit0_fp1,wyckoff_orbit,0,4e,3,1,True,torus_fractional_coordinate,4e;4e;4e;4e;4e;4e;4e;4e;4e
SG14|4e;4e;4e;4e;4e;4e;4e;4e;4e,14,8,orbit0_fp2,wyckoff_orbit,0,4e,3,2,True,torus_fractional_coordinate,4e;4e;4e;4e;4e;4e;4e;4e;4e
SG14|4e;4e;4e;4e;4e;4e;4e;4e;4e,14,9,orbit1_fp0,wyckoff_orbit,1,4e,3,0,True,torus_fractional_coordinate,4e;4e;4e;4e;4e;4e;4e;4e;4e
SG14|4e;4e;4e;4e;4e;4e;4e;4e;4e,14,10,orbit1_fp1,wyckoff_orbit,1,4e,3,1,True,torus_fractional_coordinate,4e;4e;4e;4e;4e;4e;4e;4e;4e
SG14|4e;4e;4e;4e;4e;4e;4e;4e;4e,14,11,orbit1_fp2,wyckoff_orbit,1,4e,3,2,True,torus_fractional_coordinate,4e;4e;4e;4e;4e;4e;4e;4e;4e
SG14|4e;4e;4e;4e;4e;4e;4e;4e;4e,14,12,orbit2_fp0,wyckoff_orbit,2,4e,3,0,True,torus_fractional_coordinate,4e;4e;4e;4e;4e;4e;4e;4e;4e
SG14|4e;4e;4e;4e;4e;4e;4e;4e;4e,14,13,orbit2_fp1,wyckoff_orbit,2,4e,3,1,True,torus_fractional_coordinate,4e;4e;4e;4e;4e;4e;4e;4e;4e
SG14|4e;4e;4e;4e;4e;4e;4e;4e;4e,14,14,orbit2_fp2,wyckoff_orbit,2,4e,3,2,True,torus_fractional_coordinate,4e;4e;4e;4e;4e;4e;4e;4e;4e
SG14|4e;4e;4e;4e;4e;4e;4e;4e;4e,14,15,orbit3_fp0,wyckoff_orbit,3,4e,3,0,True,torus_fractional_coordinate,4e;4e;4e;4e;4e;4e;4e;4e;4e
SG14|4e;4e;4e;4e;4e;4e;4e;4e;4e,14,16,orbit3_fp1,wyckoff_orbit,3,4e,3,1,True,torus_fractional_coordinate,4e;4e;4e;4e;4e;4e;4e;4e;4e
SG14|4e;4e;4e;4e;4e;4e;4e;4e;4e,14,17,orbit3_fp2,wyckoff_orbit,3,4e,3,2,True,torus_fractional_coordinate,4e;4e;4e;4e;4e;4e;4e;4e;4e
SG14|4e;4e;4e;4e;4e;4e;4e;4e;4e,14,18,orbit4_fp0,wyckoff_orbit,4,4e,3,0,True,torus_fractional_coordinate,4e;4e;4e;4e;4e;4e;4e;4e;4e
SG14|4e;4e;4e;4e;4e;4e;4e;4e;4e,14,19,orbit4_fp1,wyckoff_orbit,4,4e,3,1,True,torus_fractional_coordinate,4e;4e;4e;4e;4e;4e;4e;4e;4e
SG14|4e;4e;4e;4e;4e;4e;4e;4e;4e,14,20,orbit4_fp2,wyckoff_orbit,4,4e,3,2,True,torus_fractional_coordinate,4e;4e;4e;4e;4e;4e;4e;4e;4e
SG14|4e;4e;4e;4e;4e;4e;4e;4e;4e,14,21,orbit5_fp0,wyckoff_orbit,5,4e,3,0,True,torus_fractional_coordinate,4e;4e;4e;4e;4e;4e;4e;4e;4e
SG14|4e;4e;4e;4e;4e;4e;4e;4e;4e,14,22,orbit5_fp1,wyckoff_orbit,5,4e,3,1,True,torus_fractional_coordinate,4e;4e;4e;4e;4e;4e;4e;4e;4e
SG14|4e;4e;4e;4e;4e;4e;4e;4e;4e,14,23,orbit5_fp2,wyckoff_orbit,5,4e,3,2,True,torus_fractional_coordinate,4e;4e;4e;4e;4e;4e;4e;4e;4e
SG14|4e;4e;4e;4e;4e;4e;4e;4e;4e,14,24,orbit6_fp0,wyckoff_orbit,6,4e,3,0,True,torus_fractional_coordinate,4e;4e;4e;4e;4e;4e;4e;4e;4e
SG14|4e;4e;4e;4e;4e;4e;4e;4e;4e,14,25,orbit6_fp1,wyckoff_orbit,6,4e,3,1,True,torus_fractional_coordinate,4e;4e;4e;4e;4e;4e;4e;4e;4e
SG14|4e;4e;4e;4e;4e;4e;4e;4e;4e,14,26,orbit6_fp2,wyckoff_orbit,6,4e,3,2,True,torus_fractional_coordinate,4e;4e;4e;4e;4e;4e;4e;4e;4e
SG14|4e;4e;4e;4e;4e;4e;4e;4e;4e,14,27,orbit7_fp0,wyckoff_orbit,7,4e,3,0,True,torus_fractional_coordinate,4e;4e;4e;4e;4e;4e;4e;4e;4e
SG14|4e;4e;4e;4e;4e;4e;4e;4e;4e,14,28,orbit7_fp1,wyckoff_orbit,7,4e,3,1,True,torus_fractional_coordinate,4e;4e;4e;4e;4e;4e;4e;4e;4e
SG14|4e;4e;4e;4e;4e;4e;4e;4e;4e,14,29,orbit7_fp2,wyckoff_orbit,7,4e,3,2,True,torus_fractional_coordinate,4e;4e;4e;4e;4e;4e;4e;4e;4e
SG14|4e;4e;4e;4e;4e;4e;4e;4e;4e,14,30,orbit8_fp0,wyckoff_orbit,8,4e,3,0,True,torus_fractional_coordinate,4e;4e;4e;4e;4e;4e;4e;4e;4e
SG14|4e;4e;4e;4e;4e;4e;4e;4e;4e,14,31,orbit8_fp1,wyckoff_orbit,8,4e,3,1,True,torus_fractional_coordinate,4e;4e;4e;4e;4e;4e;4e;4e;4e
SG14|4e;4e;4e;4e;4e;4e;4e;4e;4e,14,32,orbit8_fp2,wyckoff_orbit,8,4e,3,2,True,torus_fractional_coordinate,4e;4e;4e;4e;4e;4e;4e;4e;4e
SG14|4e;4e;4e;4e;4e;4e;4e;4e;4e;4e,14,0,lattice_a,lattice,-1,,0,-1,False,positive_length,4e;4e;4e;4e;4e;4e;4e;4e;4e;4e
SG14|4e;4e;4e;4e;4e;4e;4e;4e;4e;4e,14,1,lattice_b,lattice,-1,,0,-1,False,positive_length,4e;4e;4e;4e;4e;4e;4e;4e;4e;4e
SG14|4e;4e;4e;4e;4e;4e;4e;4e;4e;4e,14,2,lattice_c,lattice,-1,,0,-1,False,positive_length,4e;4e;4e;4e;4e;4e;4e;4e;4e;4e
SG14|4e;4e;4e;4e;4e;4e;4e;4e;4e;4e,14,3,alpha,lattice,-1,,0,-1,False,angle_degree,4e;4e;4e;4e;4e;4e;4e;4e;4e;4e
SG14|4e;4e;4e;4e;4e;4e;4e;4e;4e;4e,14,4,beta,lattice,-1,,0,-1,False,angle_degree,4e;4e;4e;4e;4e;4e;4e;4e;4e;4e
SG14|4e;4e;4e;4e;4e;4e;4e;4e;4e;4e,14,5,gamma,lattice,-1,,0,-1,False,angle_degree,4e;4e;4e;4e;4e;4e;4e;4e;4e;4e
SG14|4e;4e;4e;4e;4e;4e;4e;4e;4e;4e,14,6,orbit0_fp0,wyckoff_orbit,0,4e,3,0,True,torus_fractional_coordinate,4e;4e;4e;4e;4e;4e;4e;4e;4e;4e
SG14|4e;4e;4e;4e;4e;4e;4e;4e;4e;4e,14,7,orbit0_fp1,wyckoff_orbit,0,4e,3,1,True,torus_fractional_coordinate,4e;4e;4e;4e;4e;4e;4e;4e;4e;4e
SG14|4e;4e;4e;4e;4e;4e;4e;4e;4e;4e,14,8,orbit0_fp2,wyckoff_orbit,0,4e,3,2,True,torus_fractional_coordinate,4e;4e;4e;4e;4e;4e;4e;4e;4e;4e
SG14|4e;4e;4e;4e;4e;4e;4e;4e;4e;4e,14,9,orbit1_fp0,wyckoff_orbit,1,4e,3,0,True,torus_fractional_coordinate,4e;4e;4e;4e;4e;4e;4e;4e;4e;4e
SG14|4e;4e;4e;4e;4e;4e;4e;4e;4e;4e,14,10,orbit1_fp1,wyckoff_orbit,1,4e,3,1,True,torus_fractional_coordinate,4e;4e;4e;4e;4e;4e;4e;4e;4e;4e
SG14|4e;4e;4e;4e;4e;4e;4e;4e;4e;4e,14,11,orbit1_fp2,wyckoff_orbit,1,4e,3,2,True,torus_fractional_coordinate,4e;4e;4e;4e;4e;4e;4e;4e;4e;4e
SG14|4e;4e;4e;4e;4e;4e;4e;4e;4e;4e,14,12,orbit2_fp0,wyckoff_orbit,2,4e,3,0,True,torus_fractional_coordinate,4e;4e;4e;4e;4e;4e;4e;4e;4e;4e
SG14|4e;4e;4e;4e;4e;4e;4e;4e;4e;4e,14,13,orbit2_fp1,wyckoff_orbit,2,4e,3,1,True,torus_fractional_coordinate,4e;4e;4e;4e;4e;4e;4e;4e;4e;4e
SG14|4e;4e;4e;4e;4e;4e;4e;4e;4e;4e,14,14,orbit2_fp2,wyckoff_orbit,2,4e,3,2,True,torus_fractional_coordinate,4e;4e;4e;4e;4e;4e;4e;4e;4e;4e
SG14|4e;4e;4e;4e;4e;4e;4e;4e;4e;4e,14,15,orbit3_fp0,wyckoff_orbit,3,4e,3,0,True,torus_fractional_coordinate,4e;4e;4e;4e;4e;4e;4e;4e;4e;4e
SG14|4e;4e;4e;4e;4e;4e;4e;4e;4e;4e,14,16,orbit3_fp1,wyckoff_orbit,3,4e,3,1,True,torus_fractional_coordinate,4e;4e;4e;4e;4e;4e;4e;4e;4e;4e
SG14|4e;4e;4e;4e;4e;4e;4e;4e;4e;4e,14,17,orbit3_fp2,wyckoff_orbit,3,4e,3,2,True,torus_fractional_coordinate,4e;4e;4e;4e;4e;4e;4e;4e;4e;4e
SG14|4e;4e;4e;4e;4e;4e;4e;4e;4e;4e,14,18,orbit4_fp0,wyckoff_orbit,4,4e,3,0,True,torus_fractional_coordinate,4e;4e;4e;4e;4e;4e;4e;4e;4e;4e
SG14|4e;4e;4e;4e;4e;4e;4e;4e;4e;4e,14,19,orbit4_fp1,wyckoff_orbit,4,4e,3,1,True,torus_fractional_coordinate,4e;4e;4e;4e;4e;4e;4e;4e;4e;4e
SG14|4e;4e;4e;4e;4e;4e;4e;4e;4e;4e,14,20,orbit4_fp2,wyckoff_orbit,4,4e,3,2,True,torus_fractional_coordinate,4e;4e;4e;4e;4e;4e;4e;4e;4e;4e
SG14|4e;4e;4e;4e;4e;4e;4e;4e;4e;4e,14,21,orbit5_fp0,wyckoff_orbit,5,4e,3,0,True,torus_fractional_coordinate,4e;4e;4e;4e;4e;4e;4e;4e;4e;4e
SG14|4e;4e;4e;4e;4e;4e;4e;4e;4e;4e,14,22,orbit5_fp1,wyckoff_orbit,5,4e,3,1,True,torus_fractional_coordinate,4e;4e;4e;4e;4e;4e;4e;4e;4e;4e
SG14|4e;4e;4e;4e;4e;4e;4e;4e;4e;4e,14,23,orbit5_fp2,wyckoff_orbit,5,4e,3,2,True,torus_fractional_coordinate,4e;4e;4e;4e;4e;4e;4e;4e;4e;4e
SG14|4e;4e;4e;4e;4e;4e;4e;4e;4e;4e,14,24,orbit6_fp0,wyckoff_orbit,6,4e,3,0,True,torus_fractional_coordinate,4e;4e;4e;4e;4e;4e;4e;4e;4e;4e
SG14|4e;4e;4e;4e;4e;4e;4e;4e;4e;4e,14,25,orbit6_fp1,wyckoff_orbit,6,4e,3,1,True,torus_fractional_coordinate,4e;4e;4e;4e;4e;4e;4e;4e;4e;4e
SG14|4e;4e;4e;4e;4e;4e;4e;4e;4e;4e,14,26,orbit6_fp2,wyckoff_orbit,6,4e,3,2,True,torus_fractional_coordinate,4e;4e;4e;4e;4e;4e;4e;4e;4e;4e
SG14|4e;4e;4e;4e;4e;4e;4e;4e;4e;4e,14,27,orbit7_fp0,wyckoff_orbit,7,4e,3,0,True,torus_fractional_coordinate,4e;4e;4e;4e;4e;4e;4e;4e;4e;4e
SG14|4e;4e;4e;4e;4e;4e;4e;4e;4e;4e,14,28,orbit7_fp1,wyckoff_orbit,7,4e,3,1,True,torus_fractional_coordinate,4e;4e;4e;4e;4e;4e;4e;4e;4e;4e
SG14|4e;4e;4e;4e;4e;4e;4e;4e;4e;4e,14,29,orbit7_fp2,wyckoff_orbit,7,4e,3,2,True,torus_fractional_coordinate,4e;4e;4e;4e;4e;4e;4e;4e;4e;4e
SG14|4e;4e;4e;4e;4e;4e;4e;4e;4e;4e,14,30,orbit8_fp0,wyckoff_orbit,8,4e,3,0,True,torus_fractional_coordinate,4e;4e;4e;4e;4e;4e;4e;4e;4e;4e
SG14|4e;4e;4e;4e;4e;4e;4e;4e;4e;4e,14,31,orbit8_fp1,wyckoff_orbit,8,4e,3,1,True,torus_fractional_coordinate,4e;4e;4e;4e;4e;4e;4e;4e;4e;4e
SG14|4e;4e;4e;4e;4e;4e;4e;4e;4e;4e,14,32,orbit8_fp2,wyckoff_orbit,8,4e,3,2,True,torus_fractional_coordinate,4e;4e;4e;4e;4e;4e;4e;4e;4e;4e
SG14|4e;4e;4e;4e;4e;4e;4e;4e;4e;4e,14,33,orbit9_fp0,wyckoff_orbit,9,4e,3,0,True,torus_fractional_coordinate,4e;4e;4e;4e;4e;4e;4e;4e;4e;4e
SG14|4e;4e;4e;4e;4e;4e;4e;4e;4e;4e,14,34,orbit9_fp1,wyckoff_orbit,9,4e,3,1,True,torus_fractional_coordinate,4e;4e;4e;4e;4e;4e;4e;4e;4e;4e
SG14|4e;4e;4e;4e;4e;4e;4e;4e;4e;4e,14,35,orbit9_fp2,wyckoff_orbit,9,4e,3,2,True,torus_fractional_coordinate,4e;4e;4e;4e;4e;4e;4e;4e;4e;4e
SG14|4e;4e;4e;4e;4e;4e;4e;4e;4e;4e;4e,14,0,lattice_a,lattice,-1,,0,-1,False,positive_length,4e;4e;4e;4e;4e;4e;4e;4e;4e;4e;4e
SG14|4e;4e;4e;4e;4e;4e;4e;4e;4e;4e;4e,14,1,lattice_b,lattice,-1,,0,-1,False,positive_length,4e;4e;4e;4e;4e;4e;4e;4e;4e;4e;4e
SG14|4e;4e;4e;4e;4e;4e;4e;4e;4e;4e;4e,14,2,lattice_c,lattice,-1,,0,-1,False,positive_length,4e;4e;4e;4e;4e;4e;4e;4e;4e;4e;4e
SG14|4e;4e;4e;4e;4e;4e;4e;4e;4e;4e;4e,14,3,alpha,lattice,-1,,0,-1,False,angle_degree,4e;4e;4e;4e;4e;4e;4e;4e;4e;4e;4e
SG14|4e;4e;4e;4e;4e;4e;4e;4e;4e;4e;4e,14,4,beta,lattice,-1,,0,-1,False,angle_degree,4e;4e;4e;4e;4e;4e;4e;4e;4e;4e;4e
SG14|4e;4e;4e;4e;4e;4e;4e;4e;4e;4e;4e,14,5,gamma,lattice,-1,,0,-1,False,angle_degree,4e;4e;4e;4e;4e;4e;4e;4e;4e;4e;4e
SG14|4e;4e;4e;4e;4e;4e;4e;4e;4e;4e;4e,14,6,orbit0_fp0,wyckoff_orbit,0,4e,3,0,True,torus_fractional_coordinate,4e;4e;4e;4e;4e;4e;4e;4e;4e;4e;4e
SG14|4e;4e;4e;4e;4e;4e;4e;4e;4e;4e;4e,14,7,orbit0_fp1,wyckoff_orbit,0,4e,3,1,True,torus_fractional_coordinate,4e;4e;4e;4e;4e;4e;4e;4e;4e;4e;4e
SG14|4e;4e;4e;4e;4e;4e;4e;4e;4e;4e;4e,14,8,orbit0_fp2,wyckoff_orbit,0,4e,3,2,True,torus_fractional_coordinate,4e;4e;4e;4e;4e;4e;4e;4e;4e;4e;4e
SG14|4e;4e;4e;4e;4e;4e;4e;4e;4e;4e;4e,14,9,orbit1_fp0,wyckoff_orbit,1,4e,3,0,True,torus_fractional_coordinate,4e;4e;4e;4e;4e;4e;4e;4e;4e;4e;4e
SG14|4e;4e;4e;4e;4e;4e;4e;4e;4e;4e;4e,14,10,orbit1_fp1,wyckoff_orbit,1,4e,3,1,True,torus_fractional_coordinate,4e;4e;4e;4e;4e;4e;4e;4e;4e;4e;4e
SG14|4e;4e;4e;4e;4e;4e;4e;4e;4e;4e;4e,14,11,orbit1_fp2,wyckoff_orbit,1,4e,3,2,True,torus_fractional_coordinate,4e;4e;4e;4e;4e;4e;4e;4e;4e;4e;4e
SG14|4e;4e;4e;4e;4e;4e;4e;4e;4e;4e;4e,14,12,orbit2_fp0,wyckoff_orbit,2,4e,3,0,True,torus_fractional_coordinate,4e;4e;4e;4e;4e;4e;4e;4e;4e;4e;4e
SG14|4e;4e;4e;4e;4e;4e;4e;4e;4e;4e;4e,14,13,orbit2_fp1,wyckoff_orbit,2,4e,3,1,True,torus_fractional_coordinate,4e;4e;4e;4e;4e;4e;4e;4e;4e;4e;4e
SG14|4e;4e;4e;4e;4e;4e;4e;4e;4e;4e;4e,14,14,orbit2_fp2,wyckoff_orbit,2,4e,3,2,True,torus_fractional_coordinate,4e;4e;4e;4e;4e;4e;4e;4e;4e;4e;4e
SG14|4e;4e;4e;4e;4e;4e;4e;4e;4e;4e;4e,14,15,orbit3_fp0,wyckoff_orbit,3,4e,3,0,True,torus_fractional_coordinate,4e;4e;4e;4e;4e;4e;4e;4e;4e;4e;4e
SG14|4e;4e;4e;4e;4e;4e;4e;4e;4e;4e;4e,14,16,orbit3_fp1,wyckoff_orbit,3,4e,3,1,True,torus_fractional_coordinate,4e;4e;4e;4e;4e;4e;4e;4e;4e;4e;4e
SG14|4e;4e;4e;4e;4e;4e;4e;4e;4e;4e;4e,14,17,orbit3_fp2,wyckoff_orbit,3,4e,3,2,True,torus_fractional_coordinate,4e;4e;4e;4e;4e;4e;4e;4e;4e;4e;4e
SG14|4e;4e;4e;4e;4e;4e;4e;4e;4e;4e;4e,14,18,orbit4_fp0,wyckoff_orbit,4,4e,3,0,True,torus_fractional_coordinate,4e;4e;4e;4e;4e;4e;4e;4e;4e;4e;4e
SG14|4e;4e;4e;4e;4e;4e;4e;4e;4e;4e;4e,14,19,orbit4_fp1,wyckoff_orbit,4,4e,3,1,True,torus_fractional_coordinate,4e;4e;4e;4e;4e;4e;4e;4e;4e;4e;4e
SG14|4e;4e;4e;4e;4e;4e;4e;4e;4e;4e;4e,14,20,orbit4_fp2,wyckoff_orbit,4,4e,3,2,True,torus_fractional_coordinate,4e;4e;4e;4e;4e;4e;4e;4e;4e;4e;4e
SG14|4e;4e;4e;4e;4e;4e;4e;4e;4e;4e;4e,14,21,orbit5_fp0,wyckoff_orbit,5,4e,3,0,True,torus_fractional_coordinate,4e;4e;4e;4e;4e;4e;4e;4e;4e;4e;4e
SG14|4e;4e;4e;4e;4e;4e;4e;4e;4e;4e;4e,14,22,orbit5_fp1,wyckoff_orbit,5,4e,3,1,True,torus_fractional_coordinate,4e;4e;4e;4e;4e;4e;4e;4e;4e;4e;4e
SG14|4e;4e;4e;4e;4e;4e;4e;4e;4e;4e;4e,14,23,orbit5_fp2,wyckoff_orbit,5,4e,3,2,True,torus_fractional_coordinate,4e;4e;4e;4e;4e;4e;4e;4e;4e;4e;4e
SG14|4e;4e;4e;4e;4e;4e;4e;4e;4e;4e;4e,14,24,orbit6_fp0,wyckoff_orbit,6,4e,3,0,True,torus_fractional_coordinate,4e;4e;4e;4e;4e;4e;4e;4e;4e;4e;4e
SG14|4e;4e;4e;4e;4e;4e;4e;4e;4e;4e;4e,14,25,orbit6_fp1,wyckoff_orbit,6,4e,3,1,True,torus_fractional_coordinate,4e;4e;4e;4e;4e;4e;4e;4e;4e;4e;4e
SG14|4e;4e;4e;4e;4e;4e;4e;4e;4e;4e;4e,14,26,orbit6_fp2,wyckoff_orbit,6,4e,3,2,True,torus_fractional_coordinate,4e;4e;4e;4e;4e;4e;4e;4e;4e;4e;4e
SG14|4e;4e;4e;4e;4e;4e;4e;4e;4e;4e;4e,14,27,orbit7_fp0,wyckoff_orbit,7,4e,3,0,True,torus_fractional_coordinate,4e;4e;4e;4e;4e;4e;4e;4e;4e;4e;4e
SG14|4e;4e;4e;4e;4e;4e;4e;4e;4e;4e;4e,14,28,orbit7_fp1,wyckoff_orbit,7,4e,3,1,True,torus_fractional_coordinate,4e;4e;4e;4e;4e;4e;4e;4e;4e;4e;4e
SG14|4e;4e;4e;4e;4e;4e;4e;4e;4e;4e;4e,14,29,orbit7_fp2,wyckoff_orbit,7,4e,3,2,True,torus_fractional_coordinate,4e;4e;4e;4e;4e;4e;4e;4e;4e;4e;4e
SG14|4e;4e;4e;4e;4e;4e;4e;4e;4e;4e;4e,14,30,orbit8_fp0,wyckoff_orbit,8,4e,3,0,True,torus_fractional_coordinate,4e;4e;4e;4e;4e;4e;4e;4e;4e;4e;4e
SG14|4e;4e;4e;4e;4e;4e;4e;4e;4e;4e;4e,14,31,orbit8_fp1,wyckoff_orbit,8,4e,3,1,True,torus_fractional_coordinate,4e;4e;4e;4e;4e;4e;4e;4e;4e;4e;4e
SG14|4e;4e;4e;4e;4e;4e;4e;4e;4e;4e;4e,14,32,orbit8_fp2,wyckoff_orbit,8,4e,3,2,True,torus_fractional_coordinate,4e;4e;4e;4e;4e;4e;4e;4e;4e;4e;4e
SG14|4e;4e;4e;4e;4e;4e;4e;4e;4e;4e;4e,14,33,orbit9_fp0,wyckoff_orbit,9,4e,3,0,True,torus_fractional_coordinate,4e;4e;4e;4e;4e;4e;4e;4e;4e;4e;4e
SG14|4e;4e;4e;4e;4e;4e;4e;4e;4e;4e;4e,14,34,orbit9_fp1,wyckoff_orbit,9,4e,3,1,True,torus_fractional_coordinate,4e;4e;4e;4e;4e;4e;4e;4e;4e;4e;4e
SG14|4e;4e;4e;4e;4e;4e;4e;4e;4e;4e;4e,14,35,orbit9_fp2,wyckoff_orbit,9,4e,3,2,True,torus_fractional_coordinate,4e;4e;4e;4e;4e;4e;4e;4e;4e;4e;4e
SG14|4e;4e;4e;4e;4e;4e;4e;4e;4e;4e;4e,14,36,orbit10_fp0,wyckoff_orbit,10,4e,3,0,True,torus_fractional_coordinate,4e;4e;4e;4e;4e;4e;4e;4e;4e;4e;4e
SG14|4e;4e;4e;4e;4e;4e;4e;4e;4e;4e;4e,14,37,orbit10_fp1,wyckoff_orbit,10,4e,3,1,True,torus_fractional_coordinate,4e;4e;4e;4e;4e;4e;4e;4e;4e;4e;4e
SG14|4e;4e;4e;4e;4e;4e;4e;4e;4e;4e;4e,14,38,orbit10_fp2,wyckoff_orbit,10,4e,3,2,True,torus_fractional_coordinate,4e;4e;4e;4e;4e;4e;4e;4e;4e;4e;4e
SG1|1a;1a;1a;1a;1a;1a;1a;1a;1a;1a;1a;1a;1a;1a;1a;1a;1a;1a;1a;1a;1a;1a;1a;1a;1a;1a;1a;1a;1a;1a;1a;1a;1a;1a;1a;1a;1a;1a;1a;1a,1,0,lattice_a,lattice,-1,,0,-1,False,positive_length,1a;1a;1a;1a;1a;1a;1a;1a;1a;1a;1a;1a;1a;1a;1a;1a;1a;1a;1a;1a;1a;1a;1a;1a;1a;1a;1a;1a;1a;1a;1a;1a;1a;1a;1a;1a;1a;1a;1a;1a
SG1|1a;1a;1a;1a;1a;1a;1a;1a;1a;1a;1a;1a;1a;1a;1a;1a;1a;1a;1a;1a;1a;1a;1a;1a;1a;1a;1a;1a;1a;1a;1a;1a;1a;1a;1a;1a;1a;1a;1a;1a,1,1,lattice_b,lattice,-1,,0,-1,False,positive_length,1a;1a;1a;1a;1a;1a;1a;1a;1a;1a;1a;1a;1a;1a;1a;1a;1a;1a;1a;1a;1a;1a;1a;1a;1a;1a;1a;1a;1a;1a;1a;1a;1a;1a;1a;1a;1a;1a;1a;1a
SG1|1a;1a;1a;1a;1a;1a;1a;1a;1a;1a;1a;1a;1a;1a;1a;1a;1a;1a;1a;1a;1a;1a;1a;1a;1a;1a;1a;1a;1a;1a;1a;1a;1a;1a;1a;1a;1a;1a;1a;1a,1,2,lattice_c,lattice,-1,,0,-1,False,positive_length,1a;1a;1a;1a;1a;1a;1a;1a;1a;1a;1a;1a;1a;1a;1a;1a;1a;1a;1a;1a;1a;1a;1a;1a;1a;1a;1a;1a;1a;1a;1a;1a;1a;1a;1a;1a;1a;1a;1a;1a
SG1|1a;1a;1a;1a;1a;1a;1a;1a;1a;1a;1a;1a;1a;1a;1a;1a;1a;1a;1a;1a;1a;1a;1a;1a;1a;1a;1a;1a;1a;1a;1a;1a;1a;1a;1a;1a;1a;1a;1a;1a,1,3,alpha,lattice,-1,,0,-1,False,angle_degree,1a;1a;1a;1a;1a;1a;1a;1a;1a;1a;1a;1a;1a;1a;1a;1a;1a;1a;1a;1a;1a;1a;1a;1a;1a;1a;1a;1a;1a;1a;1a;1a;1a;1a;1a;1a;1a;1a;1a;1a
SG1|1a;1a;1a;1a;1a;1a;1a;1a;1a;1a;1a;1a;1a;1a;1a;1a;1a;1a;1a;1a;1a;1a;1a;1a;1a;1a;1a;1a;1a;1a;1a;1a;1a;1a;1a;1a;1a;1a;1a;1a,1,4,beta,lattice,-1,,0,-1,False,angle_degree,1a;1a;1a;1a;1a;1a;1a;1a;1a;1a;1a;1a;1a;1a;1a;1a;1a;1a;1a;1a;1a;1a;1a;1a;1a;1a;1a;1a;1a;1a;1a;1a;1a;1a;1a;1a;1a;1a;1a;1a
SG1|1a;1a;1a;1a;1a;1a;1a;1a;1a;1a;1a;1a;1a;1a;1a;1a;1a;1a;1a;1a;1a;1a;1a;1a;1a;1a;1a;1a;1a;1a;1a;1a;1a;1a;1a;1a;1a;1a;1a;1a,1,5,gamma,lattice,-1,,0,-1,False,angle_degree,1a;1a;1a;1a;1a;1a;1a;1a;1a;1a;1a;1a;1a;1a;1a;1a;1a;1a;1a;1a;1a;1a;1a;1a;1a;1a;1a;1a;1a;1a;1a;1a;1a;1a;1a;1a;1a;1a;1a;1a
SG1|1a;1a;1a;1a;1a;1a;1a;1a;1a;1a;1a;1a;1a;1a;1a;1a;1a;1a;1a;1a;1a;1a;1a;1a;1a;1a;1a;1a;1a;1a;1a;1a;1a;1a;1a;1a;1a;1a;1a;1a,1,6,orbit0_fp0,wyckoff_orbit,0,1a,3,0,True,torus_fractional_coordinate,1a;1a;1a;1a;1a;1a;1a;1a;1a;1a;1a;1a;1a;1a;1a;1a;1a;1a;1a;1a;1a;1a;1a;1a;1a;1a;1a;1a;1a;1a;1a;1a;1a;1a;1a;1a;1a;1a;1a;1a
SG1|1a;1a;1a;1a;1a;1a;1a;1a;1a;1a;1a;1a;1a;1a;1a;1a;1a;1a;1a;1a;1a;1a;1a;1a;1a;1a;1a;1a;1a;1a;1a;1a;1a;1a;1a;1a;1a;1a;1a;1a,1,7,orbit0_fp1,wyckoff_orbit,0,1a,3,1,True,torus_fractional_coordinate,1a;1a;1a;1a;1a;1a;1a;1a;1a;1a;1a;1a;1a;1a;1a;1a;1a;1a;1a;1a;1a;1a;1a;1a;1a;1a;1a;1a;1a;1a;1a;1a;1a;1a;1a;1a;1a;1a;1a;1a
SG1|1a;1a;1a;1a;1a;1a;1a;1a;1a;1a;1a;1a;1a;1a;1a;1a;1a;1a;1a;1a;1a;1a;1a;1a;1a;1a;1a;1a;1a;1a;1a;1a;1a;1a;1a;1a;1a;1a;1a;1a,1,8,orbit0_fp2,wyckoff_orbit,0,1a,3,2,True,torus_fractional_coordinate,1a;1a;1a;1a;1a;1a;1a;1a;1a;1a;1a;1a;1a;1a;1a;1a;1a;1a;1a;1a;1a;1a;1a;1a;1a;1a;1a;1a;1a;1a;1a;1a;1a;1a;1a;1a;1a;1a;1a;1a
SG1|1a;1a;1a;1a;1a;1a;1a;1a;1a;1a;1a;1a;1a;1a;1a;1a;1a;1a;1a;1a;1a;1a;1a;1a;1a;1a;1a;1a;1a;1a;1a;1a;1a;1a;1a;1a;1a;1a;1a;1a,1,9,orbit1_fp0,wyckoff_orbit,1,1a,3,0,True,torus_fractional_coordinate,1a;1a;1a;1a;1a;1a;1a;1a;1a;1a;1a;1a;1a;1a;1a;1a;1a;1a;1a;1a;1a;1a;1a;1a;1a;1a;1a;1a;1a;1a;1a;1a;1a;1a;1a;1a;1a;1a;1a;1a
SG1|1a;1a;1a;1a;1a;1a;1a;1a;1a;1a;1a;1a;1a;1a;1a;1a;1a;1a;1a;1a;1a;1a;1a;1a;1a;1a;1a;1a;1a;1a;1a;1a;1a;1a;1a;1a;1a;1a;1a;1a,1,10,orbit1_fp1,wyckoff_orbit,1,1a,3,1,True,torus_fractional_coordinate,1a;1a;1a;1a;1a;1a;1a;1a;1a;1a;1a;1a;1a;1a;1a;1a;1a;1a;1a;1a;1a;1a;1a;1a;1a;1a;1a;1a;1a;1a;1a;1a;1a;1a;1a;1a;1a;1a;1a;1a
SG1|1a;1a;1a;1a;1a;1a;1a;1a;1a;1a;1a;1a;1a;1a;1a;1a;1a;1a;1a;1a;1a;1a;1a;1a;1a;1a;1a;1a;1a;1a;1a;1a;1a;1a;1a;1a;1a;1a;1a;1a,1,11,orbit1_fp2,wyckoff_orbit,1,1a,3,2,True,torus_fractional_coordinate,1a;1a;1a;1a;1a;1a;1a;1a;1a;1a;1a;1a;1a;1a;1a;1a;1a;1a;1a;1a;1a;1a;1a;1a;1a;1a;1a;1a;1a;1a;1a;1a;1a;1a;1a;1a;1a;1a;1a;1a
SG1|1a;1a;1a;1a;1a;1a;1a;1a;1a;1a;1a;1a;1a;1a;1a;1a;1a;1a;1a;1a;1a;1a;1a;1a;1a;1a;1a;1a;1a;1a;1a;1a;1a;1a;1a;1a;1a;1a;1a;1a,1,12,orbit2_fp0,wyckoff_orbit,2,1a,3,0,True,torus_fractional_coordinate,1a;1a;1a;1a;1a;1a;1a;1a;1a;1a;1a;1a;1a;1a;1a;1a;1a;1a;1a;1a;1a;1a;1a;1a;1a;1a;1a;1a;1a;1a;1a;1a;1a;1a;1a;1a;1a;1a;1a;1a
SG1|1a;1a;1a;1a;1a;1a;1a;1a;1a;1a;1a;1a;1a;1a;1a;1a;1a;1a;1a;1a;1a;1a;1a;1a;1a;1a;1a;1a;1a;1a;1a;1a;1a;1a;1a;1a;1a;1a;1a;1a,1,13,orbit2_fp1,wyckoff_orbit,2,1a,3,1,True,torus_fractional_coordinate,1a;1a;1a;1a;1a;1a;1a;1a;1a;1a;1a;1a;1a;1a;1a;1a;1a;1a;1a;1a;1a;1a;1a;1a;1a;1a;1a;1a;1a;1a;1a;1a;1a;1a;1a;1a;1a;1a;1a;1a
SG1|1a;1a;1a;1a;1a;1a;1a;1a;1a;1a;1a;1a;1a;1a;1a;1a;1a;1a;1a;1a;1a;1a;1a;1a;1a;1a;1a;1a;1a;1a;1a;1a;1a;1a;1a;1a;1a;1a;1a;1a,1,14,orbit2_fp2,wyckoff_orbit,2,1a,3,2,True,torus_fractional_coordinate,1a;1a;1a;1a;1a;1a;1a;1a;1a;1a;1a;1a;1a;1a;1a;1a;1a;1a;1a;1a;1a;1a;1a;1a;1a;1a;1a;1a;1a;1a;1a;1a;1a;1a;1a;1a;1a;1a;1a;1a
SG1|1a;1a;1a;1a;1a;1a;1a;1a;1a;1a;1a;1a;1a;1a;1a;1a;1a;1a;1a;1a;1a;1a;1a;1a;1a;1a;1a;1a;1a;1a;1a;1a;1a;1a;1a;1a;1a;1a;1a;1a,1,15,orbit3_fp0,wyckoff_orbit,3,1a,3,0,True,torus_fractional_coordinate,1a;1a;1a;1a;1a;1a;1a;1a;1a;1a;1a;1a;1a;1a;1a;1a;1a;1a;1a;1a;1a;1a;1a;1a;1a;1a;1a;1a;1a;1a;1a;1a;1a;1a;1a;1a;1a;1a;1a;1a
SG1|1a;1a;1a;1a;1a;1a;1a;1a;1a;1a;1a;1a;1a;1a;1a;1a;1a;1a;1a;1a;1a;1a;1a;1a;1a;1a;1a;1a;1a;1a;1a;1a;1a;1a;1a;1a;1a;1a;1a;1a,1,16,orbit3_fp1,wyckoff_orbit,3,1a,3,1,True,torus_fractional_coordinate,1a;1a;1a;1a;1a;1a;1a;1a;1a;1a;1a;1a;1a;1a;1a;1a;1a;1a;1a;1a;1a;1a;1a;1a;1a;1a;1a;1a;1a;1a;1a;1a;1a;1a;1a;1a;1a;1a;1a;1a
SG1|1a;1a;1a;1a;1a;1a;1a;1a;1a;1a;1a;1a;1a;1a;1a;1a;1a;1a;1a;1a;1a;1a;1a;1a;1a;1a;1a;1a;1a;1a;1a;1a;1a;1a;1a;1a;1a;1a;1a;1a,1,17,orbit3_fp2,wyckoff_orbit,3,1a,3,2,True,torus_fractional_coordinate,1a;1a;1a;1a;1a;1a;1a;1a;1a;1a;1a;1a;1a;1a;1a;1a;1a;1a;1a;1a;1a;1a;1a;1a;1a;1a;1a;1a;1a;1a;1a;1a;1a;1a;1a;1a;1a;1a;1a;1a
SG1|1a;1a;1a;1a;1a;1a;1a;1a;1a;1a;1a;1a;1a;1a;1a;1a;1a;1a;1a;1a;1a;1a;1a;1a;1a;1a;1a;1a;1a;1a;1a;1a;1a;1a;1a;1a;1a;1a;1a;1a,1,18,orbit4_fp0,wyckoff_orbit,4,1a,3,0,True,torus_fractional_coordinate,1a;1a;1a;1a;1a;1a;1a;1a;1a;1a;1a;1a;1a;1a;1a;1a;1a;1a;1a;1a;1a;1a;1a;1a;1a;1a;1a;1a;1a;1a;1a;1a;1a;1a;1a;1a;1a;1a;1a;1a
SG1|1a;1a;1a;1a;1a;1a;1a;1a;1a;1a;1a;1a;1a;1a;1a;1a;1a;1a;1a;1a;1a;1a;1a;1a;1a;1a;1a;1a;1a;1a;1a;1a;1a;1a;1a;1a;1a;1a;1a;1a,1,19,orbit4_fp1,wyckoff_orbit,4,1a,3,1,True,torus_fractional_coordinate,1a;1a;1a;1a;1a;1a;1a;1a;1a;1a;1a;1a;1a;1a;1a;1a;1a;1a;1a;1a;1a;1a;1a;1a;1a;1a;1a;1a;1a;1a;1a;1a;1a;1a;1a;1a;1a;1a;1a;1a
SG1|1a;1a;1a;1a;1a;1a;1a;1a;1a;1a;1a;1a;1a;1a;1a;1a;1a;1a;1a;1a;1a;1a;1a;1a;1a;1a;1a;1a;1a;1a;1a;1a;1a;1a;1a;1a;1a;1a;1a;1a,1,20,orbit4_fp2,wyckoff_orbit,4,1a,3,2,True,torus_fractional_coordinate,1a;1a;1a;1a;1a;1a;1a;1a;1a;1a;1a;1a;1a;1a;1a;1a;1a;1a;1a;1a;1a;1a;1a;1a;1a;1a;1a;1a;1a;1a;1a;1a;1a;1a;1a;1a;1a;1a;1a;1a
SG1|1a;1a;1a;1a;1a;1a;1a;1a;1a;1a;1a;1a;1a;1a;1a;1a;1a;1a;1a;1a;1a;1a;1a;1a;1a;1a;1a;1a;1a;1a;1a;1a;1a;1a;1a;1a;1a;1a;1a;1a,1,21,orbit5_fp0,wyckoff_orbit,5,1a,3,0,True,torus_fractional_coordinate,1a;1a;1a;1a;1a;1a;1a;1a;1a;1a;1a;1a;1a;1a;1a;1a;1a;1a;1a;1a;1a;1a;1a;1a;1a;1a;1a;1a;1a;1a;1a;1a;1a;1a;1a;1a;1a;1a;1a;1a
SG1|1a;1a;1a;1a;1a;1a;1a;1a;1a;1a;1a;1a;1a;1a;1a;1a;1a;1a;1a;1a;1a;1a;1a;1a;1a;1a;1a;1a;1a;1a;1a;1a;1a;1a;1a;1a;1a;1a;1a;1a,1,22,orbit5_fp1,wyckoff_orbit,5,1a,3,1,True,torus_fractional_coordinate,1a;1a;1a;1a;1a;1a;1a;1a;1a;1a;1a;1a;1a;1a;1a;1a;1a;1a;1a;1a;1a;1a;1a;1a;1a;1a;1a;1a;1a;1a;1a;1a;1a;1a;1a;1a;1a;1a;1a;1a
SG1|1a;1a;1a;1a;1a;1a;1a;1a;1a;1a;1a;1a;1a;1a;1a;1a;1a;1a;1a;1a;1a;1a;1a;1a;1a;1a;1a;1a;1a;1a;1a;1a;1a;1a;1a;1a;1a;1a;1a;1a,1,23,orbit5_fp2,wyckoff_orbit,5,1a,3,2,True,torus_fractional_coordinate,1a;1a;1a;1a;1a;1a;1a;1a;1a;1a;1a;1a;1a;1a;1a;1a;1a;1a;1a;1a;1a;1a;1a;1a;1a;1a;1a;1a;1a;1a;1a;1a;1a;1a;1a;1a;1a;1a;1a;1a
SG1|1a;1a;1a;1a;1a;1a;1a;1a;1a;1a;1a;1a;1a;1a;1a;1a;1a;1a;1a;1a;1a;1a;1a;1a;1a;1a;1a;1a;1a;1a;1a;1a;1a;1a;1a;1a;1a;1a;1a;1a,1,24,orbit6_fp0,wyckoff_orbit,6,1a,3,0,True,torus_fractional_coordinate,1a;1a;1a;1a;1a;1a;1a;1a;1a;1a;1a;1a;1a;1a;1a;1a;1a;1a;1a;1a;1a;1a;1a;1a;1a;1a;1a;1a;1a;1a;1a;1a;1a;1a;1a;1a;1a;1a;1a;1a
SG1|1a;1a;1a;1a;1a;1a;1a;1a;1a;1a;1a;1a;1a;1a;1a;1a;1a;1a;1a;1a;1a;1a;1a;1a;1a;1a;1a;1a;1a;1a;1a;1a;1a;1a;1a;1a;1a;1a;1a;1a,1,25,orbit6_fp1,wyckoff_orbit,6,1a,3,1,True,torus_fractional_coordinate,1a;1a;1a;1a;1a;1a;1a;1a;1a;1a;1a;1a;1a;1a;1a;1a;1a;1a;1a;1a;1a;1a;1a;1a;1a;1a;1a;1a;1a;1a;1a;1a;1a;1a;1a;1a;1a;1a;1a;1a
SG1|1a;1a;1a;1a;1a;1a;1a;1a;1a;1a;1a;1a;1a;1a;1a;1a;1a;1a;1a;1a;1a;1a;1a;1a;1a;1a;1a;1a;1a;1a;1a;1a;1a;1a;1a;1a;1a;1a;1a;1a,1,26,orbit6_fp2,wyckoff_orbit,6,1a,3,2,True,torus_fractional_coordinate,1a;1a;1a;1a;1a;1a;1a;1a;1a;1a;1a;1a;1a;1a;1a;1a;1a;1a;1a;1a;1a;1a;1a;1a;1a;1a;1a;1a;1a;1a;1a;1a;1a;1a;1a;1a;1a;1a;1a;1a
SG1|1a;1a;1a;1a;1a;1a;1a;1a;1a;1a;1a;1a;1a;1a;1a;1a;1a;1a;1a;1a;1a;1a;1a;1a;1a;1a;1a;1a;1a;1a;1a;1a;1a;1a;1a;1a;1a;1a;1a;1a,1,27,orbit7_fp0,wyckoff_orbit,7,1a,3,0,True,torus_fractional_coordinate,1a;1a;1a;1a;1a;1a;1a;1a;1a;1a;1a;1a;1a;1a;1a;1a;1a;1a;1a;1a;1a;1a;1a;1a;1a;1a;1a;1a;1a;1a;1a;1a;1a;1a;1a;1a;1a;1a;1a;1a
SG1|1a;1a;1a;1a;1a;1a;1a;1a;1a;1a;1a;1a;1a;1a;1a;1a;1a;1a;1a;1a;1a;1a;1a;1a;1a;1a;1a;1a;1a;1a;1a;1a;1a;1a;1a;1a;1a;1a;1a;1a,1,28,orbit7_fp1,wyckoff_orbit,7,1a,3,1,True,torus_fractional_coordinate,1a;1a;1a;1a;1a;1a;1a;1a;1a;1a;1a;1a;1a;1a;1a;1a;1a;1a;1a;1a;1a;1a;1a;1a;1a;1a;1a;1a;1a;1a;1a;1a;1a;1a;1a;1a;1a;1a;1a;1a
SG1|1a;1a;1a;1a;1a;1a;1a;1a;1a;1a;1a;1a;1a;1a;1a;1a;1a;1a;1a;1a;1a;1a;1a;1a;1a;1a;1a;1a;1a;1a;1a;1a;1a;1a;1a;1a;1a;1a;1a;1a,1,29,orbit7_fp2,wyckoff_orbit,7,1a,3,2,True,torus_fractional_coordinate,1a;1a;1a;1a;1a;1a;1a;1a;1a;1a;1a;1a;1a;1a;1a;1a;1a;1a;1a;1a;1a;1a;1a;1a;1a;1a;1a;1a;1a;1a;1a;1a;1a;1a;1a;1a;1a;1a;1a;1a
SG1|1a;1a;1a;1a;1a;1a;1a;1a;1a;1a;1a;1a;1a;1a;1a;1a;1a;1a;1a;1a;1a;1a;1a;1a;1a;1a;1a;1a;1a;1a;1a;1a;1a;1a;1a;1a;1a;1a;1a;1a,1,30,orbit8_fp0,wyckoff_orbit,8,1a,3,0,True,torus_fractional_coordinate,1a;1a;1a;1a;1a;1a;1a;1a;1a;1a;1a;1a;1a;1a;1a;1a;1a;1a;1a;1a;1a;1a;1a;1a;1a;1a;1a;1a;1a;1a;1a;1a;1a;1a;1a;1a;1a;1a;1a;1a
SG1|1a;1a;1a;1a;1a;1a;1a;1a;1a;1a;1a;1a;1a;1a;1a;1a;1a;1a;1a;1a;1a;1a;1a;1a;1a;1a;1a;1a;1a;1a;1a;1a;1a;1a;1a;1a;1a;1a;1a;1a,1,31,orbit8_fp1,wyckoff_orbit,8,1a,3,1,True,torus_fractional_coordinate,1a;1a;1a;1a;1a;1a;1a;1a;1a;1a;1a;1a;1a;1a;1a;1a;1a;1a;1a;1a;1a;1a;1a;1a;1a;1a;1a;1a;1a;1a;1a;1a;1a;1a;1a;1a;1a;1a;1a;1a
SG1|1a;1a;1a;1a;1a;1a;1a;1a;1a;1a;1a;1a;1a;1a;1a;1a;1a;1a;1a;1a;1a;1a;1a;1a;1a;1a;1a;1a;1a;1a;1a;1a;1a;1a;1a;1a;1a;1a;1a;1a,1,32,orbit8_fp2,wyckoff_orbit,8,1a,3,2,True,torus_fractional_coordinate,1a;1a;1a;1a;1a;1a;1a;1a;1a;1a;1a;1a;1a;1a;1a;1a;1a;1a;1a;1a;1a;1a;1a;1a;1a;1a;1a;1a;1a;1a;1a;1a;1a;1a;1a;1a;1a;1a;1a;1a
SG1|1a;1a;1a;1a;1a;1a;1a;1a;1a;1a;1a;1a;1a;1a;1a;1a;1a;1a;1a;1a;1a;1a;1a;1a;1a;1a;1a;1a;1a;1a;1a;1a;1a;1a;1a;1a;1a;1a;1a;1a,1,33,orbit9_fp0,wyckoff_orbit,9,1a,3,0,True,torus_fractional_coordinate,1a;1a;1a;1a;1a;1a;1a;1a;1a;1a;1a;1a;1a;1a;1a;1a;1a;1a;1a;1a;1a;1a;1a;1a;1a;1a;1a;1a;1a;1a;1a;1a;1a;1a;1a;1a;1a;1a;1a;1a
SG1|1a;1a;1a;1a;1a;1a;1a;1a;1a;1a;1a;1a;1a;1a;1a;1a;1a;1a;1a;1a;1a;1a;1a;1a;1a;1a;1a;1a;1a;1a;1a;1a;1a;1a;1a;1a;1a;1a;1a;1a,1,34,orbit9_fp1,wyckoff_orbit,9,1a,3,1,True,torus_fractional_coordinate,1a;1a;1a;1a;1a;1a;1a;1a;1a;1a;1a;1a;1a;1a;1a;1a;1a;1a;1a;1a;1a;1a;1a;1a;1a;1a;1a;1a;1a;1a;1a;1a;1a;1a;1a;1a;1a;1a;1a;1a
SG1|1a;1a;1a;1a;1a;1a;1a;1a;1a;1a;1a;1a;1a;1a;1a;1a;1a;1a;1a;1a;1a;1a;1a;1a;1a;1a;1a;1a;1a;1a;1a;1a;1a;1a;1a;1a;1a;1a;1a;1a,1,35,orbit9_fp2,wyckoff_orbit,9,1a,3,2,True,torus_fractional_coordinate,1a;1a;1a;1a;1a;1a;1a;1a;1a;1a;1a;1a;1a;1a;1a;1a;1a;1a;1a;1a;1a;1a;1a;1a;1a;1a;1a;1a;1a;1a;1a;1a;1a;1a;1a;1a;1a;1a;1a;1a
SG1|1a;1a;1a;1a;1a;1a;1a;1a;1a;1a;1a;1a;1a;1a;1a;1a;1a;1a;1a;1a;1a;1a;1a;1a;1a;1a;1a;1a;1a;1a;1a;1a;1a;1a;1a;1a;1a;1a;1a;1a,1,36,orbit10_fp0,wyckoff_orbit,10,1a,3,0,True,torus_fractional_coordinate,1a;1a;1a;1a;1a;1a;1a;1a;1a;1a;1a;1a;1a;1a;1a;1a;1a;1a;1a;1a;1a;1a;1a;1a;1a;1a;1a;1a;1a;1a;1a;1a;1a;1a;1a;1a;1a;1a;1a;1a
SG1|1a;1a;1a;1a;1a;1a;1a;1a;1a;1a;1a;1a;1a;1a;1a;1a;1a;1a;1a;1a;1a;1a;1a;1a;1a;1a;1a;1a;1a;1a;1a;1a;1a;1a;1a;1a;1a;1a;1a;1a,1,37,orbit10_fp1,wyckoff_orbit,10,1a,3,1,True,torus_fractional_coordinate,1a;1a;1a;1a;1a;1a;1a;1a;1a;1a;1a;1a;1a;1a;1a;1a;1a;1a;1a;1a;1a;1a;1a;1a;1a;1a;1a;1a;1a;1a;1a;1a;1a;1a;1a;1a;1a;1a;1a;1a
SG1|1a;1a;1a;1a;1a;1a;1a;1a;1a;1a;1a;1a;1a;1a;1a;1a;1a;1a;1a;1a;1a;1a;1a;1a;1a;1a;1a;1a;1a;1a;1a;1a;1a;1a;1a;1a;1a;1a;1a;1a,1,38,orbit10_fp2,wyckoff_orbit,10,1a,3,2,True,torus_fractional_coordinate,1a;1a;1a;1a;1a;1a;1a;1a;1a;1a;1a;1a;1a;1a;1a;1a;1a;1a;1a;1a;1a;1a;1a;1a;1a;1a;1a;1a;1a;1a;1a;1a;1a;1a;1a;1a;1a;1a;1a;1a
SG1|1a;1a;1a;1a;1a;1a;1a;1a;1a;1a;1a;1a;1a;1a;1a;1a;1a;1a;1a;1a;1a;1a;1a;1a;1a;1a;1a;1a;1a;1a;1a;1a;1a;1a;1a;1a;1a;1a;1a;1a,1,39,orbit11_fp0,wyckoff_orbit,11,1a,3,0,True,torus_fractional_coordinate,1a;1a;1a;1a;1a;1a;1a;1a;1a;1a;1a;1a;1a;1a;1a;1a;1a;1a;1a;1a;1a;1a;1a;1a;1a;1a;1a;1a;1a;1a;1a;1a;1a;1a;1a;1a;1a;1a;1a;1a
SG1|1a;1a;1a;1a;1a;1a;1a;1a;1a;1a;1a;1a;1a;1a;1a;1a;1a;1a;1a;1a;1a;1a;1a;1a;1a;1a;1a;1a;1a;1a;1a;1a;1a;1a;1a;1a;1a;1a;1a;1a,1,40,orbit11_fp1,wyckoff_orbit,11,1a,3,1,True,torus_fractional_coordinate,1a;1a;1a;1a;1a;1a;1a;1a;1a;1a;1a;1a;1a;1a;1a;1a;1a;1a;1a;1a;1a;1a;1a;1a;1a;1a;1a;1a;1a;1a;1a;1a;1a;1a;1a;1a;1a;1a;1a;1a
SG1|1a;1a;1a;1a;1a;1a;1a;1a;1a;1a;1a;1a;1a;1a;1a;1a;1a;1a;1a;1a;1a;1a;1a;1a;1a;1a;1a;1a;1a;1a;1a;1a;1a;1a;1a;1a;1a;1a;1a;1a,1,41,orbit11_fp2,wyckoff_orbit,11,1a,3,2,True,torus_fractional_coordinate,1a;1a;1a;1a;1a;1a;1a;1a;1a;1a;1a;1a;1a;1a;1a;1a;1a;1a;1a;1a;1a;1a;1a;1a;1a;1a;1a;1a;1a;1a;1a;1a;1a;1a;1a;1a;1a;1a;1a;1a
SG1|1a;1a;1a;1a;1a;1a;1a;1a;1a;1a;1a;1a;1a;1a;1a;1a;1a;1a;1a;1a;1a;1a;1a;1a;1a;1a;1a;1a;1a;1a;1a;1a;1a;1a;1a;1a;1a;1a;1a;1a,1,42,orbit12_fp0,wyckoff_orbit,12,1a,3,0,True,torus_fractional_coordinate,1a;1a;1a;1a;1a;1a;1a;1a;1a;1a;1a;1a;1a;1a;1a;1a;1a;1a;1a;1a;1a;1a;1a;1a;1a;1a;1a;1a;1a;1a;1a;1a;1a;1a;1a;1a;1a;1a;1a;1a
SG1|1a;1a;1a;1a;1a;1a;1a;1a;1a;1a;1a;1a;1a;1a;1a;1a;1a;1a;1a;1a;1a;1a;1a;1a;1a;1a;1a;1a;1a;1a;1a;1a;1a;1a;1a;1a;1a;1a;1a;1a,1,43,orbit12_fp1,wyckoff_orbit,12,1a,3,1,True,torus_fractional_coordinate,1a;1a;1a;1a;1a;1a;1a;1a;1a;1a;1a;1a;1a;1a;1a;1a;1a;1a;1a;1a;1a;1a;1a;1a;1a;1a;1a;1a;1a;1a;1a;1a;1a;1a;1a;1a;1a;1a;1a;1a
SG1|1a;1a;1a;1a;1a;1a;1a;1a;1a;1a;1a;1a;1a;1a;1a;1a;1a;1a;1a;1a;1a;1a;1a;1a;1a;1a;1a;1a;1a;1a;1a;1a;1a;1a;1a;1a;1a;1a;1a;1a,1,44,orbit12_fp2,wyckoff_orbit,12,1a,3,2,True,torus_fractional_coordinate,1a;1a;1a;1a;1a;1a;1a;1a;1a;1a;1a;1a;1a;1a;1a;1a;1a;1a;1a;1a;1a;1a;1a;1a;1a;1a;1a;1a;1a;1a;1a;1a;1a;1a;1a;1a;1a;1a;1a;1a
SG1|1a;1a;1a;1a;1a;1a;1a;1a;1a;1a;1a;1a;1a;1a;1a;1a;1a;1a;1a;1a;1a;1a;1a;1a;1a;1a;1a;1a;1a;1a;1a;1a;1a;1a;1a;1a;1a;1a;1a;1a,1,45,orbit13_fp0,wyckoff_orbit,13,1a,3,0,True,torus_fractional_coordinate,1a;1a;1a;1a;1a;1a;1a;1a;1a;1a;1a;1a;1a;1a;1a;1a;1a;1a;1a;1a;1a;1a;1a;1a;1a;1a;1a;1a;1a;1a;1a;1a;1a;1a;1a;1a;1a;1a;1a;1a
SG1|1a;1a;1a;1a;1a;1a;1a;1a;1a;1a;1a;1a;1a;1a;1a;1a;1a;1a;1a;1a;1a;1a;1a;1a;1a;1a;1a;1a;1a;1a;1a;1a;1a;1a;1a;1a;1a;1a;1a;1a,1,46,orbit13_fp1,wyckoff_orbit,13,1a,3,1,True,torus_fractional_coordinate,1a;1a;1a;1a;1a;1a;1a;1a;1a;1a;1a;1a;1a;1a;1a;1a;1a;1a;1a;1a;1a;1a;1a;1a;1a;1a;1a;1a;1a;1a;1a;1a;1a;1a;1a;1a;1a;1a;1a;1a
SG1|1a;1a;1a;1a;1a;1a;1a;1a;1a;1a;1a;1a;1a;1a;1a;1a;1a;1a;1a;1a;1a;1a;1a;1a;1a;1a;1a;1a;1a;1a;1a;1a;1a;1a;1a;1a;1a;1a;1a;1a,1,47,orbit13_fp2,wyckoff_orbit,13,1a,3,2,True,torus_fractional_coordinate,1a;1a;1a;1a;1a;1a;1a;1a;1a;1a;1a;1a;1a;1a;1a;1a;1a;1a;1a;1a;1a;1a;1a;1a;1a;1a;1a;1a;1a;1a;1a;1a;1a;1a;1a;1a;1a;1a;1a;1a
SG1|1a;1a;1a;1a;1a;1a;1a;1a;1a;1a;1a;1a;1a;1a;1a;1a;1a;1a;1a;1a;1a;1a;1a;1a;1a;1a;1a;1a;1a;1a;1a;1a;1a;1a;1a;1a;1a;1a;1a;1a,1,48,orbit14_fp0,wyckoff_orbit,14,1a,3,0,True,torus_fractional_coordinate,1a;1a;1a;1a;1a;1a;1a;1a;1a;1a;1a;1a;1a;1a;1a;1a;1a;1a;1a;1a;1a;1a;1a;1a;1a;1a;1a;1a;1a;1a;1a;1a;1a;1a;1a;1a;1a;1a;1a;1a
SG1|1a;1a;1a;1a;1a;1a;1a;1a;1a;1a;1a;1a;1a;1a;1a;1a;1a;1a;1a;1a;1a;1a;1a;1a;1a;1a;1a;1a;1a;1a;1a;1a;1a;1a;1a;1a;1a;1a;1a;1a,1,49,orbit14_fp1,wyckoff_orbit,14,1a,3,1,True,torus_fractional_coordinate,1a;1a;1a;1a;1a;1a;1a;1a;1a;1a;1a;1a;1a;1a;1a;1a;1a;1a;1a;1a;1a;1a;1a;1a;1a;1a;1a;1a;1a;1a;1a;1a;1a;1a;1a;1a;1a;1a;1a;1a
SG1|1a;1a;1a;1a;1a;1a;1a;1a;1a;1a;1a;1a;1a;1a;1a;1a;1a;1a;1a;1a;1a;1a;1a;1a;1a;1a;1a;1a;1a;1a;1a;1a;1a;1a;1a;1a;1a;1a;1a;1a,1,50,orbit14_fp2,wyckoff_orbit,14,1a,3,2,True,torus_fractional_coordinate,1a;1a;1a;1a;1a;1a;1a;1a;1a;1a;1a;1a;1a;1a;1a;1a;1a;1a;1a;1a;1a;1a;1a;1a;1a;1a;1a;1a;1a;1a;1a;1a;1a;1a;1a;1a;1a;1a;1a;1a
SG1|1a;1a;1a;1a;1a;1a;1a;1a;1a;1a;1a;1a;1a;1a;1a;1a;1a;1a;1a;1a;1a;1a;1a;1a;1a;1a;1a;1a;1a;1a;1a;1a;1a;1a;1a;1a;1a;1a;1a;1a,1,51,orbit15_fp0,wyckoff_orbit,15,1a,3,0,True,torus_fractional_coordinate,1a;1a;1a;1a;1a;1a;1a;1a;1a;1a;1a;1a;1a;1a;1a;1a;1a;1a;1a;1a;1a;1a;1a;1a;1a;1a;1a;1a;1a;1a;1a;1a;1a;1a;1a;1a;1a;1a;1a;1a
SG1|1a;1a;1a;1a;1a;1a;1a;1a;1a;1a;1a;1a;1a;1a;1a;1a;1a;1a;1a;1a;1a;1a;1a;1a;1a;1a;1a;1a;1a;1a;1a;1a;1a;1a;1a;1a;1a;1a;1a;1a,1,52,orbit15_fp1,wyckoff_orbit,15,1a,3,1,True,torus_fractional_coordinate,1a;1a;1a;1a;1a;1a;1a;1a;1a;1a;1a;1a;1a;1a;1a;1a;1a;1a;1a;1a;1a;1a;1a;1a;1a;1a;1a;1a;1a;1a;1a;1a;1a;1a;1a;1a;1a;1a;1a;1a
SG1|1a;1a;1a;1a;1a;1a;1a;1a;1a;1a;1a;1a;1a;1a;1a;1a;1a;1a;1a;1a;1a;1a;1a;1a;1a;1a;1a;1a;1a;1a;1a;1a;1a;1a;1a;1a;1a;1a;1a;1a,1,53,orbit15_fp2,wyckoff_orbit,15,1a,3,2,True,torus_fractional_coordinate,1a;1a;1a;1a;1a;1a;1a;1a;1a;1a;1a;1a;1a;1a;1a;1a;1a;1a;1a;1a;1a;1a;1a;1a;1a;1a;1a;1a;1a;1a;1a;1a;1a;1a;1a;1a;1a;1a;1a;1a
SG1|1a;1a;1a;1a;1a;1a;1a;1a;1a;1a;1a;1a;1a;1a;1a;1a;1a;1a;1a;1a;1a;1a;1a;1a;1a;1a;1a;1a;1a;1a;1a;1a;1a;1a;1a;1a;1a;1a;1a;1a,1,54,orbit16_fp0,wyckoff_orbit,16,1a,3,0,True,torus_fractional_coordinate,1a;1a;1a;1a;1a;1a;1a;1a;1a;1a;1a;1a;1a;1a;1a;1a;1a;1a;1a;1a;1a;1a;1a;1a;1a;1a;1a;1a;1a;1a;1a;1a;1a;1a;1a;1a;1a;1a;1a;1a
SG1|1a;1a;1a;1a;1a;1a;1a;1a;1a;1a;1a;1a;1a;1a;1a;1a;1a;1a;1a;1a;1a;1a;1a;1a;1a;1a;1a;1a;1a;1a;1a;1a;1a;1a;1a;1a;1a;1a;1a;1a,1,55,orbit16_fp1,wyckoff_orbit,16,1a,3,1,True,torus_fractional_coordinate,1a;1a;1a;1a;1a;1a;1a;1a;1a;1a;1a;1a;1a;1a;1a;1a;1a;1a;1a;1a;1a;1a;1a;1a;1a;1a;1a;1a;1a;1a;1a;1a;1a;1a;1a;1a;1a;1a;1a;1a
SG1|1a;1a;1a;1a;1a;1a;1a;1a;1a;1a;1a;1a;1a;1a;1a;1a;1a;1a;1a;1a;1a;1a;1a;1a;1a;1a;1a;1a;1a;1a;1a;1a;1a;1a;1a;1a;1a;1a;1a;1a,1,56,orbit16_fp2,wyckoff_orbit,16,1a,3,2,True,torus_fractional_coordinate,1a;1a;1a;1a;1a;1a;1a;1a;1a;1a;1a;1a;1a;1a;1a;1a;1a;1a;1a;1a;1a;1a;1a;1a;1a;1a;1a;1a;1a;1a;1a;1a;1a;1a;1a;1a;1a;1a;1a;1a
SG1|1a;1a;1a;1a;1a;1a;1a;1a;1a;1a;1a;1a;1a;1a;1a;1a;1a;1a;1a;1a;1a;1a;1a;1a;1a;1a;1a;1a;1a;1a;1a;1a;1a;1a;1a;1a;1a;1a;1a;1a,1,57,orbit17_fp0,wyckoff_orbit,17,1a,3,0,True,torus_fractional_coordinate,1a;1a;1a;1a;1a;1a;1a;1a;1a;1a;1a;1a;1a;1a;1a;1a;1a;1a;1a;1a;1a;1a;1a;1a;1a;1a;1a;1a;1a;1a;1a;1a;1a;1a;1a;1a;1a;1a;1a;1a
SG1|1a;1a;1a;1a;1a;1a;1a;1a;1a;1a;1a;1a;1a;1a;1a;1a;1a;1a;1a;1a;1a;1a;1a;1a;1a;1a;1a;1a;1a;1a;1a;1a;1a;1a;1a;1a;1a;1a;1a;1a,1,58,orbit17_fp1,wyckoff_orbit,17,1a,3,1,True,torus_fractional_coordinate,1a;1a;1a;1a;1a;1a;1a;1a;1a;1a;1a;1a;1a;1a;1a;1a;1a;1a;1a;1a;1a;1a;1a;1a;1a;1a;1a;1a;1a;1a;1a;1a;1a;1a;1a;1a;1a;1a;1a;1a
SG1|1a;1a;1a;1a;1a;1a;1a;1a;1a;1a;1a;1a;1a;1a;1a;1a;1a;1a;1a;1a;1a;1a;1a;1a;1a;1a;1a;1a;1a;1a;1a;1a;1a;1a;1a;1a;1a;1a;1a;1a,1,59,orbit17_fp2,wyckoff_orbit,17,1a,3,2,True,torus_fractional_coordinate,1a;1a;1a;1a;1a;1a;1a;1a;1a;1a;1a;1a;1a;1a;1a;1a;1a;1a;1a;1a;1a;1a;1a;1a;1a;1a;1a;1a;1a;1a;1a;1a;1a;1a;1a;1a;1a;1a;1a;1a
SG1|1a;1a;1a;1a;1a;1a;1a;1a;1a;1a;1a;1a;1a;1a;1a;1a;1a;1a;1a;1a;1a;1a;1a;1a;1a;1a;1a;1a;1a;1a;1a;1a;1a;1a;1a;1a;1a;1a;1a;1a,1,60,orbit18_fp0,wyckoff_orbit,18,1a,3,0,True,torus_fractional_coordinate,1a;1a;1a;1a;1a;1a;1a;1a;1a;1a;1a;1a;1a;1a;1a;1a;1a;1a;1a;1a;1a;1a;1a;1a;1a;1a;1a;1a;1a;1a;1a;1a;1a;1a;1a;1a;1a;1a;1a;1a
SG1|1a;1a;1a;1a;1a;1a;1a;1a;1a;1a;1a;1a;1a;1a;1a;1a;1a;1a;1a;1a;1a;1a;1a;1a;1a;1a;1a;1a;1a;1a;1a;1a;1a;1a;1a;1a;1a;1a;1a;1a,1,61,orbit18_fp1,wyckoff_orbit,18,1a,3,1,True,torus_fractional_coordinate,1a;1a;1a;1a;1a;1a;1a;1a;1a;1a;1a;1a;1a;1a;1a;1a;1a;1a;1a;1a;1a;1a;1a;1a;1a;1a;1a;1a;1a;1a;1a;1a;1a;1a;1a;1a;1a;1a;1a;1a
SG1|1a;1a;1a;1a;1a;1a;1a;1a;1a;1a;1a;1a;1a;1a;1a;1a;1a;1a;1a;1a;1a;1a;1a;1a;1a;1a;1a;1a;1a;1a;1a;1a;1a;1a;1a;1a;1a;1a;1a;1a,1,62,orbit18_fp2,wyckoff_orbit,18,1a,3,2,True,torus_fractional_coordinate,1a;1a;1a;1a;1a;1a;1a;1a;1a;1a;1a;1a;1a;1a;1a;1a;1a;1a;1a;1a;1a;1a;1a;1a;1a;1a;1a;1a;1a;1a;1a;1a;1a;1a;1a;1a;1a;1a;1a;1a
SG1|1a;1a;1a;1a;1a;1a;1a;1a;1a;1a;1a;1a;1a;1a;1a;1a;1a;1a;1a;1a;1a;1a;1a;1a;1a;1a;1a;1a;1a;1a;1a;1a;1a;1a;1a;1a;1a;1a;1a;1a,1,63,orbit19_fp0,wyckoff_orbit,19,1a,3,0,True,torus_fractional_coordinate,1a;1a;1a;1a;1a;1a;1a;1a;1a;1a;1a;1a;1a;1a;1a;1a;1a;1a;1a;1a;1a;1a;1a;1a;1a;1a;1a;1a;1a;1a;1a;1a;1a;1a;1a;1a;1a;1a;1a;1a
SG1|1a;1a;1a;1a;1a;1a;1a;1a;1a;1a;1a;1a;1a;1a;1a;1a;1a;1a;1a;1a;1a;1a;1a;1a;1a;1a;1a;1a;1a;1a;1a;1a;1a;1a;1a;1a;1a;1a;1a;1a,1,64,orbit19_fp1,wyckoff_orbit,19,1a,3,1,True,torus_fractional_coordinate,1a;1a;1a;1a;1a;1a;1a;1a;1a;1a;1a;1a;1a;1a;1a;1a;1a;1a;1a;1a;1a;1a;1a;1a;1a;1a;1a;1a;1a;1a;1a;1a;1a;1a;1a;1a;1a;1a;1a;1a
SG1|1a;1a;1a;1a;1a;1a;1a;1a;1a;1a;1a;1a;1a;1a;1a;1a;1a;1a;1a;1a;1a;1a;1a;1a;1a;1a;1a;1a;1a;1a;1a;1a;1a;1a;1a;1a;1a;1a;1a;1a,1,65,orbit19_fp2,wyckoff_orbit,19,1a,3,2,True,torus_fractional_coordinate,1a;1a;1a;1a;1a;1a;1a;1a;1a;1a;1a;1a;1a;1a;1a;1a;1a;1a;1a;1a;1a;1a;1a;1a;1a;1a;1a;1a;1a;1a;1a;1a;1a;1a;1a;1a;1a;1a;1a;1a
SG1|1a;1a;1a;1a;1a;1a;1a;1a;1a;1a;1a;1a;1a;1a;1a;1a;1a;1a;1a;1a;1a;1a;1a;1a;1a;1a;1a;1a;1a;1a;1a;1a;1a;1a;1a;1a;1a;1a;1a;1a,1,66,orbit20_fp0,wyckoff_orbit,20,1a,3,0,True,torus_fractional_coordinate,1a;1a;1a;1a;1a;1a;1a;1a;1a;1a;1a;1a;1a;1a;1a;1a;1a;1a;1a;1a;1a;1a;1a;1a;1a;1a;1a;1a;1a;1a;1a;1a;1a;1a;1a;1a;1a;1a;1a;1a
SG1|1a;1a;1a;1a;1a;1a;1a;1a;1a;1a;1a;1a;1a;1a;1a;1a;1a;1a;1a;1a;1a;1a;1a;1a;1a;1a;1a;1a;1a;1a;1a;1a;1a;1a;1a;1a;1a;1a;1a;1a,1,67,orbit20_fp1,wyckoff_orbit,20,1a,3,1,True,torus_fractional_coordinate,1a;1a;1a;1a;1a;1a;1a;1a;1a;1a;1a;1a;1a;1a;1a;1a;1a;1a;1a;1a;1a;1a;1a;1a;1a;1a;1a;1a;1a;1a;1a;1a;1a;1a;1a;1a;1a;1a;1a;1a
SG1|1a;1a;1a;1a;1a;1a;1a;1a;1a;1a;1a;1a;1a;1a;1a;1a;1a;1a;1a;1a;1a;1a;1a;1a;1a;1a;1a;1a;1a;1a;1a;1a;1a;1a;1a;1a;1a;1a;1a;1a,1,68,orbit20_fp2,wyckoff_orbit,20,1a,3,2,True,torus_fractional_coordinate,1a;1a;1a;1a;1a;1a;1a;1a;1a;1a;1a;1a;1a;1a;1a;1a;1a;1a;1a;1a;1a;1a;1a;1a;1a;1a;1a;1a;1a;1a;1a;1a;1a;1a;1a;1a;1a;1a;1a;1a
SG1|1a;1a;1a;1a;1a;1a;1a;1a;1a;1a;1a;1a;1a;1a;1a;1a;1a;1a;1a;1a;1a;1a;1a;1a;1a;1a;1a;1a;1a;1a;1a;1a;1a;1a;1a;1a;1a;1a;1a;1a,1,69,orbit21_fp0,wyckoff_orbit,21,1a,3,0,True,torus_fractional_coordinate,1a;1a;1a;1a;1a;1a;1a;1a;1a;1a;1a;1a;1a;1a;1a;1a;1a;1a;1a;1a;1a;1a;1a;1a;1a;1a;1a;1a;1a;1a;1a;1a;1a;1a;1a;1a;1a;1a;1a;1a
SG1|1a;1a;1a;1a;1a;1a;1a;1a;1a;1a;1a;1a;1a;1a;1a;1a;1a;1a;1a;1a;1a;1a;1a;1a;1a;1a;1a;1a;1a;1a;1a;1a;1a;1a;1a;1a;1a;1a;1a;1a,1,70,orbit21_fp1,wyckoff_orbit,21,1a,3,1,True,torus_fractional_coordinate,1a;1a;1a;1a;1a;1a;1a;1a;1a;1a;1a;1a;1a;1a;1a;1a;1a;1a;1a;1a;1a;1a;1a;1a;1a;1a;1a;1a;1a;1a;1a;1a;1a;1a;1a;1a;1a;1a;1a;1a
SG1|1a;1a;1a;1a;1a;1a;1a;1a;1a;1a;1a;1a;1a;1a;1a;1a;1a;1a;1a;1a;1a;1a;1a;1a;1a;1a;1a;1a;1a;1a;1a;1a;1a;1a;1a;1a;1a;1a;1a;1a,1,71,orbit21_fp2,wyckoff_orbit,21,1a,3,2,True,torus_fractional_coordinate,1a;1a;1a;1a;1a;1a;1a;1a;1a;1a;1a;1a;1a;1a;1a;1a;1a;1a;1a;1a;1a;1a;1a;1a;1a;1a;1a;1a;1a;1a;1a;1a;1a;1a;1a;1a;1a;1a;1a;1a
SG1|1a;1a;1a;1a;1a;1a;1a;1a;1a;1a;1a;1a;1a;1a;1a;1a;1a;1a;1a;1a;1a;1a;1a;1a;1a;1a;1a;1a;1a;1a;1a;1a;1a;1a;1a;1a;1a;1a;1a;1a,1,72,orbit22_fp0,wyckoff_orbit,22,1a,3,0,True,torus_fractional_coordinate,1a;1a;1a;1a;1a;1a;1a;1a;1a;1a;1a;1a;1a;1a;1a;1a;1a;1a;1a;1a;1a;1a;1a;1a;1a;1a;1a;1a;1a;1a;1a;1a;1a;1a;1a;1a;1a;1a;1a;1a
SG1|1a;1a;1a;1a;1a;1a;1a;1a;1a;1a;1a;1a;1a;1a;1a;1a;1a;1a;1a;1a;1a;1a;1a;1a;1a;1a;1a;1a;1a;1a;1a;1a;1a;1a;1a;1a;1a;1a;1a;1a,1,73,orbit22_fp1,wyckoff_orbit,22,1a,3,1,True,torus_fractional_coordinate,1a;1a;1a;1a;1a;1a;1a;1a;1a;1a;1a;1a;1a;1a;1a;1a;1a;1a;1a;1a;1a;1a;1a;1a;1a;1a;1a;1a;1a;1a;1a;1a;1a;1a;1a;1a;1a;1a;1a;1a
SG1|1a;1a;1a;1a;1a;1a;1a;1a;1a;1a;1a;1a;1a;1a;1a;1a;1a;1a;1a;1a;1a;1a;1a;1a;1a;1a;1a;1a;1a;1a;1a;1a;1a;1a;1a;1a;1a;1a;1a;1a,1,74,orbit22_fp2,wyckoff_orbit,22,1a,3,2,True,torus_fractional_coordinate,1a;1a;1a;1a;1a;1a;1a;1a;1a;1a;1a;1a;1a;1a;1a;1a;1a;1a;1a;1a;1a;1a;1a;1a;1a;1a;1a;1a;1a;1a;1a;1a;1a;1a;1a;1a;1a;1a;1a;1a
SG1|1a;1a;1a;1a;1a;1a;1a;1a;1a;1a;1a;1a;1a;1a;1a;1a;1a;1a;1a;1a;1a;1a;1a;1a;1a;1a;1a;1a;1a;1a;1a;1a;1a;1a;1a;1a;1a;1a;1a;1a,1,75,orbit23_fp0,wyckoff_orbit,23,1a,3,0,True,torus_fractional_coordinate,1a;1a;1a;1a;1a;1a;1a;1a;1a;1a;1a;1a;1a;1a;1a;1a;1a;1a;1a;1a;1a;1a;1a;1a;1a;1a;1a;1a;1a;1a;1a;1a;1a;1a;1a;1a;1a;1a;1a;1a
SG1|1a;1a;1a;1a;1a;1a;1a;1a;1a;1a;1a;1a;1a;1a;1a;1a;1a;1a;1a;1a;1a;1a;1a;1a;1a;1a;1a;1a;1a;1a;1a;1a;1a;1a;1a;1a;1a;1a;1a;1a,1,76,orbit23_fp1,wyckoff_orbit,23,1a,3,1,True,torus_fractional_coordinate,1a;1a;1a;1a;1a;1a;1a;1a;1a;1a;1a;1a;1a;1a;1a;1a;1a;1a;1a;1a;1a;1a;1a;1a;1a;1a;1a;1a;1a;1a;1a;1a;1a;1a;1a;1a;1a;1a;1a;1a
SG1|1a;1a;1a;1a;1a;1a;1a;1a;1a;1a;1a;1a;1a;1a;1a;1a;1a;1a;1a;1a;1a;1a;1a;1a;1a;1a;1a;1a;1a;1a;1a;1a;1a;1a;1a;1a;1a;1a;1a;1a,1,77,orbit23_fp2,wyckoff_orbit,23,1a,3,2,True,torus_fractional_coordinate,1a;1a;1a;1a;1a;1a;1a;1a;1a;1a;1a;1a;1a;1a;1a;1a;1a;1a;1a;1a;1a;1a;1a;1a;1a;1a;1a;1a;1a;1a;1a;1a;1a;1a;1a;1a;1a;1a;1a;1a
SG1|1a;1a;1a;1a;1a;1a;1a;1a;1a;1a;1a;1a;1a;1a;1a;1a;1a;1a;1a;1a;1a;1a;1a;1a;1a;1a;1a;1a;1a;1a;1a;1a;1a;1a;1a;1a;1a;1a;1a;1a,1,78,orbit24_fp0,wyckoff_orbit,24,1a,3,0,True,torus_fractional_coordinate,1a;1a;1a;1a;1a;1a;1a;1a;1a;1a;1a;1a;1a;1a;1a;1a;1a;1a;1a;1a;1a;1a;1a;1a;1a;1a;1a;1a;1a;1a;1a;1a;1a;1a;1a;1a;1a;1a;1a;1a
SG1|1a;1a;1a;1a;1a;1a;1a;1a;1a;1a;1a;1a;1a;1a;1a;1a;1a;1a;1a;1a;1a;1a;1a;1a;1a;1a;1a;1a;1a;1a;1a;1a;1a;1a;1a;1a;1a;1a;1a;1a,1,79,orbit24_fp1,wyckoff_orbit,24,1a,3,1,True,torus_fractional_coordinate,1a;1a;1a;1a;1a;1a;1a;1a;1a;1a;1a;1a;1a;1a;1a;1a;1a;1a;1a;1a;1a;1a;1a;1a;1a;1a;1a;1a;1a;1a;1a;1a;1a;1a;1a;1a;1a;1a;1a;1a
SG1|1a;1a;1a;1a;1a;1a;1a;1a;1a;1a;1a;1a;1a;1a;1a;1a;1a;1a;1a;1a;1a;1a;1a;1a;1a;1a;1a;1a;1a;1a;1a;1a;1a;1a;1a;1a;1a;1a;1a;1a,1,80,orbit24_fp2,wyckoff_orbit,24,1a,3,2,True,torus_fractional_coordinate,1a;1a;1a;1a;1a;1a;1a;1a;1a;1a;1a;1a;1a;1a;1a;1a;1a;1a;1a;1a;1a;1a;1a;1a;1a;1a;1a;1a;1a;1a;1a;1a;1a;1a;1a;1a;1a;1a;1a;1a
SG1|1a;1a;1a;1a;1a;1a;1a;1a;1a;1a;1a;1a;1a;1a;1a;1a;1a;1a;1a;1a;1a;1a;1a;1a;1a;1a;1a;1a;1a;1a;1a;1a;1a;1a;1a;1a;1a;1a;1a;1a,1,81,orbit25_fp0,wyckoff_orbit,25,1a,3,0,True,torus_fractional_coordinate,1a;1a;1a;1a;1a;1a;1a;1a;1a;1a;1a;1a;1a;1a;1a;1a;1a;1a;1a;1a;1a;1a;1a;1a;1a;1a;1a;1a;1a;1a;1a;1a;1a;1a;1a;1a;1a;1a;1a;1a
SG1|1a;1a;1a;1a;1a;1a;1a;1a;1a;1a;1a;1a;1a;1a;1a;1a;1a;1a;1a;1a;1a;1a;1a;1a;1a;1a;1a;1a;1a;1a;1a;1a;1a;1a;1a;1a;1a;1a;1a;1a,1,82,orbit25_fp1,wyckoff_orbit,25,1a,3,1,True,torus_fractional_coordinate,1a;1a;1a;1a;1a;1a;1a;1a;1a;1a;1a;1a;1a;1a;1a;1a;1a;1a;1a;1a;1a;1a;1a;1a;1a;1a;1a;1a;1a;1a;1a;1a;1a;1a;1a;1a;1a;1a;1a;1a
SG1|1a;1a;1a;1a;1a;1a;1a;1a;1a;1a;1a;1a;1a;1a;1a;1a;1a;1a;1a;1a;1a;1a;1a;1a;1a;1a;1a;1a;1a;1a;1a;1a;1a;1a;1a;1a;1a;1a;1a;1a,1,83,orbit25_fp2,wyckoff_orbit,25,1a,3,2,True,torus_fractional_coordinate,1a;1a;1a;1a;1a;1a;1a;1a;1a;1a;1a;1a;1a;1a;1a;1a;1a;1a;1a;1a;1a;1a;1a;1a;1a;1a;1a;1a;1a;1a;1a;1a;1a;1a;1a;1a;1a;1a;1a;1a
SG1|1a;1a;1a;1a;1a;1a;1a;1a;1a;1a;1a;1a;1a;1a;1a;1a;1a;1a;1a;1a;1a;1a;1a;1a;1a;1a;1a;1a;1a;1a;1a;1a;1a;1a;1a;1a;1a;1a;1a;1a,1,84,orbit26_fp0,wyckoff_orbit,26,1a,3,0,True,torus_fractional_coordinate,1a;1a;1a;1a;1a;1a;1a;1a;1a;1a;1a;1a;1a;1a;1a;1a;1a;1a;1a;1a;1a;1a;1a;1a;1a;1a;1a;1a;1a;1a;1a;1a;1a;1a;1a;1a;1a;1a;1a;1a
SG1|1a;1a;1a;1a;1a;1a;1a;1a;1a;1a;1a;1a;1a;1a;1a;1a;1a;1a;1a;1a;1a;1a;1a;1a;1a;1a;1a;1a;1a;1a;1a;1a;1a;1a;1a;1a;1a;1a;1a;1a,1,85,orbit26_fp1,wyckoff_orbit,26,1a,3,1,True,torus_fractional_coordinate,1a;1a;1a;1a;1a;1a;1a;1a;1a;1a;1a;1a;1a;1a;1a;1a;1a;1a;1a;1a;1a;1a;1a;1a;1a;1a;1a;1a;1a;1a;1a;1a;1a;1a;1a;1a;1a;1a;1a;1a
SG1|1a;1a;1a;1a;1a;1a;1a;1a;1a;1a;1a;1a;1a;1a;1a;1a;1a;1a;1a;1a;1a;1a;1a;1a;1a;1a;1a;1a;1a;1a;1a;1a;1a;1a;1a;1a;1a;1a;1a;1a,1,86,orbit26_fp2,wyckoff_orbit,26,1a,3,2,True,torus_fractional_coordinate,1a;1a;1a;1a;1a;1a;1a;1a;1a;1a;1a;1a;1a;1a;1a;1a;1a;1a;1a;1a;1a;1a;1a;1a;1a;1a;1a;1a;1a;1a;1a;1a;1a;1a;1a;1a;1a;1a;1a;1a
SG1|1a;1a;1a;1a;1a;1a;1a;1a;1a;1a;1a;1a;1a;1a;1a;1a;1a;1a;1a;1a;1a;1a;1a;1a;1a;1a;1a;1a;1a;1a;1a;1a;1a;1a;1a;1a;1a;1a;1a;1a,1,87,orbit27_fp0,wyckoff_orbit,27,1a,3,0,True,torus_fractional_coordinate,1a;1a;1a;1a;1a;1a;1a;1a;1a;1a;1a;1a;1a;1a;1a;1a;1a;1a;1a;1a;1a;1a;1a;1a;1a;1a;1a;1a;1a;1a;1a;1a;1a;1a;1a;1a;1a;1a;1a;1a
SG1|1a;1a;1a;1a;1a;1a;1a;1a;1a;1a;1a;1a;1a;1a;1a;1a;1a;1a;1a;1a;1a;1a;1a;1a;1a;1a;1a;1a;1a;1a;1a;1a;1a;1a;1a;1a;1a;1a;1a;1a,1,88,orbit27_fp1,wyckoff_orbit,27,1a,3,1,True,torus_fractional_coordinate,1a;1a;1a;1a;1a;1a;1a;1a;1a;1a;1a;1a;1a;1a;1a;1a;1a;1a;1a;1a;1a;1a;1a;1a;1a;1a;1a;1a;1a;1a;1a;1a;1a;1a;1a;1a;1a;1a;1a;1a
SG1|1a;1a;1a;1a;1a;1a;1a;1a;1a;1a;1a;1a;1a;1a;1a;1a;1a;1a;1a;1a;1a;1a;1a;1a;1a;1a;1a;1a;1a;1a;1a;1a;1a;1a;1a;1a;1a;1a;1a;1a,1,89,orbit27_fp2,wyckoff_orbit,27,1a,3,2,True,torus_fractional_coordinate,1a;1a;1a;1a;1a;1a;1a;1a;1a;1a;1a;1a;1a;1a;1a;1a;1a;1a;1a;1a;1a;1a;1a;1a;1a;1a;1a;1a;1a;1a;1a;1a;1a;1a;1a;1a;1a;1a;1a;1a
SG1|1a;1a;1a;1a;1a;1a;1a;1a;1a;1a;1a;1a;1a;1a;1a;1a;1a;1a;1a;1a;1a;1a;1a;1a;1a;1a;1a;1a;1a;1a;1a;1a;1a;1a;1a;1a;1a;1a;1a;1a,1,90,orbit28_fp0,wyckoff_orbit,28,1a,3,0,True,torus_fractional_coordinate,1a;1a;1a;1a;1a;1a;1a;1a;1a;1a;1a;1a;1a;1a;1a;1a;1a;1a;1a;1a;1a;1a;1a;1a;1a;1a;1a;1a;1a;1a;1a;1a;1a;1a;1a;1a;1a;1a;1a;1a
SG1|1a;1a;1a;1a;1a;1a;1a;1a;1a;1a;1a;1a;1a;1a;1a;1a;1a;1a;1a;1a;1a;1a;1a;1a;1a;1a;1a;1a;1a;1a;1a;1a;1a;1a;1a;1a;1a;1a;1a;1a,1,91,orbit28_fp1,wyckoff_orbit,28,1a,3,1,True,torus_fractional_coordinate,1a;1a;1a;1a;1a;1a;1a;1a;1a;1a;1a;1a;1a;1a;1a;1a;1a;1a;1a;1a;1a;1a;1a;1a;1a;1a;1a;1a;1a;1a;1a;1a;1a;1a;1a;1a;1a;1a;1a;1a
SG1|1a;1a;1a;1a;1a;1a;1a;1a;1a;1a;1a;1a;1a;1a;1a;1a;1a;1a;1a;1a;1a;1a;1a;1a;1a;1a;1a;1a;1a;1a;1a;1a;1a;1a;1a;1a;1a;1a;1a;1a,1,92,orbit28_fp2,wyckoff_orbit,28,1a,3,2,True,torus_fractional_coordinate,1a;1a;1a;1a;1a;1a;1a;1a;1a;1a;1a;1a;1a;1a;1a;1a;1a;1a;1a;1a;1a;1a;1a;1a;1a;1a;1a;1a;1a;1a;1a;1a;1a;1a;1a;1a;1a;1a;1a;1a
SG1|1a;1a;1a;1a;1a;1a;1a;1a;1a;1a;1a;1a;1a;1a;1a;1a;1a;1a;1a;1a;1a;1a;1a;1a;1a;1a;1a;1a;1a;1a;1a;1a;1a;1a;1a;1a;1a;1a;1a;1a,1,93,orbit29_fp0,wyckoff_orbit,29,1a,3,0,True,torus_fractional_coordinate,1a;1a;1a;1a;1a;1a;1a;1a;1a;1a;1a;1a;1a;1a;1a;1a;1a;1a;1a;1a;1a;1a;1a;1a;1a;1a;1a;1a;1a;1a;1a;1a;1a;1a;1a;1a;1a;1a;1a;1a
SG1|1a;1a;1a;1a;1a;1a;1a;1a;1a;1a;1a;1a;1a;1a;1a;1a;1a;1a;1a;1a;1a;1a;1a;1a;1a;1a;1a;1a;1a;1a;1a;1a;1a;1a;1a;1a;1a;1a;1a;1a,1,94,orbit29_fp1,wyckoff_orbit,29,1a,3,1,True,torus_fractional_coordinate,1a;1a;1a;1a;1a;1a;1a;1a;1a;1a;1a;1a;1a;1a;1a;1a;1a;1a;1a;1a;1a;1a;1a;1a;1a;1a;1a;1a;1a;1a;1a;1a;1a;1a;1a;1a;1a;1a;1a;1a
SG1|1a;1a;1a;1a;1a;1a;1a;1a;1a;1a;1a;1a;1a;1a;1a;1a;1a;1a;1a;1a;1a;1a;1a;1a;1a;1a;1a;1a;1a;1a;1a;1a;1a;1a;1a;1a;1a;1a;1a;1a,1,95,orbit29_fp2,wyckoff_orbit,29,1a,3,2,True,torus_fractional_coordinate,1a;1a;1a;1a;1a;1a;1a;1a;1a;1a;1a;1a;1a;1a;1a;1a;1a;1a;1a;1a;1a;1a;1a;1a;1a;1a;1a;1a;1a;1a;1a;1a;1a;1a;1a;1a;1a;1a;1a;1a
SG1|1a;1a;1a;1a;1a;1a;1a;1a;1a;1a;1a;1a;1a;1a;1a;1a;1a;1a;1a;1a;1a;1a;1a;1a;1a;1a;1a;1a;1a;1a;1a;1a;1a;1a;1a;1a;1a;1a;1a;1a,1,96,orbit30_fp0,wyckoff_orbit,30,1a,3,0,True,torus_fractional_coordinate,1a;1a;1a;1a;1a;1a;1a;1a;1a;1a;1a;1a;1a;1a;1a;1a;1a;1a;1a;1a;1a;1a;1a;1a;1a;1a;1a;1a;1a;1a;1a;1a;1a;1a;1a;1a;1a;1a;1a;1a
SG1|1a;1a;1a;1a;1a;1a;1a;1a;1a;1a;1a;1a;1a;1a;1a;1a;1a;1a;1a;1a;1a;1a;1a;1a;1a;1a;1a;1a;1a;1a;1a;1a;1a;1a;1a;1a;1a;1a;1a;1a,1,97,orbit30_fp1,wyckoff_orbit,30,1a,3,1,True,torus_fractional_coordinate,1a;1a;1a;1a;1a;1a;1a;1a;1a;1a;1a;1a;1a;1a;1a;1a;1a;1a;1a;1a;1a;1a;1a;1a;1a;1a;1a;1a;1a;1a;1a;1a;1a;1a;1a;1a;1a;1a;1a;1a
SG1|1a;1a;1a;1a;1a;1a;1a;1a;1a;1a;1a;1a;1a;1a;1a;1a;1a;1a;1a;1a;1a;1a;1a;1a;1a;1a;1a;1a;1a;1a;1a;1a;1a;1a;1a;1a;1a;1a;1a;1a,1,98,orbit30_fp2,wyckoff_orbit,30,1a,3,2,True,torus_fractional_coordinate,1a;1a;1a;1a;1a;1a;1a;1a;1a;1a;1a;1a;1a;1a;1a;1a;1a;1a;1a;1a;1a;1a;1a;1a;1a;1a;1a;1a;1a;1a;1a;1a;1a;1a;1a;1a;1a;1a;1a;1a
SG1|1a;1a;1a;1a;1a;1a;1a;1a;1a;1a;1a;1a;1a;1a;1a;1a;1a;1a;1a;1a;1a;1a;1a;1a;1a;1a;1a;1a;1a;1a;1a;1a;1a;1a;1a;1a;1a;1a;1a;1a,1,99,orbit31_fp0,wyckoff_orbit,31,1a,3,0,True,torus_fractional_coordinate,1a;1a;1a;1a;1a;1a;1a;1a;1a;1a;1a;1a;1a;1a;1a;1a;1a;1a;1a;1a;1a;1a;1a;1a;1a;1a;1a;1a;1a;1a;1a;1a;1a;1a;1a;1a;1a;1a;1a;1a
SG1|1a;1a;1a;1a;1a;1a;1a;1a;1a;1a;1a;1a;1a;1a;1a;1a;1a;1a;1a;1a;1a;1a;1a;1a;1a;1a;1a;1a;1a;1a;1a;1a;1a;1a;1a;1a;1a;1a;1a;1a,1,100,orbit31_fp1,wyckoff_orbit,31,1a,3,1,True,torus_fractional_coordinate,1a;1a;1a;1a;1a;1a;1a;1a;1a;1a;1a;1a;1a;1a;1a;1a;1a;1a;1a;1a;1a;1a;1a;1a;1a;1a;1a;1a;1a;1a;1a;1a;1a;1a;1a;1a;1a;1a;1a;1a
SG1|1a;1a;1a;1a;1a;1a;1a;1a;1a;1a;1a;1a;1a;1a;1a;1a;1a;1a;1a;1a;1a;1a;1a;1a;1a;1a;1a;1a;1a;1a;1a;1a;1a;1a;1a;1a;1a;1a;1a;1a,1,101,orbit31_fp2,wyckoff_orbit,31,1a,3,2,True,torus_fractional_coordinate,1a;1a;1a;1a;1a;1a;1a;1a;1a;1a;1a;1a;1a;1a;1a;1a;1a;1a;1a;1a;1a;1a;1a;1a;1a;1a;1a;1a;1a;1a;1a;1a;1a;1a;1a;1a;1a;1a;1a;1a
SG1|1a;1a;1a;1a;1a;1a;1a;1a;1a;1a;1a;1a;1a;1a;1a;1a;1a;1a;1a;1a;1a;1a;1a;1a;1a;1a;1a;1a;1a;1a;1a;1a;1a;1a;1a;1a;1a;1a;1a;1a,1,102,orbit32_fp0,wyckoff_orbit,32,1a,3,0,True,torus_fractional_coordinate,1a;1a;1a;1a;1a;1a;1a;1a;1a;1a;1a;1a;1a;1a;1a;1a;1a;1a;1a;1a;1a;1a;1a;1a;1a;1a;1a;1a;1a;1a;1a;1a;1a;1a;1a;1a;1a;1a;1a;1a
SG1|1a;1a;1a;1a;1a;1a;1a;1a;1a;1a;1a;1a;1a;1a;1a;1a;1a;1a;1a;1a;1a;1a;1a;1a;1a;1a;1a;1a;1a;1a;1a;1a;1a;1a;1a;1a;1a;1a;1a;1a,1,103,orbit32_fp1,wyckoff_orbit,32,1a,3,1,True,torus_fractional_coordinate,1a;1a;1a;1a;1a;1a;1a;1a;1a;1a;1a;1a;1a;1a;1a;1a;1a;1a;1a;1a;1a;1a;1a;1a;1a;1a;1a;1a;1a;1a;1a;1a;1a;1a;1a;1a;1a;1a;1a;1a
SG1|1a;1a;1a;1a;1a;1a;1a;1a;1a;1a;1a;1a;1a;1a;1a;1a;1a;1a;1a;1a;1a;1a;1a;1a;1a;1a;1a;1a;1a;1a;1a;1a;1a;1a;1a;1a;1a;1a;1a;1a,1,104,orbit32_fp2,wyckoff_orbit,32,1a,3,2,True,torus_fractional_coordinate,1a;1a;1a;1a;1a;1a;1a;1a;1a;1a;1a;1a;1a;1a;1a;1a;1a;1a;1a;1a;1a;1a;1a;1a;1a;1a;1a;1a;1a;1a;1a;1a;1a;1a;1a;1a;1a;1a;1a;1a
SG1|1a;1a;1a;1a;1a;1a;1a;1a;1a;1a;1a;1a;1a;1a;1a;1a;1a;1a;1a;1a;1a;1a;1a;1a;1a;1a;1a;1a;1a;1a;1a;1a;1a;1a;1a;1a;1a;1a;1a;1a,1,105,orbit33_fp0,wyckoff_orbit,33,1a,3,0,True,torus_fractional_coordinate,1a;1a;1a;1a;1a;1a;1a;1a;1a;1a;1a;1a;1a;1a;1a;1a;1a;1a;1a;1a;1a;1a;1a;1a;1a;1a;1a;1a;1a;1a;1a;1a;1a;1a;1a;1a;1a;1a;1a;1a
SG1|1a;1a;1a;1a;1a;1a;1a;1a;1a;1a;1a;1a;1a;1a;1a;1a;1a;1a;1a;1a;1a;1a;1a;1a;1a;1a;1a;1a;1a;1a;1a;1a;1a;1a;1a;1a;1a;1a;1a;1a,1,106,orbit33_fp1,wyckoff_orbit,33,1a,3,1,True,torus_fractional_coordinate,1a;1a;1a;1a;1a;1a;1a;1a;1a;1a;1a;1a;1a;1a;1a;1a;1a;1a;1a;1a;1a;1a;1a;1a;1a;1a;1a;1a;1a;1a;1a;1a;1a;1a;1a;1a;1a;1a;1a;1a
SG1|1a;1a;1a;1a;1a;1a;1a;1a;1a;1a;1a;1a;1a;1a;1a;1a;1a;1a;1a;1a;1a;1a;1a;1a;1a;1a;1a;1a;1a;1a;1a;1a;1a;1a;1a;1a;1a;1a;1a;1a,1,107,orbit33_fp2,wyckoff_orbit,33,1a,3,2,True,torus_fractional_coordinate,1a;1a;1a;1a;1a;1a;1a;1a;1a;1a;1a;1a;1a;1a;1a;1a;1a;1a;1a;1a;1a;1a;1a;1a;1a;1a;1a;1a;1a;1a;1a;1a;1a;1a;1a;1a;1a;1a;1a;1a
SG1|1a;1a;1a;1a;1a;1a;1a;1a;1a;1a;1a;1a;1a;1a;1a;1a;1a;1a;1a;1a;1a;1a;1a;1a;1a;1a;1a;1a;1a;1a;1a;1a;1a;1a;1a;1a;1a;1a;1a;1a,1,108,orbit34_fp0,wyckoff_orbit,34,1a,3,0,True,torus_fractional_coordinate,1a;1a;1a;1a;1a;1a;1a;1a;1a;1a;1a;1a;1a;1a;1a;1a;1a;1a;1a;1a;1a;1a;1a;1a;1a;1a;1a;1a;1a;1a;1a;1a;1a;1a;1a;1a;1a;1a;1a;1a
SG1|1a;1a;1a;1a;1a;1a;1a;1a;1a;1a;1a;1a;1a;1a;1a;1a;1a;1a;1a;1a;1a;1a;1a;1a;1a;1a;1a;1a;1a;1a;1a;1a;1a;1a;1a;1a;1a;1a;1a;1a,1,109,orbit34_fp1,wyckoff_orbit,34,1a,3,1,True,torus_fractional_coordinate,1a;1a;1a;1a;1a;1a;1a;1a;1a;1a;1a;1a;1a;1a;1a;1a;1a;1a;1a;1a;1a;1a;1a;1a;1a;1a;1a;1a;1a;1a;1a;1a;1a;1a;1a;1a;1a;1a;1a;1a
SG1|1a;1a;1a;1a;1a;1a;1a;1a;1a;1a;1a;1a;1a;1a;1a;1a;1a;1a;1a;1a;1a;1a;1a;1a;1a;1a;1a;1a;1a;1a;1a;1a;1a;1a;1a;1a;1a;1a;1a;1a,1,110,orbit34_fp2,wyckoff_orbit,34,1a,3,2,True,torus_fractional_coordinate,1a;1a;1a;1a;1a;1a;1a;1a;1a;1a;1a;1a;1a;1a;1a;1a;1a;1a;1a;1a;1a;1a;1a;1a;1a;1a;1a;1a;1a;1a;1a;1a;1a;1a;1a;1a;1a;1a;1a;1a
SG1|1a;1a;1a;1a;1a;1a;1a;1a;1a;1a;1a;1a;1a;1a;1a;1a;1a;1a;1a;1a;1a;1a;1a;1a;1a;1a;1a;1a;1a;1a;1a;1a;1a;1a;1a;1a;1a;1a;1a;1a,1,111,orbit35_fp0,wyckoff_orbit,35,1a,3,0,True,torus_fractional_coordinate,1a;1a;1a;1a;1a;1a;1a;1a;1a;1a;1a;1a;1a;1a;1a;1a;1a;1a;1a;1a;1a;1a;1a;1a;1a;1a;1a;1a;1a;1a;1a;1a;1a;1a;1a;1a;1a;1a;1a;1a
SG1|1a;1a;1a;1a;1a;1a;1a;1a;1a;1a;1a;1a;1a;1a;1a;1a;1a;1a;1a;1a;1a;1a;1a;1a;1a;1a;1a;1a;1a;1a;1a;1a;1a;1a;1a;1a;1a;1a;1a;1a,1,112,orbit35_fp1,wyckoff_orbit,35,1a,3,1,True,torus_fractional_coordinate,1a;1a;1a;1a;1a;1a;1a;1a;1a;1a;1a;1a;1a;1a;1a;1a;1a;1a;1a;1a;1a;1a;1a;1a;1a;1a;1a;1a;1a;1a;1a;1a;1a;1a;1a;1a;1a;1a;1a;1a
SG1|1a;1a;1a;1a;1a;1a;1a;1a;1a;1a;1a;1a;1a;1a;1a;1a;1a;1a;1a;1a;1a;1a;1a;1a;1a;1a;1a;1a;1a;1a;1a;1a;1a;1a;1a;1a;1a;1a;1a;1a,1,113,orbit35_fp2,wyckoff_orbit,35,1a,3,2,True,torus_fractional_coordinate,1a;1a;1a;1a;1a;1a;1a;1a;1a;1a;1a;1a;1a;1a;1a;1a;1a;1a;1a;1a;1a;1a;1a;1a;1a;1a;1a;1a;1a;1a;1a;1a;1a;1a;1a;1a;1a;1a;1a;1a
SG1|1a;1a;1a;1a;1a;1a;1a;1a;1a;1a;1a;1a;1a;1a;1a;1a;1a;1a;1a;1a;1a;1a;1a;1a;1a;1a;1a;1a;1a;1a;1a;1a;1a;1a;1a;1a;1a;1a;1a;1a,1,114,orbit36_fp0,wyckoff_orbit,36,1a,3,0,True,torus_fractional_coordinate,1a;1a;1a;1a;1a;1a;1a;1a;1a;1a;1a;1a;1a;1a;1a;1a;1a;1a;1a;1a;1a;1a;1a;1a;1a;1a;1a;1a;1a;1a;1a;1a;1a;1a;1a;1a;1a;1a;1a;1a
SG1|1a;1a;1a;1a;1a;1a;1a;1a;1a;1a;1a;1a;1a;1a;1a;1a;1a;1a;1a;1a;1a;1a;1a;1a;1a;1a;1a;1a;1a;1a;1a;1a;1a;1a;1a;1a;1a;1a;1a;1a,1,115,orbit36_fp1,wyckoff_orbit,36,1a,3,1,True,torus_fractional_coordinate,1a;1a;1a;1a;1a;1a;1a;1a;1a;1a;1a;1a;1a;1a;1a;1a;1a;1a;1a;1a;1a;1a;1a;1a;1a;1a;1a;1a;1a;1a;1a;1a;1a;1a;1a;1a;1a;1a;1a;1a
SG1|1a;1a;1a;1a;1a;1a;1a;1a;1a;1a;1a;1a;1a;1a;1a;1a;1a;1a;1a;1a;1a;1a;1a;1a;1a;1a;1a;1a;1a;1a;1a;1a;1a;1a;1a;1a;1a;1a;1a;1a,1,116,orbit36_fp2,wyckoff_orbit,36,1a,3,2,True,torus_fractional_coordinate,1a;1a;1a;1a;1a;1a;1a;1a;1a;1a;1a;1a;1a;1a;1a;1a;1a;1a;1a;1a;1a;1a;1a;1a;1a;1a;1a;1a;1a;1a;1a;1a;1a;1a;1a;1a;1a;1a;1a;1a
SG1|1a;1a;1a;1a;1a;1a;1a;1a;1a;1a;1a;1a;1a;1a;1a;1a;1a;1a;1a;1a;1a;1a;1a;1a;1a;1a;1a;1a;1a;1a;1a;1a;1a;1a;1a;1a;1a;1a;1a;1a,1,117,orbit37_fp0,wyckoff_orbit,37,1a,3,0,True,torus_fractional_coordinate,1a;1a;1a;1a;1a;1a;1a;1a;1a;1a;1a;1a;1a;1a;1a;1a;1a;1a;1a;1a;1a;1a;1a;1a;1a;1a;1a;1a;1a;1a;1a;1a;1a;1a;1a;1a;1a;1a;1a;1a
SG1|1a;1a;1a;1a;1a;1a;1a;1a;1a;1a;1a;1a;1a;1a;1a;1a;1a;1a;1a;1a;1a;1a;1a;1a;1a;1a;1a;1a;1a;1a;1a;1a;1a;1a;1a;1a;1a;1a;1a;1a,1,118,orbit37_fp1,wyckoff_orbit,37,1a,3,1,True,torus_fractional_coordinate,1a;1a;1a;1a;1a;1a;1a;1a;1a;1a;1a;1a;1a;1a;1a;1a;1a;1a;1a;1a;1a;1a;1a;1a;1a;1a;1a;1a;1a;1a;1a;1a;1a;1a;1a;1a;1a;1a;1a;1a
SG1|1a;1a;1a;1a;1a;1a;1a;1a;1a;1a;1a;1a;1a;1a;1a;1a;1a;1a;1a;1a;1a;1a;1a;1a;1a;1a;1a;1a;1a;1a;1a;1a;1a;1a;1a;1a;1a;1a;1a;1a,1,119,orbit37_fp2,wyckoff_orbit,37,1a,3,2,True,torus_fractional_coordinate,1a;1a;1a;1a;1a;1a;1a;1a;1a;1a;1a;1a;1a;1a;1a;1a;1a;1a;1a;1a;1a;1a;1a;1a;1a;1a;1a;1a;1a;1a;1a;1a;1a;1a;1a;1a;1a;1a;1a;1a
SG1|1a;1a;1a;1a;1a;1a;1a;1a;1a;1a;1a;1a;1a;1a;1a;1a;1a;1a;1a;1a;1a;1a;1a;1a;1a;1a;1a;1a;1a;1a;1a;1a;1a;1a;1a;1a;1a;1a;1a;1a,1,120,orbit38_fp0,wyckoff_orbit,38,1a,3,0,True,torus_fractional_coordinate,1a;1a;1a;1a;1a;1a;1a;1a;1a;1a;1a;1a;1a;1a;1a;1a;1a;1a;1a;1a;1a;1a;1a;1a;1a;1a;1a;1a;1a;1a;1a;1a;1a;1a;1a;1a;1a;1a;1a;1a
SG1|1a;1a;1a;1a;1a;1a;1a;1a;1a;1a;1a;1a;1a;1a;1a;1a;1a;1a;1a;1a;1a;1a;1a;1a;1a;1a;1a;1a;1a;1a;1a;1a;1a;1a;1a;1a;1a;1a;1a;1a,1,121,orbit38_fp1,wyckoff_orbit,38,1a,3,1,True,torus_fractional_coordinate,1a;1a;1a;1a;1a;1a;1a;1a;1a;1a;1a;1a;1a;1a;1a;1a;1a;1a;1a;1a;1a;1a;1a;1a;1a;1a;1a;1a;1a;1a;1a;1a;1a;1a;1a;1a;1a;1a;1a;1a
SG1|1a;1a;1a;1a;1a;1a;1a;1a;1a;1a;1a;1a;1a;1a;1a;1a;1a;1a;1a;1a;1a;1a;1a;1a;1a;1a;1a;1a;1a;1a;1a;1a;1a;1a;1a;1a;1a;1a;1a;1a,1,122,orbit38_fp2,wyckoff_orbit,38,1a,3,2,True,torus_fractional_coordinate,1a;1a;1a;1a;1a;1a;1a;1a;1a;1a;1a;1a;1a;1a;1a;1a;1a;1a;1a;1a;1a;1a;1a;1a;1a;1a;1a;1a;1a;1a;1a;1a;1a;1a;1a;1a;1a;1a;1a;1a
SG1|1a;1a;1a;1a;1a;1a;1a;1a;1a;1a;1a;1a;1a;1a;1a;1a;1a;1a;1a;1a;1a;1a;1a;1a;1a;1a;1a;1a;1a;1a;1a;1a;1a;1a;1a;1a;1a;1a;1a;1a,1,123,orbit39_fp0,wyckoff_orbit,39,1a,3,0,True,torus_fractional_coordinate,1a;1a;1a;1a;1a;1a;1a;1a;1a;1a;1a;1a;1a;1a;1a;1a;1a;1a;1a;1a;1a;1a;1a;1a;1a;1a;1a;1a;1a;1a;1a;1a;1a;1a;1a;1a;1a;1a;1a;1a
SG1|1a;1a;1a;1a;1a;1a;1a;1a;1a;1a;1a;1a;1a;1a;1a;1a;1a;1a;1a;1a;1a;1a;1a;1a;1a;1a;1a;1a;1a;1a;1a;1a;1a;1a;1a;1a;1a;1a;1a;1a,1,124,orbit39_fp1,wyckoff_orbit,39,1a,3,1,True,torus_fractional_coordinate,1a;1a;1a;1a;1a;1a;1a;1a;1a;1a;1a;1a;1a;1a;1a;1a;1a;1a;1a;1a;1a;1a;1a;1a;1a;1a;1a;1a;1a;1a;1a;1a;1a;1a;1a;1a;1a;1a;1a;1a
SG1|1a;1a;1a;1a;1a;1a;1a;1a;1a;1a;1a;1a;1a;1a;1a;1a;1a;1a;1a;1a;1a;1a;1a;1a;1a;1a;1a;1a;1a;1a;1a;1a;1a;1a;1a;1a;1a;1a;1a;1a,1,125,orbit39_fp2,wyckoff_orbit,39,1a,3,2,True,torus_fractional_coordinate,1a;1a;1a;1a;1a;1a;1a;1a;1a;1a;1a;1a;1a;1a;1a;1a;1a;1a;1a;1a;1a;1a;1a;1a;1a;1a;1a;1a;1a;1a;1a;1a;1a;1a;1a;1a;1a;1a;1a;1a
SG1|1a;1a;1a;1a;1a;1a;1a;1a;1a;1a;1a;1a;1a;1a;1a;1a;1a;1a;1a;1a;1a;1a;1a;1a;1a;1a;1a;1a;1a;1a;1a;1a;1a;1a;1a;1a;1a,1,0,lattice_a,lattice,-1,,0,-1,False,positive_length,1a;1a;1a;1a;1a;1a;1a;1a;1a;1a;1a;1a;1a;1a;1a;1a;1a;1a;1a;1a;1a;1a;1a;1a;1a;1a;1a;1a;1a;1a;1a;1a;1a;1a;1a;1a;1a
SG1|1a;1a;1a;1a;1a;1a;1a;1a;1a;1a;1a;1a;1a;1a;1a;1a;1a;1a;1a;1a;1a;1a;1a;1a;1a;1a;1a;1a;1a;1a;1a;1a;1a;1a;1a;1a;1a,1,1,lattice_b,lattice,-1,,0,-1,False,positive_length,1a;1a;1a;1a;1a;1a;1a;1a;1a;1a;1a;1a;1a;1a;1a;1a;1a;1a;1a;1a;1a;1a;1a;1a;1a;1a;1a;1a;1a;1a;1a;1a;1a;1a;1a;1a;1a
SG1|1a;1a;1a;1a;1a;1a;1a;1a;1a;1a;1a;1a;1a;1a;1a;1a;1a;1a;1a;1a;1a;1a;1a;1a;1a;1a;1a;1a;1a;1a;1a;1a;1a;1a;1a;1a;1a,1,2,lattice_c,lattice,-1,,0,-1,False,positive_length,1a;1a;1a;1a;1a;1a;1a;1a;1a;1a;1a;1a;1a;1a;1a;1a;1a;1a;1a;1a;1a;1a;1a;1a;1a;1a;1a;1a;1a;1a;1a;1a;1a;1a;1a;1a;1a
SG1|1a;1a;1a;1a;1a;1a;1a;1a;1a;1a;1a;1a;1a;1a;1a;1a;1a;1a;1a;1a;1a;1a;1a;1a;1a;1a;1a;1a;1a;1a;1a;1a;1a;1a;1a;1a;1a,1,3,alpha,lattice,-1,,0,-1,False,angle_degree,1a;1a;1a;1a;1a;1a;1a;1a;1a;1a;1a;1a;1a;1a;1a;1a;1a;1a;1a;1a;1a;1a;1a;1a;1a;1a;1a;1a;1a;1a;1a;1a;1a;1a;1a;1a;1a
SG1|1a;1a;1a;1a;1a;1a;1a;1a;1a;1a;1a;1a;1a;1a;1a;1a;1a;1a;1a;1a;1a;1a;1a;1a;1a;1a;1a;1a;1a;1a;1a;1a;1a;1a;1a;1a;1a,1,4,beta,lattice,-1,,0,-1,False,angle_degree,1a;1a;1a;1a;1a;1a;1a;1a;1a;1a;1a;1a;1a;1a;1a;1a;1a;1a;1a;1a;1a;1a;1a;1a;1a;1a;1a;1a;1a;1a;1a;1a;1a;1a;1a;1a;1a
SG1|1a;1a;1a;1a;1a;1a;1a;1a;1a;1a;1a;1a;1a;1a;1a;1a;1a;1a;1a;1a;1a;1a;1a;1a;1a;1a;1a;1a;1a;1a;1a;1a;1a;1a;1a;1a;1a,1,5,gamma,lattice,-1,,0,-1,False,angle_degree,1a;1a;1a;1a;1a;1a;1a;1a;1a;1a;1a;1a;1a;1a;1a;1a;1a;1a;1a;1a;1a;1a;1a;1a;1a;1a;1a;1a;1a;1a;1a;1a;1a;1a;1a;1a;1a
SG1|1a;1a;1a;1a;1a;1a;1a;1a;1a;1a;1a;1a;1a;1a;1a;1a;1a;1a;1a;1a;1a;1a;1a;1a;1a;1a;1a;1a;1a;1a;1a;1a;1a;1a;1a;1a;1a,1,6,orbit0_fp0,wyckoff_orbit,0,1a,3,0,True,torus_fractional_coordinate,1a;1a;1a;1a;1a;1a;1a;1a;1a;1a;1a;1a;1a;1a;1a;1a;1a;1a;1a;1a;1a;1a;1a;1a;1a;1a;1a;1a;1a;1a;1a;1a;1a;1a;1a;1a;1a
SG1|1a;1a;1a;1a;1a;1a;1a;1a;1a;1a;1a;1a;1a;1a;1a;1a;1a;1a;1a;1a;1a;1a;1a;1a;1a;1a;1a;1a;1a;1a;1a;1a;1a;1a;1a;1a;1a,1,7,orbit0_fp1,wyckoff_orbit,0,1a,3,1,True,torus_fractional_coordinate,1a;1a;1a;1a;1a;1a;1a;1a;1a;1a;1a;1a;1a;1a;1a;1a;1a;1a;1a;1a;1a;1a;1a;1a;1a;1a;1a;1a;1a;1a;1a;1a;1a;1a;1a;1a;1a
SG1|1a;1a;1a;1a;1a;1a;1a;1a;1a;1a;1a;1a;1a;1a;1a;1a;1a;1a;1a;1a;1a;1a;1a;1a;1a;1a;1a;1a;1a;1a;1a;1a;1a;1a;1a;1a;1a,1,8,orbit0_fp2,wyckoff_orbit,0,1a,3,2,True,torus_fractional_coordinate,1a;1a;1a;1a;1a;1a;1a;1a;1a;1a;1a;1a;1a;1a;1a;1a;1a;1a;1a;1a;1a;1a;1a;1a;1a;1a;1a;1a;1a;1a;1a;1a;1a;1a;1a;1a;1a
SG1|1a;1a;1a;1a;1a;1a;1a;1a;1a;1a;1a;1a;1a;1a;1a;1a;1a;1a;1a;1a;1a;1a;1a;1a;1a;1a;1a;1a;1a;1a;1a;1a;1a;1a;1a;1a;1a,1,9,orbit1_fp0,wyckoff_orbit,1,1a,3,0,True,torus_fractional_coordinate,1a;1a;1a;1a;1a;1a;1a;1a;1a;1a;1a;1a;1a;1a;1a;1a;1a;1a;1a;1a;1a;1a;1a;1a;1a;1a;1a;1a;1a;1a;1a;1a;1a;1a;1a;1a;1a
SG1|1a;1a;1a;1a;1a;1a;1a;1a;1a;1a;1a;1a;1a;1a;1a;1a;1a;1a;1a;1a;1a;1a;1a;1a;1a;1a;1a;1a;1a;1a;1a;1a;1a;1a;1a;1a;1a,1,10,orbit1_fp1,wyckoff_orbit,1,1a,3,1,True,torus_fractional_coordinate,1a;1a;1a;1a;1a;1a;1a;1a;1a;1a;1a;1a;1a;1a;1a;1a;1a;1a;1a;1a;1a;1a;1a;1a;1a;1a;1a;1a;1a;1a;1a;1a;1a;1a;1a;1a;1a
SG1|1a;1a;1a;1a;1a;1a;1a;1a;1a;1a;1a;1a;1a;1a;1a;1a;1a;1a;1a;1a;1a;1a;1a;1a;1a;1a;1a;1a;1a;1a;1a;1a;1a;1a;1a;1a;1a,1,11,orbit1_fp2,wyckoff_orbit,1,1a,3,2,True,torus_fractional_coordinate,1a;1a;1a;1a;1a;1a;1a;1a;1a;1a;1a;1a;1a;1a;1a;1a;1a;1a;1a;1a;1a;1a;1a;1a;1a;1a;1a;1a;1a;1a;1a;1a;1a;1a;1a;1a;1a
SG1|1a;1a;1a;1a;1a;1a;1a;1a;1a;1a;1a;1a;1a;1a;1a;1a;1a;1a;1a;1a;1a;1a;1a;1a;1a;1a;1a;1a;1a;1a;1a;1a;1a;1a;1a;1a;1a,1,12,orbit2_fp0,wyckoff_orbit,2,1a,3,0,True,torus_fractional_coordinate,1a;1a;1a;1a;1a;1a;1a;1a;1a;1a;1a;1a;1a;1a;1a;1a;1a;1a;1a;1a;1a;1a;1a;1a;1a;1a;1a;1a;1a;1a;1a;1a;1a;1a;1a;1a;1a
SG1|1a;1a;1a;1a;1a;1a;1a;1a;1a;1a;1a;1a;1a;1a;1a;1a;1a;1a;1a;1a;1a;1a;1a;1a;1a;1a;1a;1a;1a;1a;1a;1a;1a;1a;1a;1a;1a,1,13,orbit2_fp1,wyckoff_orbit,2,1a,3,1,True,torus_fractional_coordinate,1a;1a;1a;1a;1a;1a;1a;1a;1a;1a;1a;1a;1a;1a;1a;1a;1a;1a;1a;1a;1a;1a;1a;1a;1a;1a;1a;1a;1a;1a;1a;1a;1a;1a;1a;1a;1a
SG1|1a;1a;1a;1a;1a;1a;1a;1a;1a;1a;1a;1a;1a;1a;1a;1a;1a;1a;1a;1a;1a;1a;1a;1a;1a;1a;1a;1a;1a;1a;1a;1a;1a;1a;1a;1a;1a,1,14,orbit2_fp2,wyckoff_orbit,2,1a,3,2,True,torus_fractional_coordinate,1a;1a;1a;1a;1a;1a;1a;1a;1a;1a;1a;1a;1a;1a;1a;1a;1a;1a;1a;1a;1a;1a;1a;1a;1a;1a;1a;1a;1a;1a;1a;1a;1a;1a;1a;1a;1a
SG1|1a;1a;1a;1a;1a;1a;1a;1a;1a;1a;1a;1a;1a;1a;1a;1a;1a;1a;1a;1a;1a;1a;1a;1a;1a;1a;1a;1a;1a;1a;1a;1a;1a;1a;1a;1a;1a,1,15,orbit3_fp0,wyckoff_orbit,3,1a,3,0,True,torus_fractional_coordinate,1a;1a;1a;1a;1a;1a;1a;1a;1a;1a;1a;1a;1a;1a;1a;1a;1a;1a;1a;1a;1a;1a;1a;1a;1a;1a;1a;1a;1a;1a;1a;1a;1a;1a;1a;1a;1a
SG1|1a;1a;1a;1a;1a;1a;1a;1a;1a;1a;1a;1a;1a;1a;1a;1a;1a;1a;1a;1a;1a;1a;1a;1a;1a;1a;1a;1a;1a;1a;1a;1a;1a;1a;1a;1a;1a,1,16,orbit3_fp1,wyckoff_orbit,3,1a,3,1,True,torus_fractional_coordinate,1a;1a;1a;1a;1a;1a;1a;1a;1a;1a;1a;1a;1a;1a;1a;1a;1a;1a;1a;1a;1a;1a;1a;1a;1a;1a;1a;1a;1a;1a;1a;1a;1a;1a;1a;1a;1a
SG1|1a;1a;1a;1a;1a;1a;1a;1a;1a;1a;1a;1a;1a;1a;1a;1a;1a;1a;1a;1a;1a;1a;1a;1a;1a;1a;1a;1a;1a;1a;1a;1a;1a;1a;1a;1a;1a,1,17,orbit3_fp2,wyckoff_orbit,3,1a,3,2,True,torus_fractional_coordinate,1a;1a;1a;1a;1a;1a;1a;1a;1a;1a;1a;1a;1a;1a;1a;1a;1a;1a;1a;1a;1a;1a;1a;1a;1a;1a;1a;1a;1a;1a;1a;1a;1a;1a;1a;1a;1a
SG1|1a;1a;1a;1a;1a;1a;1a;1a;1a;1a;1a;1a;1a;1a;1a;1a;1a;1a;1a;1a;1a;1a;1a;1a;1a;1a;1a;1a;1a;1a;1a;1a;1a;1a;1a;1a;1a,1,18,orbit4_fp0,wyckoff_orbit,4,1a,3,0,True,torus_fractional_coordinate,1a;1a;1a;1a;1a;1a;1a;1a;1a;1a;1a;1a;1a;1a;1a;1a;1a;1a;1a;1a;1a;1a;1a;1a;1a;1a;1a;1a;1a;1a;1a;1a;1a;1a;1a;1a;1a
SG1|1a;1a;1a;1a;1a;1a;1a;1a;1a;1a;1a;1a;1a;1a;1a;1a;1a;1a;1a;1a;1a;1a;1a;1a;1a;1a;1a;1a;1a;1a;1a;1a;1a;1a;1a;1a;1a,1,19,orbit4_fp1,wyckoff_orbit,4,1a,3,1,True,torus_fractional_coordinate,1a;1a;1a;1a;1a;1a;1a;1a;1a;1a;1a;1a;1a;1a;1a;1a;1a;1a;1a;1a;1a;1a;1a;1a;1a;1a;1a;1a;1a;1a;1a;1a;1a;1a;1a;1a;1a
SG1|1a;1a;1a;1a;1a;1a;1a;1a;1a;1a;1a;1a;1a;1a;1a;1a;1a;1a;1a;1a;1a;1a;1a;1a;1a;1a;1a;1a;1a;1a;1a;1a;1a;1a;1a;1a;1a,1,20,orbit4_fp2,wyckoff_orbit,4,1a,3,2,True,torus_fractional_coordinate,1a;1a;1a;1a;1a;1a;1a;1a;1a;1a;1a;1a;1a;1a;1a;1a;1a;1a;1a;1a;1a;1a;1a;1a;1a;1a;1a;1a;1a;1a;1a;1a;1a;1a;1a;1a;1a
SG1|1a;1a;1a;1a;1a;1a;1a;1a;1a;1a;1a;1a;1a;1a;1a;1a;1a;1a;1a;1a;1a;1a;1a;1a;1a;1a;1a;1a;1a;1a;1a;1a;1a;1a;1a;1a;1a,1,21,orbit5_fp0,wyckoff_orbit,5,1a,3,0,True,torus_fractional_coordinate,1a;1a;1a;1a;1a;1a;1a;1a;1a;1a;1a;1a;1a;1a;1a;1a;1a;1a;1a;1a;1a;1a;1a;1a;1a;1a;1a;1a;1a;1a;1a;1a;1a;1a;1a;1a;1a
SG1|1a;1a;1a;1a;1a;1a;1a;1a;1a;1a;1a;1a;1a;1a;1a;1a;1a;1a;1a;1a;1a;1a;1a;1a;1a;1a;1a;1a;1a;1a;1a;1a;1a;1a;1a;1a;1a,1,22,orbit5_fp1,wyckoff_orbit,5,1a,3,1,True,torus_fractional_coordinate,1a;1a;1a;1a;1a;1a;1a;1a;1a;1a;1a;1a;1a;1a;1a;1a;1a;1a;1a;1a;1a;1a;1a;1a;1a;1a;1a;1a;1a;1a;1a;1a;1a;1a;1a;1a;1a
SG1|1a;1a;1a;1a;1a;1a;1a;1a;1a;1a;1a;1a;1a;1a;1a;1a;1a;1a;1a;1a;1a;1a;1a;1a;1a;1a;1a;1a;1a;1a;1a;1a;1a;1a;1a;1a;1a,1,23,orbit5_fp2,wyckoff_orbit,5,1a,3,2,True,torus_fractional_coordinate,1a;1a;1a;1a;1a;1a;1a;1a;1a;1a;1a;1a;1a;1a;1a;1a;1a;1a;1a;1a;1a;1a;1a;1a;1a;1a;1a;1a;1a;1a;1a;1a;1a;1a;1a;1a;1a
SG1|1a;1a;1a;1a;1a;1a;1a;1a;1a;1a;1a;1a;1a;1a;1a;1a;1a;1a;1a;1a;1a;1a;1a;1a;1a;1a;1a;1a;1a;1a;1a;1a;1a;1a;1a;1a;1a,1,24,orbit6_fp0,wyckoff_orbit,6,1a,3,0,True,torus_fractional_coordinate,1a;1a;1a;1a;1a;1a;1a;1a;1a;1a;1a;1a;1a;1a;1a;1a;1a;1a;1a;1a;1a;1a;1a;1a;1a;1a;1a;1a;1a;1a;1a;1a;1a;1a;1a;1a;1a
SG1|1a;1a;1a;1a;1a;1a;1a;1a;1a;1a;1a;1a;1a;1a;1a;1a;1a;1a;1a;1a;1a;1a;1a;1a;1a;1a;1a;1a;1a;1a;1a;1a;1a;1a;1a;1a;1a,1,25,orbit6_fp1,wyckoff_orbit,6,1a,3,1,True,torus_fractional_coordinate,1a;1a;1a;1a;1a;1a;1a;1a;1a;1a;1a;1a;1a;1a;1a;1a;1a;1a;1a;1a;1a;1a;1a;1a;1a;1a;1a;1a;1a;1a;1a;1a;1a;1a;1a;1a;1a
SG1|1a;1a;1a;1a;1a;1a;1a;1a;1a;1a;1a;1a;1a;1a;1a;1a;1a;1a;1a;1a;1a;1a;1a;1a;1a;1a;1a;1a;1a;1a;1a;1a;1a;1a;1a;1a;1a,1,26,orbit6_fp2,wyckoff_orbit,6,1a,3,2,True,torus_fractional_coordinate,1a;1a;1a;1a;1a;1a;1a;1a;1a;1a;1a;1a;1a;1a;1a;1a;1a;1a;1a;1a;1a;1a;1a;1a;1a;1a;1a;1a;1a;1a;1a;1a;1a;1a;1a;1a;1a
SG1|1a;1a;1a;1a;1a;1a;1a;1a;1a;1a;1a;1a;1a;1a;1a;1a;1a;1a;1a;1a;1a;1a;1a;1a;1a;1a;1a;1a;1a;1a;1a;1a;1a;1a;1a;1a;1a,1,27,orbit7_fp0,wyckoff_orbit,7,1a,3,0,True,torus_fractional_coordinate,1a;1a;1a;1a;1a;1a;1a;1a;1a;1a;1a;1a;1a;1a;1a;1a;1a;1a;1a;1a;1a;1a;1a;1a;1a;1a;1a;1a;1a;1a;1a;1a;1a;1a;1a;1a;1a
SG1|1a;1a;1a;1a;1a;1a;1a;1a;1a;1a;1a;1a;1a;1a;1a;1a;1a;1a;1a;1a;1a;1a;1a;1a;1a;1a;1a;1a;1a;1a;1a;1a;1a;1a;1a;1a;1a,1,28,orbit7_fp1,wyckoff_orbit,7,1a,3,1,True,torus_fractional_coordinate,1a;1a;1a;1a;1a;1a;1a;1a;1a;1a;1a;1a;1a;1a;1a;1a;1a;1a;1a;1a;1a;1a;1a;1a;1a;1a;1a;1a;1a;1a;1a;1a;1a;1a;1a;1a;1a
SG1|1a;1a;1a;1a;1a;1a;1a;1a;1a;1a;1a;1a;1a;1a;1a;1a;1a;1a;1a;1a;1a;1a;1a;1a;1a;1a;1a;1a;1a;1a;1a;1a;1a;1a;1a;1a;1a,1,29,orbit7_fp2,wyckoff_orbit,7,1a,3,2,True,torus_fractional_coordinate,1a;1a;1a;1a;1a;1a;1a;1a;1a;1a;1a;1a;1a;1a;1a;1a;1a;1a;1a;1a;1a;1a;1a;1a;1a;1a;1a;1a;1a;1a;1a;1a;1a;1a;1a;1a;1a
SG1|1a;1a;1a;1a;1a;1a;1a;1a;1a;1a;1a;1a;1a;1a;1a;1a;1a;1a;1a;1a;1a;1a;1a;1a;1a;1a;1a;1a;1a;1a;1a;1a;1a;1a;1a;1a;1a,1,30,orbit8_fp0,wyckoff_orbit,8,1a,3,0,True,torus_fractional_coordinate,1a;1a;1a;1a;1a;1a;1a;1a;1a;1a;1a;1a;1a;1a;1a;1a;1a;1a;1a;1a;1a;1a;1a;1a;1a;1a;1a;1a;1a;1a;1a;1a;1a;1a;1a;1a;1a
SG1|1a;1a;1a;1a;1a;1a;1a;1a;1a;1a;1a;1a;1a;1a;1a;1a;1a;1a;1a;1a;1a;1a;1a;1a;1a;1a;1a;1a;1a;1a;1a;1a;1a;1a;1a;1a;1a,1,31,orbit8_fp1,wyckoff_orbit,8,1a,3,1,True,torus_fractional_coordinate,1a;1a;1a;1a;1a;1a;1a;1a;1a;1a;1a;1a;1a;1a;1a;1a;1a;1a;1a;1a;1a;1a;1a;1a;1a;1a;1a;1a;1a;1a;1a;1a;1a;1a;1a;1a;1a
SG1|1a;1a;1a;1a;1a;1a;1a;1a;1a;1a;1a;1a;1a;1a;1a;1a;1a;1a;1a;1a;1a;1a;1a;1a;1a;1a;1a;1a;1a;1a;1a;1a;1a;1a;1a;1a;1a,1,32,orbit8_fp2,wyckoff_orbit,8,1a,3,2,True,torus_fractional_coordinate,1a;1a;1a;1a;1a;1a;1a;1a;1a;1a;1a;1a;1a;1a;1a;1a;1a;1a;1a;1a;1a;1a;1a;1a;1a;1a;1a;1a;1a;1a;1a;1a;1a;1a;1a;1a;1a
SG1|1a;1a;1a;1a;1a;1a;1a;1a;1a;1a;1a;1a;1a;1a;1a;1a;1a;1a;1a;1a;1a;1a;1a;1a;1a;1a;1a;1a;1a;1a;1a;1a;1a;1a;1a;1a;1a,1,33,orbit9_fp0,wyckoff_orbit,9,1a,3,0,True,torus_fractional_coordinate,1a;1a;1a;1a;1a;1a;1a;1a;1a;1a;1a;1a;1a;1a;1a;1a;1a;1a;1a;1a;1a;1a;1a;1a;1a;1a;1a;1a;1a;1a;1a;1a;1a;1a;1a;1a;1a
SG1|1a;1a;1a;1a;1a;1a;1a;1a;1a;1a;1a;1a;1a;1a;1a;1a;1a;1a;1a;1a;1a;1a;1a;1a;1a;1a;1a;1a;1a;1a;1a;1a;1a;1a;1a;1a;1a,1,34,orbit9_fp1,wyckoff_orbit,9,1a,3,1,True,torus_fractional_coordinate,1a;1a;1a;1a;1a;1a;1a;1a;1a;1a;1a;1a;1a;1a;1a;1a;1a;1a;1a;1a;1a;1a;1a;1a;1a;1a;1a;1a;1a;1a;1a;1a;1a;1a;1a;1a;1a
SG1|1a;1a;1a;1a;1a;1a;1a;1a;1a;1a;1a;1a;1a;1a;1a;1a;1a;1a;1a;1a;1a;1a;1a;1a;1a;1a;1a;1a;1a;1a;1a;1a;1a;1a;1a;1a;1a,1,35,orbit9_fp2,wyckoff_orbit,9,1a,3,2,True,torus_fractional_coordinate,1a;1a;1a;1a;1a;1a;1a;1a;1a;1a;1a;1a;1a;1a;1a;1a;1a;1a;1a;1a;1a;1a;1a;1a;1a;1a;1a;1a;1a;1a;1a;1a;1a;1a;1a;1a;1a
SG1|1a;1a;1a;1a;1a;1a;1a;1a;1a;1a;1a;1a;1a;1a;1a;1a;1a;1a;1a;1a;1a;1a;1a;1a;1a;1a;1a;1a;1a;1a;1a;1a;1a;1a;1a;1a;1a,1,36,orbit10_fp0,wyckoff_orbit,10,1a,3,0,True,torus_fractional_coordinate,1a;1a;1a;1a;1a;1a;1a;1a;1a;1a;1a;1a;1a;1a;1a;1a;1a;1a;1a;1a;1a;1a;1a;1a;1a;1a;1a;1a;1a;1a;1a;1a;1a;1a;1a;1a;1a
SG1|1a;1a;1a;1a;1a;1a;1a;1a;1a;1a;1a;1a;1a;1a;1a;1a;1a;1a;1a;1a;1a;1a;1a;1a;1a;1a;1a;1a;1a;1a;1a;1a;1a;1a;1a;1a;1a,1,37,orbit10_fp1,wyckoff_orbit,10,1a,3,1,True,torus_fractional_coordinate,1a;1a;1a;1a;1a;1a;1a;1a;1a;1a;1a;1a;1a;1a;1a;1a;1a;1a;1a;1a;1a;1a;1a;1a;1a;1a;1a;1a;1a;1a;1a;1a;1a;1a;1a;1a;1a
SG1|1a;1a;1a;1a;1a;1a;1a;1a;1a;1a;1a;1a;1a;1a;1a;1a;1a;1a;1a;1a;1a;1a;1a;1a;1a;1a;1a;1a;1a;1a;1a;1a;1a;1a;1a;1a;1a,1,38,orbit10_fp2,wyckoff_orbit,10,1a,3,2,True,torus_fractional_coordinate,1a;1a;1a;1a;1a;1a;1a;1a;1a;1a;1a;1a;1a;1a;1a;1a;1a;1a;1a;1a;1a;1a;1a;1a;1a;1a;1a;1a;1a;1a;1a;1a;1a;1a;1a;1a;1a
SG1|1a;1a;1a;1a;1a;1a;1a;1a;1a;1a;1a;1a;1a;1a;1a;1a;1a;1a;1a;1a;1a;1a;1a;1a;1a;1a;1a;1a;1a;1a;1a;1a;1a;1a;1a;1a;1a,1,39,orbit11_fp0,wyckoff_orbit,11,1a,3,0,True,torus_fractional_coordinate,1a;1a;1a;1a;1a;1a;1a;1a;1a;1a;1a;1a;1a;1a;1a;1a;1a;1a;1a;1a;1a;1a;1a;1a;1a;1a;1a;1a;1a;1a;1a;1a;1a;1a;1a;1a;1a
SG1|1a;1a;1a;1a;1a;1a;1a;1a;1a;1a;1a;1a;1a;1a;1a;1a;1a;1a;1a;1a;1a;1a;1a;1a;1a;1a;1a;1a;1a;1a;1a;1a;1a;1a;1a;1a;1a,1,40,orbit11_fp1,wyckoff_orbit,11,1a,3,1,True,torus_fractional_coordinate,1a;1a;1a;1a;1a;1a;1a;1a;1a;1a;1a;1a;1a;1a;1a;1a;1a;1a;1a;1a;1a;1a;1a;1a;1a;1a;1a;1a;1a;1a;1a;1a;1a;1a;1a;1a;1a
SG1|1a;1a;1a;1a;1a;1a;1a;1a;1a;1a;1a;1a;1a;1a;1a;1a;1a;1a;1a;1a;1a;1a;1a;1a;1a;1a;1a;1a;1a;1a;1a;1a;1a;1a;1a;1a;1a,1,41,orbit11_fp2,wyckoff_orbit,11,1a,3,2,True,torus_fractional_coordinate,1a;1a;1a;1a;1a;1a;1a;1a;1a;1a;1a;1a;1a;1a;1a;1a;1a;1a;1a;1a;1a;1a;1a;1a;1a;1a;1a;1a;1a;1a;1a;1a;1a;1a;1a;1a;1a
SG1|1a;1a;1a;1a;1a;1a;1a;1a;1a;1a;1a;1a;1a;1a;1a;1a;1a;1a;1a;1a;1a;1a;1a;1a;1a;1a;1a;1a;1a;1a;1a;1a;1a;1a;1a;1a;1a,1,42,orbit12_fp0,wyckoff_orbit,12,1a,3,0,True,torus_fractional_coordinate,1a;1a;1a;1a;1a;1a;1a;1a;1a;1a;1a;1a;1a;1a;1a;1a;1a;1a;1a;1a;1a;1a;1a;1a;1a;1a;1a;1a;1a;1a;1a;1a;1a;1a;1a;1a;1a
SG1|1a;1a;1a;1a;1a;1a;1a;1a;1a;1a;1a;1a;1a;1a;1a;1a;1a;1a;1a;1a;1a;1a;1a;1a;1a;1a;1a;1a;1a;1a;1a;1a;1a;1a;1a;1a;1a,1,43,orbit12_fp1,wyckoff_orbit,12,1a,3,1,True,torus_fractional_coordinate,1a;1a;1a;1a;1a;1a;1a;1a;1a;1a;1a;1a;1a;1a;1a;1a;1a;1a;1a;1a;1a;1a;1a;1a;1a;1a;1a;1a;1a;1a;1a;1a;1a;1a;1a;1a;1a
SG1|1a;1a;1a;1a;1a;1a;1a;1a;1a;1a;1a;1a;1a;1a;1a;1a;1a;1a;1a;1a;1a;1a;1a;1a;1a;1a;1a;1a;1a;1a;1a;1a;1a;1a;1a;1a;1a,1,44,orbit12_fp2,wyckoff_orbit,12,1a,3,2,True,torus_fractional_coordinate,1a;1a;1a;1a;1a;1a;1a;1a;1a;1a;1a;1a;1a;1a;1a;1a;1a;1a;1a;1a;1a;1a;1a;1a;1a;1a;1a;1a;1a;1a;1a;1a;1a;1a;1a;1a;1a
SG1|1a;1a;1a;1a;1a;1a;1a;1a;1a;1a;1a;1a;1a;1a;1a;1a;1a;1a;1a;1a;1a;1a;1a;1a;1a;1a;1a;1a;1a;1a;1a;1a;1a;1a;1a;1a;1a,1,45,orbit13_fp0,wyckoff_orbit,13,1a,3,0,True,torus_fractional_coordinate,1a;1a;1a;1a;1a;1a;1a;1a;1a;1a;1a;1a;1a;1a;1a;1a;1a;1a;1a;1a;1a;1a;1a;1a;1a;1a;1a;1a;1a;1a;1a;1a;1a;1a;1a;1a;1a
SG1|1a;1a;1a;1a;1a;1a;1a;1a;1a;1a;1a;1a;1a;1a;1a;1a;1a;1a;1a;1a;1a;1a;1a;1a;1a;1a;1a;1a;1a;1a;1a;1a;1a;1a;1a;1a;1a,1,46,orbit13_fp1,wyckoff_orbit,13,1a,3,1,True,torus_fractional_coordinate,1a;1a;1a;1a;1a;1a;1a;1a;1a;1a;1a;1a;1a;1a;1a;1a;1a;1a;1a;1a;1a;1a;1a;1a;1a;1a;1a;1a;1a;1a;1a;1a;1a;1a;1a;1a;1a
SG1|1a;1a;1a;1a;1a;1a;1a;1a;1a;1a;1a;1a;1a;1a;1a;1a;1a;1a;1a;1a;1a;1a;1a;1a;1a;1a;1a;1a;1a;1a;1a;1a;1a;1a;1a;1a;1a,1,47,orbit13_fp2,wyckoff_orbit,13,1a,3,2,True,torus_fractional_coordinate,1a;1a;1a;1a;1a;1a;1a;1a;1a;1a;1a;1a;1a;1a;1a;1a;1a;1a;1a;1a;1a;1a;1a;1a;1a;1a;1a;1a;1a;1a;1a;1a;1a;1a;1a;1a;1a
SG1|1a;1a;1a;1a;1a;1a;1a;1a;1a;1a;1a;1a;1a;1a;1a;1a;1a;1a;1a;1a;1a;1a;1a;1a;1a;1a;1a;1a;1a;1a;1a;1a;1a;1a;1a;1a;1a,1,48,orbit14_fp0,wyckoff_orbit,14,1a,3,0,True,torus_fractional_coordinate,1a;1a;1a;1a;1a;1a;1a;1a;1a;1a;1a;1a;1a;1a;1a;1a;1a;1a;1a;1a;1a;1a;1a;1a;1a;1a;1a;1a;1a;1a;1a;1a;1a;1a;1a;1a;1a
SG1|1a;1a;1a;1a;1a;1a;1a;1a;1a;1a;1a;1a;1a;1a;1a;1a;1a;1a;1a;1a;1a;1a;1a;1a;1a;1a;1a;1a;1a;1a;1a;1a;1a;1a;1a;1a;1a,1,49,orbit14_fp1,wyckoff_orbit,14,1a,3,1,True,torus_fractional_coordinate,1a;1a;1a;1a;1a;1a;1a;1a;1a;1a;1a;1a;1a;1a;1a;1a;1a;1a;1a;1a;1a;1a;1a;1a;1a;1a;1a;1a;1a;1a;1a;1a;1a;1a;1a;1a;1a
SG1|1a;1a;1a;1a;1a;1a;1a;1a;1a;1a;1a;1a;1a;1a;1a;1a;1a;1a;1a;1a;1a;1a;1a;1a;1a;1a;1a;1a;1a;1a;1a;1a;1a;1a;1a;1a;1a,1,50,orbit14_fp2,wyckoff_orbit,14,1a,3,2,True,torus_fractional_coordinate,1a;1a;1a;1a;1a;1a;1a;1a;1a;1a;1a;1a;1a;1a;1a;1a;1a;1a;1a;1a;1a;1a;1a;1a;1a;1a;1a;1a;1a;1a;1a;1a;1a;1a;1a;1a;1a
SG1|1a;1a;1a;1a;1a;1a;1a;1a;1a;1a;1a;1a;1a;1a;1a;1a;1a;1a;1a;1a;1a;1a;1a;1a;1a;1a;1a;1a;1a;1a;1a;1a;1a;1a;1a;1a;1a,1,51,orbit15_fp0,wyckoff_orbit,15,1a,3,0,True,torus_fractional_coordinate,1a;1a;1a;1a;1a;1a;1a;1a;1a;1a;1a;1a;1a;1a;1a;1a;1a;1a;1a;1a;1a;1a;1a;1a;1a;1a;1a;1a;1a;1a;1a;1a;1a;1a;1a;1a;1a
SG1|1a;1a;1a;1a;1a;1a;1a;1a;1a;1a;1a;1a;1a;1a;1a;1a;1a;1a;1a;1a;1a;1a;1a;1a;1a;1a;1a;1a;1a;1a;1a;1a;1a;1a;1a;1a;1a,1,52,orbit15_fp1,wyckoff_orbit,15,1a,3,1,True,torus_fractional_coordinate,1a;1a;1a;1a;1a;1a;1a;1a;1a;1a;1a;1a;1a;1a;1a;1a;1a;1a;1a;1a;1a;1a;1a;1a;1a;1a;1a;1a;1a;1a;1a;1a;1a;1a;1a;1a;1a
SG1|1a;1a;1a;1a;1a;1a;1a;1a;1a;1a;1a;1a;1a;1a;1a;1a;1a;1a;1a;1a;1a;1a;1a;1a;1a;1a;1a;1a;1a;1a;1a;1a;1a;1a;1a;1a;1a,1,53,orbit15_fp2,wyckoff_orbit,15,1a,3,2,True,torus_fractional_coordinate,1a;1a;1a;1a;1a;1a;1a;1a;1a;1a;1a;1a;1a;1a;1a;1a;1a;1a;1a;1a;1a;1a;1a;1a;1a;1a;1a;1a;1a;1a;1a;1a;1a;1a;1a;1a;1a
SG1|1a;1a;1a;1a;1a;1a;1a;1a;1a;1a;1a;1a;1a;1a;1a;1a;1a;1a;1a;1a;1a;1a;1a;1a;1a;1a;1a;1a;1a;1a;1a;1a;1a;1a;1a;1a;1a,1,54,orbit16_fp0,wyckoff_orbit,16,1a,3,0,True,torus_fractional_coordinate,1a;1a;1a;1a;1a;1a;1a;1a;1a;1a;1a;1a;1a;1a;1a;1a;1a;1a;1a;1a;1a;1a;1a;1a;1a;1a;1a;1a;1a;1a;1a;1a;1a;1a;1a;1a;1a
SG1|1a;1a;1a;1a;1a;1a;1a;1a;1a;1a;1a;1a;1a;1a;1a;1a;1a;1a;1a;1a;1a;1a;1a;1a;1a;1a;1a;1a;1a;1a;1a;1a;1a;1a;1a;1a;1a,1,55,orbit16_fp1,wyckoff_orbit,16,1a,3,1,True,torus_fractional_coordinate,1a;1a;1a;1a;1a;1a;1a;1a;1a;1a;1a;1a;1a;1a;1a;1a;1a;1a;1a;1a;1a;1a;1a;1a;1a;1a;1a;1a;1a;1a;1a;1a;1a;1a;1a;1a;1a
SG1|1a;1a;1a;1a;1a;1a;1a;1a;1a;1a;1a;1a;1a;1a;1a;1a;1a;1a;1a;1a;1a;1a;1a;1a;1a;1a;1a;1a;1a;1a;1a;1a;1a;1a;1a;1a;1a,1,56,orbit16_fp2,wyckoff_orbit,16,1a,3,2,True,torus_fractional_coordinate,1a;1a;1a;1a;1a;1a;1a;1a;1a;1a;1a;1a;1a;1a;1a;1a;1a;1a;1a;1a;1a;1a;1a;1a;1a;1a;1a;1a;1a;1a;1a;1a;1a;1a;1a;1a;1a
SG1|1a;1a;1a;1a;1a;1a;1a;1a;1a;1a;1a;1a;1a;1a;1a;1a;1a;1a;1a;1a;1a;1a;1a;1a;1a;1a;1a;1a;1a;1a;1a;1a;1a;1a;1a;1a;1a,1,57,orbit17_fp0,wyckoff_orbit,17,1a,3,0,True,torus_fractional_coordinate,1a;1a;1a;1a;1a;1a;1a;1a;1a;1a;1a;1a;1a;1a;1a;1a;1a;1a;1a;1a;1a;1a;1a;1a;1a;1a;1a;1a;1a;1a;1a;1a;1a;1a;1a;1a;1a
SG1|1a;1a;1a;1a;1a;1a;1a;1a;1a;1a;1a;1a;1a;1a;1a;1a;1a;1a;1a;1a;1a;1a;1a;1a;1a;1a;1a;1a;1a;1a;1a;1a;1a;1a;1a;1a;1a,1,58,orbit17_fp1,wyckoff_orbit,17,1a,3,1,True,torus_fractional_coordinate,1a;1a;1a;1a;1a;1a;1a;1a;1a;1a;1a;1a;1a;1a;1a;1a;1a;1a;1a;1a;1a;1a;1a;1a;1a;1a;1a;1a;1a;1a;1a;1a;1a;1a;1a;1a;1a
SG1|1a;1a;1a;1a;1a;1a;1a;1a;1a;1a;1a;1a;1a;1a;1a;1a;1a;1a;1a;1a;1a;1a;1a;1a;1a;1a;1a;1a;1a;1a;1a;1a;1a;1a;1a;1a;1a,1,59,orbit17_fp2,wyckoff_orbit,17,1a,3,2,True,torus_fractional_coordinate,1a;1a;1a;1a;1a;1a;1a;1a;1a;1a;1a;1a;1a;1a;1a;1a;1a;1a;1a;1a;1a;1a;1a;1a;1a;1a;1a;1a;1a;1a;1a;1a;1a;1a;1a;1a;1a
SG1|1a;1a;1a;1a;1a;1a;1a;1a;1a;1a;1a;1a;1a;1a;1a;1a;1a;1a;1a;1a;1a;1a;1a;1a;1a;1a;1a;1a;1a;1a;1a;1a;1a;1a;1a;1a;1a,1,60,orbit18_fp0,wyckoff_orbit,18,1a,3,0,True,torus_fractional_coordinate,1a;1a;1a;1a;1a;1a;1a;1a;1a;1a;1a;1a;1a;1a;1a;1a;1a;1a;1a;1a;1a;1a;1a;1a;1a;1a;1a;1a;1a;1a;1a;1a;1a;1a;1a;1a;1a
SG1|1a;1a;1a;1a;1a;1a;1a;1a;1a;1a;1a;1a;1a;1a;1a;1a;1a;1a;1a;1a;1a;1a;1a;1a;1a;1a;1a;1a;1a;1a;1a;1a;1a;1a;1a;1a;1a,1,61,orbit18_fp1,wyckoff_orbit,18,1a,3,1,True,torus_fractional_coordinate,1a;1a;1a;1a;1a;1a;1a;1a;1a;1a;1a;1a;1a;1a;1a;1a;1a;1a;1a;1a;1a;1a;1a;1a;1a;1a;1a;1a;1a;1a;1a;1a;1a;1a;1a;1a;1a
SG1|1a;1a;1a;1a;1a;1a;1a;1a;1a;1a;1a;1a;1a;1a;1a;1a;1a;1a;1a;1a;1a;1a;1a;1a;1a;1a;1a;1a;1a;1a;1a;1a;1a;1a;1a;1a;1a,1,62,orbit18_fp2,wyckoff_orbit,18,1a,3,2,True,torus_fractional_coordinate,1a;1a;1a;1a;1a;1a;1a;1a;1a;1a;1a;1a;1a;1a;1a;1a;1a;1a;1a;1a;1a;1a;1a;1a;1a;1a;1a;1a;1a;1a;1a;1a;1a;1a;1a;1a;1a
SG1|1a;1a;1a;1a;1a;1a;1a;1a;1a;1a;1a;1a;1a;1a;1a;1a;1a;1a;1a;1a;1a;1a;1a;1a;1a;1a;1a;1a;1a;1a;1a;1a;1a;1a;1a;1a;1a,1,63,orbit19_fp0,wyckoff_orbit,19,1a,3,0,True,torus_fractional_coordinate,1a;1a;1a;1a;1a;1a;1a;1a;1a;1a;1a;1a;1a;1a;1a;1a;1a;1a;1a;1a;1a;1a;1a;1a;1a;1a;1a;1a;1a;1a;1a;1a;1a;1a;1a;1a;1a
SG1|1a;1a;1a;1a;1a;1a;1a;1a;1a;1a;1a;1a;1a;1a;1a;1a;1a;1a;1a;1a;1a;1a;1a;1a;1a;1a;1a;1a;1a;1a;1a;1a;1a;1a;1a;1a;1a,1,64,orbit19_fp1,wyckoff_orbit,19,1a,3,1,True,torus_fractional_coordinate,1a;1a;1a;1a;1a;1a;1a;1a;1a;1a;1a;1a;1a;1a;1a;1a;1a;1a;1a;1a;1a;1a;1a;1a;1a;1a;1a;1a;1a;1a;1a;1a;1a;1a;1a;1a;1a
SG1|1a;1a;1a;1a;1a;1a;1a;1a;1a;1a;1a;1a;1a;1a;1a;1a;1a;1a;1a;1a;1a;1a;1a;1a;1a;1a;1a;1a;1a;1a;1a;1a;1a;1a;1a;1a;1a,1,65,orbit19_fp2,wyckoff_orbit,19,1a,3,2,True,torus_fractional_coordinate,1a;1a;1a;1a;1a;1a;1a;1a;1a;1a;1a;1a;1a;1a;1a;1a;1a;1a;1a;1a;1a;1a;1a;1a;1a;1a;1a;1a;1a;1a;1a;1a;1a;1a;1a;1a;1a
SG1|1a;1a;1a;1a;1a;1a;1a;1a;1a;1a;1a;1a;1a;1a;1a;1a;1a;1a;1a;1a;1a;1a;1a;1a;1a;1a;1a;1a;1a;1a;1a;1a;1a;1a;1a;1a;1a,1,66,orbit20_fp0,wyckoff_orbit,20,1a,3,0,True,torus_fractional_coordinate,1a;1a;1a;1a;1a;1a;1a;1a;1a;1a;1a;1a;1a;1a;1a;1a;1a;1a;1a;1a;1a;1a;1a;1a;1a;1a;1a;1a;1a;1a;1a;1a;1a;1a;1a;1a;1a
SG1|1a;1a;1a;1a;1a;1a;1a;1a;1a;1a;1a;1a;1a;1a;1a;1a;1a;1a;1a;1a;1a;1a;1a;1a;1a;1a;1a;1a;1a;1a;1a;1a;1a;1a;1a;1a;1a,1,67,orbit20_fp1,wyckoff_orbit,20,1a,3,1,True,torus_fractional_coordinate,1a;1a;1a;1a;1a;1a;1a;1a;1a;1a;1a;1a;1a;1a;1a;1a;1a;1a;1a;1a;1a;1a;1a;1a;1a;1a;1a;1a;1a;1a;1a;1a;1a;1a;1a;1a;1a
SG1|1a;1a;1a;1a;1a;1a;1a;1a;1a;1a;1a;1a;1a;1a;1a;1a;1a;1a;1a;1a;1a;1a;1a;1a;1a;1a;1a;1a;1a;1a;1a;1a;1a;1a;1a;1a;1a,1,68,orbit20_fp2,wyckoff_orbit,20,1a,3,2,True,torus_fractional_coordinate,1a;1a;1a;1a;1a;1a;1a;1a;1a;1a;1a;1a;1a;1a;1a;1a;1a;1a;1a;1a;1a;1a;1a;1a;1a;1a;1a;1a;1a;1a;1a;1a;1a;1a;1a;1a;1a
SG1|1a;1a;1a;1a;1a;1a;1a;1a;1a;1a;1a;1a;1a;1a;1a;1a;1a;1a;1a;1a;1a;1a;1a;1a;1a;1a;1a;1a;1a;1a;1a;1a;1a;1a;1a;1a;1a,1,69,orbit21_fp0,wyckoff_orbit,21,1a,3,0,True,torus_fractional_coordinate,1a;1a;1a;1a;1a;1a;1a;1a;1a;1a;1a;1a;1a;1a;1a;1a;1a;1a;1a;1a;1a;1a;1a;1a;1a;1a;1a;1a;1a;1a;1a;1a;1a;1a;1a;1a;1a
SG1|1a;1a;1a;1a;1a;1a;1a;1a;1a;1a;1a;1a;1a;1a;1a;1a;1a;1a;1a;1a;1a;1a;1a;1a;1a;1a;1a;1a;1a;1a;1a;1a;1a;1a;1a;1a;1a,1,70,orbit21_fp1,wyckoff_orbit,21,1a,3,1,True,torus_fractional_coordinate,1a;1a;1a;1a;1a;1a;1a;1a;1a;1a;1a;1a;1a;1a;1a;1a;1a;1a;1a;1a;1a;1a;1a;1a;1a;1a;1a;1a;1a;1a;1a;1a;1a;1a;1a;1a;1a
SG1|1a;1a;1a;1a;1a;1a;1a;1a;1a;1a;1a;1a;1a;1a;1a;1a;1a;1a;1a;1a;1a;1a;1a;1a;1a;1a;1a;1a;1a;1a;1a;1a;1a;1a;1a;1a;1a,1,71,orbit21_fp2,wyckoff_orbit,21,1a,3,2,True,torus_fractional_coordinate,1a;1a;1a;1a;1a;1a;1a;1a;1a;1a;1a;1a;1a;1a;1a;1a;1a;1a;1a;1a;1a;1a;1a;1a;1a;1a;1a;1a;1a;1a;1a;1a;1a;1a;1a;1a;1a
SG1|1a;1a;1a;1a;1a;1a;1a;1a;1a;1a;1a;1a;1a;1a;1a;1a;1a;1a;1a;1a;1a;1a;1a;1a;1a;1a;1a;1a;1a;1a;1a;1a;1a;1a;1a;1a;1a,1,72,orbit22_fp0,wyckoff_orbit,22,1a,3,0,True,torus_fractional_coordinate,1a;1a;1a;1a;1a;1a;1a;1a;1a;1a;1a;1a;1a;1a;1a;1a;1a;1a;1a;1a;1a;1a;1a;1a;1a;1a;1a;1a;1a;1a;1a;1a;1a;1a;1a;1a;1a
SG1|1a;1a;1a;1a;1a;1a;1a;1a;1a;1a;1a;1a;1a;1a;1a;1a;1a;1a;1a;1a;1a;1a;1a;1a;1a;1a;1a;1a;1a;1a;1a;1a;1a;1a;1a;1a;1a,1,73,orbit22_fp1,wyckoff_orbit,22,1a,3,1,True,torus_fractional_coordinate,1a;1a;1a;1a;1a;1a;1a;1a;1a;1a;1a;1a;1a;1a;1a;1a;1a;1a;1a;1a;1a;1a;1a;1a;1a;1a;1a;1a;1a;1a;1a;1a;1a;1a;1a;1a;1a
SG1|1a;1a;1a;1a;1a;1a;1a;1a;1a;1a;1a;1a;1a;1a;1a;1a;1a;1a;1a;1a;1a;1a;1a;1a;1a;1a;1a;1a;1a;1a;1a;1a;1a;1a;1a;1a;1a,1,74,orbit22_fp2,wyckoff_orbit,22,1a,3,2,True,torus_fractional_coordinate,1a;1a;1a;1a;1a;1a;1a;1a;1a;1a;1a;1a;1a;1a;1a;1a;1a;1a;1a;1a;1a;1a;1a;1a;1a;1a;1a;1a;1a;1a;1a;1a;1a;1a;1a;1a;1a
SG1|1a;1a;1a;1a;1a;1a;1a;1a;1a;1a;1a;1a;1a;1a;1a;1a;1a;1a;1a;1a;1a;1a;1a;1a;1a;1a;1a;1a;1a;1a;1a;1a;1a;1a;1a;1a;1a,1,75,orbit23_fp0,wyckoff_orbit,23,1a,3,0,True,torus_fractional_coordinate,1a;1a;1a;1a;1a;1a;1a;1a;1a;1a;1a;1a;1a;1a;1a;1a;1a;1a;1a;1a;1a;1a;1a;1a;1a;1a;1a;1a;1a;1a;1a;1a;1a;1a;1a;1a;1a
SG1|1a;1a;1a;1a;1a;1a;1a;1a;1a;1a;1a;1a;1a;1a;1a;1a;1a;1a;1a;1a;1a;1a;1a;1a;1a;1a;1a;1a;1a;1a;1a;1a;1a;1a;1a;1a;1a,1,76,orbit23_fp1,wyckoff_orbit,23,1a,3,1,True,torus_fractional_coordinate,1a;1a;1a;1a;1a;1a;1a;1a;1a;1a;1a;1a;1a;1a;1a;1a;1a;1a;1a;1a;1a;1a;1a;1a;1a;1a;1a;1a;1a;1a;1a;1a;1a;1a;1a;1a;1a
SG1|1a;1a;1a;1a;1a;1a;1a;1a;1a;1a;1a;1a;1a;1a;1a;1a;1a;1a;1a;1a;1a;1a;1a;1a;1a;1a;1a;1a;1a;1a;1a;1a;1a;1a;1a;1a;1a,1,77,orbit23_fp2,wyckoff_orbit,23,1a,3,2,True,torus_fractional_coordinate,1a;1a;1a;1a;1a;1a;1a;1a;1a;1a;1a;1a;1a;1a;1a;1a;1a;1a;1a;1a;1a;1a;1a;1a;1a;1a;1a;1a;1a;1a;1a;1a;1a;1a;1a;1a;1a
SG1|1a;1a;1a;1a;1a;1a;1a;1a;1a;1a;1a;1a;1a;1a;1a;1a;1a;1a;1a;1a;1a;1a;1a;1a;1a;1a;1a;1a;1a;1a;1a;1a;1a;1a;1a;1a;1a,1,78,orbit24_fp0,wyckoff_orbit,24,1a,3,0,True,torus_fractional_coordinate,1a;1a;1a;1a;1a;1a;1a;1a;1a;1a;1a;1a;1a;1a;1a;1a;1a;1a;1a;1a;1a;1a;1a;1a;1a;1a;1a;1a;1a;1a;1a;1a;1a;1a;1a;1a;1a
SG1|1a;1a;1a;1a;1a;1a;1a;1a;1a;1a;1a;1a;1a;1a;1a;1a;1a;1a;1a;1a;1a;1a;1a;1a;1a;1a;1a;1a;1a;1a;1a;1a;1a;1a;1a;1a;1a,1,79,orbit24_fp1,wyckoff_orbit,24,1a,3,1,True,torus_fractional_coordinate,1a;1a;1a;1a;1a;1a;1a;1a;1a;1a;1a;1a;1a;1a;1a;1a;1a;1a;1a;1a;1a;1a;1a;1a;1a;1a;1a;1a;1a;1a;1a;1a;1a;1a;1a;1a;1a
SG1|1a;1a;1a;1a;1a;1a;1a;1a;1a;1a;1a;1a;1a;1a;1a;1a;1a;1a;1a;1a;1a;1a;1a;1a;1a;1a;1a;1a;1a;1a;1a;1a;1a;1a;1a;1a;1a,1,80,orbit24_fp2,wyckoff_orbit,24,1a,3,2,True,torus_fractional_coordinate,1a;1a;1a;1a;1a;1a;1a;1a;1a;1a;1a;1a;1a;1a;1a;1a;1a;1a;1a;1a;1a;1a;1a;1a;1a;1a;1a;1a;1a;1a;1a;1a;1a;1a;1a;1a;1a
SG1|1a;1a;1a;1a;1a;1a;1a;1a;1a;1a;1a;1a;1a;1a;1a;1a;1a;1a;1a;1a;1a;1a;1a;1a;1a;1a;1a;1a;1a;1a;1a;1a;1a;1a;1a;1a;1a,1,81,orbit25_fp0,wyckoff_orbit,25,1a,3,0,True,torus_fractional_coordinate,1a;1a;1a;1a;1a;1a;1a;1a;1a;1a;1a;1a;1a;1a;1a;1a;1a;1a;1a;1a;1a;1a;1a;1a;1a;1a;1a;1a;1a;1a;1a;1a;1a;1a;1a;1a;1a
SG1|1a;1a;1a;1a;1a;1a;1a;1a;1a;1a;1a;1a;1a;1a;1a;1a;1a;1a;1a;1a;1a;1a;1a;1a;1a;1a;1a;1a;1a;1a;1a;1a;1a;1a;1a;1a;1a,1,82,orbit25_fp1,wyckoff_orbit,25,1a,3,1,True,torus_fractional_coordinate,1a;1a;1a;1a;1a;1a;1a;1a;1a;1a;1a;1a;1a;1a;1a;1a;1a;1a;1a;1a;1a;1a;1a;1a;1a;1a;1a;1a;1a;1a;1a;1a;1a;1a;1a;1a;1a
SG1|1a;1a;1a;1a;1a;1a;1a;1a;1a;1a;1a;1a;1a;1a;1a;1a;1a;1a;1a;1a;1a;1a;1a;1a;1a;1a;1a;1a;1a;1a;1a;1a;1a;1a;1a;1a;1a,1,83,orbit25_fp2,wyckoff_orbit,25,1a,3,2,True,torus_fractional_coordinate,1a;1a;1a;1a;1a;1a;1a;1a;1a;1a;1a;1a;1a;1a;1a;1a;1a;1a;1a;1a;1a;1a;1a;1a;1a;1a;1a;1a;1a;1a;1a;1a;1a;1a;1a;1a;1a
SG1|1a;1a;1a;1a;1a;1a;1a;1a;1a;1a;1a;1a;1a;1a;1a;1a;1a;1a;1a;1a;1a;1a;1a;1a;1a;1a;1a;1a;1a;1a;1a;1a;1a;1a;1a;1a;1a,1,84,orbit26_fp0,wyckoff_orbit,26,1a,3,0,True,torus_fractional_coordinate,1a;1a;1a;1a;1a;1a;1a;1a;1a;1a;1a;1a;1a;1a;1a;1a;1a;1a;1a;1a;1a;1a;1a;1a;1a;1a;1a;1a;1a;1a;1a;1a;1a;1a;1a;1a;1a
SG1|1a;1a;1a;1a;1a;1a;1a;1a;1a;1a;1a;1a;1a;1a;1a;1a;1a;1a;1a;1a;1a;1a;1a;1a;1a;1a;1a;1a;1a;1a;1a;1a;1a;1a;1a;1a;1a,1,85,orbit26_fp1,wyckoff_orbit,26,1a,3,1,True,torus_fractional_coordinate,1a;1a;1a;1a;1a;1a;1a;1a;1a;1a;1a;1a;1a;1a;1a;1a;1a;1a;1a;1a;1a;1a;1a;1a;1a;1a;1a;1a;1a;1a;1a;1a;1a;1a;1a;1a;1a
SG1|1a;1a;1a;1a;1a;1a;1a;1a;1a;1a;1a;1a;1a;1a;1a;1a;1a;1a;1a;1a;1a;1a;1a;1a;1a;1a;1a;1a;1a;1a;1a;1a;1a;1a;1a;1a;1a,1,86,orbit26_fp2,wyckoff_orbit,26,1a,3,2,True,torus_fractional_coordinate,1a;1a;1a;1a;1a;1a;1a;1a;1a;1a;1a;1a;1a;1a;1a;1a;1a;1a;1a;1a;1a;1a;1a;1a;1a;1a;1a;1a;1a;1a;1a;1a;1a;1a;1a;1a;1a
SG1|1a;1a;1a;1a;1a;1a;1a;1a;1a;1a;1a;1a;1a;1a;1a;1a;1a;1a;1a;1a;1a;1a;1a;1a;1a;1a;1a;1a;1a;1a;1a;1a;1a;1a;1a;1a;1a,1,87,orbit27_fp0,wyckoff_orbit,27,1a,3,0,True,torus_fractional_coordinate,1a;1a;1a;1a;1a;1a;1a;1a;1a;1a;1a;1a;1a;1a;1a;1a;1a;1a;1a;1a;1a;1a;1a;1a;1a;1a;1a;1a;1a;1a;1a;1a;1a;1a;1a;1a;1a
SG1|1a;1a;1a;1a;1a;1a;1a;1a;1a;1a;1a;1a;1a;1a;1a;1a;1a;1a;1a;1a;1a;1a;1a;1a;1a;1a;1a;1a;1a;1a;1a;1a;1a;1a;1a;1a;1a,1,88,orbit27_fp1,wyckoff_orbit,27,1a,3,1,True,torus_fractional_coordinate,1a;1a;1a;1a;1a;1a;1a;1a;1a;1a;1a;1a;1a;1a;1a;1a;1a;1a;1a;1a;1a;1a;1a;1a;1a;1a;1a;1a;1a;1a;1a;1a;1a;1a;1a;1a;1a
SG1|1a;1a;1a;1a;1a;1a;1a;1a;1a;1a;1a;1a;1a;1a;1a;1a;1a;1a;1a;1a;1a;1a;1a;1a;1a;1a;1a;1a;1a;1a;1a;1a;1a;1a;1a;1a;1a,1,89,orbit27_fp2,wyckoff_orbit,27,1a,3,2,True,torus_fractional_coordinate,1a;1a;1a;1a;1a;1a;1a;1a;1a;1a;1a;1a;1a;1a;1a;1a;1a;1a;1a;1a;1a;1a;1a;1a;1a;1a;1a;1a;1a;1a;1a;1a;1a;1a;1a;1a;1a
SG1|1a;1a;1a;1a;1a;1a;1a;1a;1a;1a;1a;1a;1a;1a;1a;1a;1a;1a;1a;1a;1a;1a;1a;1a;1a;1a;1a;1a;1a;1a;1a;1a;1a;1a;1a;1a;1a,1,90,orbit28_fp0,wyckoff_orbit,28,1a,3,0,True,torus_fractional_coordinate,1a;1a;1a;1a;1a;1a;1a;1a;1a;1a;1a;1a;1a;1a;1a;1a;1a;1a;1a;1a;1a;1a;1a;1a;1a;1a;1a;1a;1a;1a;1a;1a;1a;1a;1a;1a;1a
SG1|1a;1a;1a;1a;1a;1a;1a;1a;1a;1a;1a;1a;1a;1a;1a;1a;1a;1a;1a;1a;1a;1a;1a;1a;1a;1a;1a;1a;1a;1a;1a;1a;1a;1a;1a;1a;1a,1,91,orbit28_fp1,wyckoff_orbit,28,1a,3,1,True,torus_fractional_coordinate,1a;1a;1a;1a;1a;1a;1a;1a;1a;1a;1a;1a;1a;1a;1a;1a;1a;1a;1a;1a;1a;1a;1a;1a;1a;1a;1a;1a;1a;1a;1a;1a;1a;1a;1a;1a;1a
SG1|1a;1a;1a;1a;1a;1a;1a;1a;1a;1a;1a;1a;1a;1a;1a;1a;1a;1a;1a;1a;1a;1a;1a;1a;1a;1a;1a;1a;1a;1a;1a;1a;1a;1a;1a;1a;1a,1,92,orbit28_fp2,wyckoff_orbit,28,1a,3,2,True,torus_fractional_coordinate,1a;1a;1a;1a;1a;1a;1a;1a;1a;1a;1a;1a;1a;1a;1a;1a;1a;1a;1a;1a;1a;1a;1a;1a;1a;1a;1a;1a;1a;1a;1a;1a;1a;1a;1a;1a;1a
SG1|1a;1a;1a;1a;1a;1a;1a;1a;1a;1a;1a;1a;1a;1a;1a;1a;1a;1a;1a;1a;1a;1a;1a;1a;1a;1a;1a;1a;1a;1a;1a;1a;1a;1a;1a;1a;1a,1,93,orbit29_fp0,wyckoff_orbit,29,1a,3,0,True,torus_fractional_coordinate,1a;1a;1a;1a;1a;1a;1a;1a;1a;1a;1a;1a;1a;1a;1a;1a;1a;1a;1a;1a;1a;1a;1a;1a;1a;1a;1a;1a;1a;1a;1a;1a;1a;1a;1a;1a;1a
SG1|1a;1a;1a;1a;1a;1a;1a;1a;1a;1a;1a;1a;1a;1a;1a;1a;1a;1a;1a;1a;1a;1a;1a;1a;1a;1a;1a;1a;1a;1a;1a;1a;1a;1a;1a;1a;1a,1,94,orbit29_fp1,wyckoff_orbit,29,1a,3,1,True,torus_fractional_coordinate,1a;1a;1a;1a;1a;1a;1a;1a;1a;1a;1a;1a;1a;1a;1a;1a;1a;1a;1a;1a;1a;1a;1a;1a;1a;1a;1a;1a;1a;1a;1a;1a;1a;1a;1a;1a;1a
SG1|1a;1a;1a;1a;1a;1a;1a;1a;1a;1a;1a;1a;1a;1a;1a;1a;1a;1a;1a;1a;1a;1a;1a;1a;1a;1a;1a;1a;1a;1a;1a;1a;1a;1a;1a;1a;1a,1,95,orbit29_fp2,wyckoff_orbit,29,1a,3,2,True,torus_fractional_coordinate,1a;1a;1a;1a;1a;1a;1a;1a;1a;1a;1a;1a;1a;1a;1a;1a;1a;1a;1a;1a;1a;1a;1a;1a;1a;1a;1a;1a;1a;1a;1a;1a;1a;1a;1a;1a;1a
SG1|1a;1a;1a;1a;1a;1a;1a;1a;1a;1a;1a;1a;1a;1a;1a;1a;1a;1a;1a;1a;1a;1a;1a;1a;1a;1a;1a;1a;1a;1a;1a;1a;1a;1a;1a;1a;1a,1,96,orbit30_fp0,wyckoff_orbit,30,1a,3,0,True,torus_fractional_coordinate,1a;1a;1a;1a;1a;1a;1a;1a;1a;1a;1a;1a;1a;1a;1a;1a;1a;1a;1a;1a;1a;1a;1a;1a;1a;1a;1a;1a;1a;1a;1a;1a;1a;1a;1a;1a;1a
SG1|1a;1a;1a;1a;1a;1a;1a;1a;1a;1a;1a;1a;1a;1a;1a;1a;1a;1a;1a;1a;1a;1a;1a;1a;1a;1a;1a;1a;1a;1a;1a;1a;1a;1a;1a;1a;1a,1,97,orbit30_fp1,wyckoff_orbit,30,1a,3,1,True,torus_fractional_coordinate,1a;1a;1a;1a;1a;1a;1a;1a;1a;1a;1a;1a;1a;1a;1a;1a;1a;1a;1a;1a;1a;1a;1a;1a;1a;1a;1a;1a;1a;1a;1a;1a;1a;1a;1a;1a;1a
SG1|1a;1a;1a;1a;1a;1a;1a;1a;1a;1a;1a;1a;1a;1a;1a;1a;1a;1a;1a;1a;1a;1a;1a;1a;1a;1a;1a;1a;1a;1a;1a;1a;1a;1a;1a;1a;1a,1,98,orbit30_fp2,wyckoff_orbit,30,1a,3,2,True,torus_fractional_coordinate,1a;1a;1a;1a;1a;1a;1a;1a;1a;1a;1a;1a;1a;1a;1a;1a;1a;1a;1a;1a;1a;1a;1a;1a;1a;1a;1a;1a;1a;1a;1a;1a;1a;1a;1a;1a;1a
SG1|1a;1a;1a;1a;1a;1a;1a;1a;1a;1a;1a;1a;1a;1a;1a;1a;1a;1a;1a;1a;1a;1a;1a;1a;1a;1a;1a;1a;1a;1a;1a;1a;1a;1a;1a;1a;1a,1,99,orbit31_fp0,wyckoff_orbit,31,1a,3,0,True,torus_fractional_coordinate,1a;1a;1a;1a;1a;1a;1a;1a;1a;1a;1a;1a;1a;1a;1a;1a;1a;1a;1a;1a;1a;1a;1a;1a;1a;1a;1a;1a;1a;1a;1a;1a;1a;1a;1a;1a;1a
SG1|1a;1a;1a;1a;1a;1a;1a;1a;1a;1a;1a;1a;1a;1a;1a;1a;1a;1a;1a;1a;1a;1a;1a;1a;1a;1a;1a;1a;1a;1a;1a;1a;1a;1a;1a;1a;1a,1,100,orbit31_fp1,wyckoff_orbit,31,1a,3,1,True,torus_fractional_coordinate,1a;1a;1a;1a;1a;1a;1a;1a;1a;1a;1a;1a;1a;1a;1a;1a;1a;1a;1a;1a;1a;1a;1a;1a;1a;1a;1a;1a;1a;1a;1a;1a;1a;1a;1a;1a;1a
SG1|1a;1a;1a;1a;1a;1a;1a;1a;1a;1a;1a;1a;1a;1a;1a;1a;1a;1a;1a;1a;1a;1a;1a;1a;1a;1a;1a;1a;1a;1a;1a;1a;1a;1a;1a;1a;1a,1,101,orbit31_fp2,wyckoff_orbit,31,1a,3,2,True,torus_fractional_coordinate,1a;1a;1a;1a;1a;1a;1a;1a;1a;1a;1a;1a;1a;1a;1a;1a;1a;1a;1a;1a;1a;1a;1a;1a;1a;1a;1a;1a;1a;1a;1a;1a;1a;1a;1a;1a;1a
SG1|1a;1a;1a;1a;1a;1a;1a;1a;1a;1a;1a;1a;1a;1a;1a;1a;1a;1a;1a;1a;1a;1a;1a;1a;1a;1a;1a;1a;1a;1a;1a;1a;1a;1a;1a;1a;1a,1,102,orbit32_fp0,wyckoff_orbit,32,1a,3,0,True,torus_fractional_coordinate,1a;1a;1a;1a;1a;1a;1a;1a;1a;1a;1a;1a;1a;1a;1a;1a;1a;1a;1a;1a;1a;1a;1a;1a;1a;1a;1a;1a;1a;1a;1a;1a;1a;1a;1a;1a;1a
SG1|1a;1a;1a;1a;1a;1a;1a;1a;1a;1a;1a;1a;1a;1a;1a;1a;1a;1a;1a;1a;1a;1a;1a;1a;1a;1a;1a;1a;1a;1a;1a;1a;1a;1a;1a;1a;1a,1,103,orbit32_fp1,wyckoff_orbit,32,1a,3,1,True,torus_fractional_coordinate,1a;1a;1a;1a;1a;1a;1a;1a;1a;1a;1a;1a;1a;1a;1a;1a;1a;1a;1a;1a;1a;1a;1a;1a;1a;1a;1a;1a;1a;1a;1a;1a;1a;1a;1a;1a;1a
SG1|1a;1a;1a;1a;1a;1a;1a;1a;1a;1a;1a;1a;1a;1a;1a;1a;1a;1a;1a;1a;1a;1a;1a;1a;1a;1a;1a;1a;1a;1a;1a;1a;1a;1a;1a;1a;1a,1,104,orbit32_fp2,wyckoff_orbit,32,1a,3,2,True,torus_fractional_coordinate,1a;1a;1a;1a;1a;1a;1a;1a;1a;1a;1a;1a;1a;1a;1a;1a;1a;1a;1a;1a;1a;1a;1a;1a;1a;1a;1a;1a;1a;1a;1a;1a;1a;1a;1a;1a;1a
SG1|1a;1a;1a;1a;1a;1a;1a;1a;1a;1a;1a;1a;1a;1a;1a;1a;1a;1a;1a;1a;1a;1a;1a;1a;1a;1a;1a;1a;1a;1a;1a;1a;1a;1a;1a;1a;1a,1,105,orbit33_fp0,wyckoff_orbit,33,1a,3,0,True,torus_fractional_coordinate,1a;1a;1a;1a;1a;1a;1a;1a;1a;1a;1a;1a;1a;1a;1a;1a;1a;1a;1a;1a;1a;1a;1a;1a;1a;1a;1a;1a;1a;1a;1a;1a;1a;1a;1a;1a;1a
SG1|1a;1a;1a;1a;1a;1a;1a;1a;1a;1a;1a;1a;1a;1a;1a;1a;1a;1a;1a;1a;1a;1a;1a;1a;1a;1a;1a;1a;1a;1a;1a;1a;1a;1a;1a;1a;1a,1,106,orbit33_fp1,wyckoff_orbit,33,1a,3,1,True,torus_fractional_coordinate,1a;1a;1a;1a;1a;1a;1a;1a;1a;1a;1a;1a;1a;1a;1a;1a;1a;1a;1a;1a;1a;1a;1a;1a;1a;1a;1a;1a;1a;1a;1a;1a;1a;1a;1a;1a;1a
SG1|1a;1a;1a;1a;1a;1a;1a;1a;1a;1a;1a;1a;1a;1a;1a;1a;1a;1a;1a;1a;1a;1a;1a;1a;1a;1a;1a;1a;1a;1a;1a;1a;1a;1a;1a;1a;1a,1,107,orbit33_fp2,wyckoff_orbit,33,1a,3,2,True,torus_fractional_coordinate,1a;1a;1a;1a;1a;1a;1a;1a;1a;1a;1a;1a;1a;1a;1a;1a;1a;1a;1a;1a;1a;1a;1a;1a;1a;1a;1a;1a;1a;1a;1a;1a;1a;1a;1a;1a;1a
SG1|1a;1a;1a;1a;1a;1a;1a;1a;1a;1a;1a;1a;1a;1a;1a;1a;1a;1a;1a;1a;1a;1a;1a;1a;1a;1a;1a;1a;1a;1a;1a;1a;1a;1a;1a;1a;1a,1,108,orbit34_fp0,wyckoff_orbit,34,1a,3,0,True,torus_fractional_coordinate,1a;1a;1a;1a;1a;1a;1a;1a;1a;1a;1a;1a;1a;1a;1a;1a;1a;1a;1a;1a;1a;1a;1a;1a;1a;1a;1a;1a;1a;1a;1a;1a;1a;1a;1a;1a;1a
SG1|1a;1a;1a;1a;1a;1a;1a;1a;1a;1a;1a;1a;1a;1a;1a;1a;1a;1a;1a;1a;1a;1a;1a;1a;1a;1a;1a;1a;1a;1a;1a;1a;1a;1a;1a;1a;1a,1,109,orbit34_fp1,wyckoff_orbit,34,1a,3,1,True,torus_fractional_coordinate,1a;1a;1a;1a;1a;1a;1a;1a;1a;1a;1a;1a;1a;1a;1a;1a;1a;1a;1a;1a;1a;1a;1a;1a;1a;1a;1a;1a;1a;1a;1a;1a;1a;1a;1a;1a;1a
SG1|1a;1a;1a;1a;1a;1a;1a;1a;1a;1a;1a;1a;1a;1a;1a;1a;1a;1a;1a;1a;1a;1a;1a;1a;1a;1a;1a;1a;1a;1a;1a;1a;1a;1a;1a;1a;1a,1,110,orbit34_fp2,wyckoff_orbit,34,1a,3,2,True,torus_fractional_coordinate,1a;1a;1a;1a;1a;1a;1a;1a;1a;1a;1a;1a;1a;1a;1a;1a;1a;1a;1a;1a;1a;1a;1a;1a;1a;1a;1a;1a;1a;1a;1a;1a;1a;1a;1a;1a;1a
SG1|1a;1a;1a;1a;1a;1a;1a;1a;1a;1a;1a;1a;1a;1a;1a;1a;1a;1a;1a;1a;1a;1a;1a;1a;1a;1a;1a;1a;1a;1a;1a;1a;1a;1a;1a;1a;1a,1,111,orbit35_fp0,wyckoff_orbit,35,1a,3,0,True,torus_fractional_coordinate,1a;1a;1a;1a;1a;1a;1a;1a;1a;1a;1a;1a;1a;1a;1a;1a;1a;1a;1a;1a;1a;1a;1a;1a;1a;1a;1a;1a;1a;1a;1a;1a;1a;1a;1a;1a;1a
SG1|1a;1a;1a;1a;1a;1a;1a;1a;1a;1a;1a;1a;1a;1a;1a;1a;1a;1a;1a;1a;1a;1a;1a;1a;1a;1a;1a;1a;1a;1a;1a;1a;1a;1a;1a;1a;1a,1,112,orbit35_fp1,wyckoff_orbit,35,1a,3,1,True,torus_fractional_coordinate,1a;1a;1a;1a;1a;1a;1a;1a;1a;1a;1a;1a;1a;1a;1a;1a;1a;1a;1a;1a;1a;1a;1a;1a;1a;1a;1a;1a;1a;1a;1a;1a;1a;1a;1a;1a;1a
SG1|1a;1a;1a;1a;1a;1a;1a;1a;1a;1a;1a;1a;1a;1a;1a;1a;1a;1a;1a;1a;1a;1a;1a;1a;1a;1a;1a;1a;1a;1a;1a;1a;1a;1a;1a;1a;1a,1,113,orbit35_fp2,wyckoff_orbit,35,1a,3,2,True,torus_fractional_coordinate,1a;1a;1a;1a;1a;1a;1a;1a;1a;1a;1a;1a;1a;1a;1a;1a;1a;1a;1a;1a;1a;1a;1a;1a;1a;1a;1a;1a;1a;1a;1a;1a;1a;1a;1a;1a;1a
SG1|1a;1a;1a;1a;1a;1a;1a;1a;1a;1a;1a;1a;1a;1a;1a;1a;1a;1a;1a;1a;1a;1a;1a;1a;1a;1a;1a;1a;1a;1a;1a;1a;1a;1a;1a;1a;1a,1,114,orbit36_fp0,wyckoff_orbit,36,1a,3,0,True,torus_fractional_coordinate,1a;1a;1a;1a;1a;1a;1a;1a;1a;1a;1a;1a;1a;1a;1a;1a;1a;1a;1a;1a;1a;1a;1a;1a;1a;1a;1a;1a;1a;1a;1a;1a;1a;1a;1a;1a;1a
SG1|1a;1a;1a;1a;1a;1a;1a;1a;1a;1a;1a;1a;1a;1a;1a;1a;1a;1a;1a;1a;1a;1a;1a;1a;1a;1a;1a;1a;1a;1a;1a;1a;1a;1a;1a;1a;1a,1,115,orbit36_fp1,wyckoff_orbit,36,1a,3,1,True,torus_fractional_coordinate,1a;1a;1a;1a;1a;1a;1a;1a;1a;1a;1a;1a;1a;1a;1a;1a;1a;1a;1a;1a;1a;1a;1a;1a;1a;1a;1a;1a;1a;1a;1a;1a;1a;1a;1a;1a;1a
SG1|1a;1a;1a;1a;1a;1a;1a;1a;1a;1a;1a;1a;1a;1a;1a;1a;1a;1a;1a;1a;1a;1a;1a;1a;1a;1a;1a;1a;1a;1a;1a;1a;1a;1a;1a;1a;1a,1,116,orbit36_fp2,wyckoff_orbit,36,1a,3,2,True,torus_fractional_coordinate,1a;1a;1a;1a;1a;1a;1a;1a;1a;1a;1a;1a;1a;1a;1a;1a;1a;1a;1a;1a;1a;1a;1a;1a;1a;1a;1a;1a;1a;1a;1a;1a;1a;1a;1a;1a;1a
SG1|1a;1a;1a;1a;1a;1a;1a;1a;1a;1a;1a;1a;1a;1a;1a;1a;1a;1a;1a;1a;1a;1a;1a;1a;1a;1a;1a;1a;1a;1a;1a;1a;1a;1a;1a;1a,1,0,lattice_a,lattice,-1,,0,-1,False,positive_length,1a;1a;1a;1a;1a;1a;1a;1a;1a;1a;1a;1a;1a;1a;1a;1a;1a;1a;1a;1a;1a;1a;1a;1a;1a;1a;1a;1a;1a;1a;1a;1a;1a;1a;1a;1a
SG1|1a;1a;1a;1a;1a;1a;1a;1a;1a;1a;1a;1a;1a;1a;1a;1a;1a;1a;1a;1a;1a;1a;1a;1a;1a;1a;1a;1a;1a;1a;1a;1a;1a;1a;1a;1a,1,1,lattice_b,lattice,-1,,0,-1,False,positive_length,1a;1a;1a;1a;1a;1a;1a;1a;1a;1a;1a;1a;1a;1a;1a;1a;1a;1a;1a;1a;1a;1a;1a;1a;1a;1a;1a;1a;1a;1a;1a;1a;1a;1a;1a;1a
SG1|1a;1a;1a;1a;1a;1a;1a;1a;1a;1a;1a;1a;1a;1a;1a;1a;1a;1a;1a;1a;1a;1a;1a;1a;1a;1a;1a;1a;1a;1a;1a;1a;1a;1a;1a;1a,1,2,lattice_c,lattice,-1,,0,-1,False,positive_length,1a;1a;1a;1a;1a;1a;1a;1a;1a;1a;1a;1a;1a;1a;1a;1a;1a;1a;1a;1a;1a;1a;1a;1a;1a;1a;1a;1a;1a;1a;1a;1a;1a;1a;1a;1a
SG1|1a;1a;1a;1a;1a;1a;1a;1a;1a;1a;1a;1a;1a;1a;1a;1a;1a;1a;1a;1a;1a;1a;1a;1a;1a;1a;1a;1a;1a;1a;1a;1a;1a;1a;1a;1a,1,3,alpha,lattice,-1,,0,-1,False,angle_degree,1a;1a;1a;1a;1a;1a;1a;1a;1a;1a;1a;1a;1a;1a;1a;1a;1a;1a;1a;1a;1a;1a;1a;1a;1a;1a;1a;1a;1a;1a;1a;1a;1a;1a;1a;1a
SG1|1a;1a;1a;1a;1a;1a;1a;1a;1a;1a;1a;1a;1a;1a;1a;1a;1a;1a;1a;1a;1a;1a;1a;1a;1a;1a;1a;1a;1a;1a;1a;1a;1a;1a;1a;1a,1,4,beta,lattice,-1,,0,-1,False,angle_degree,1a;1a;1a;1a;1a;1a;1a;1a;1a;1a;1a;1a;1a;1a;1a;1a;1a;1a;1a;1a;1a;1a;1a;1a;1a;1a;1a;1a;1a;1a;1a;1a;1a;1a;1a;1a
SG1|1a;1a;1a;1a;1a;1a;1a;1a;1a;1a;1a;1a;1a;1a;1a;1a;1a;1a;1a;1a;1a;1a;1a;1a;1a;1a;1a;1a;1a;1a;1a;1a;1a;1a;1a;1a,1,5,gamma,lattice,-1,,0,-1,False,angle_degree,1a;1a;1a;1a;1a;1a;1a;1a;1a;1a;1a;1a;1a;1a;1a;1a;1a;1a;1a;1a;1a;1a;1a;1a;1a;1a;1a;1a;1a;1a;1a;1a;1a;1a;1a;1a
SG1|1a;1a;1a;1a;1a;1a;1a;1a;1a;1a;1a;1a;1a;1a;1a;1a;1a;1a;1a;1a;1a;1a;1a;1a;1a;1a;1a;1a;1a;1a;1a;1a;1a;1a;1a;1a,1,6,orbit0_fp0,wyckoff_orbit,0,1a,3,0,True,torus_fractional_coordinate,1a;1a;1a;1a;1a;1a;1a;1a;1a;1a;1a;1a;1a;1a;1a;1a;1a;1a;1a;1a;1a;1a;1a;1a;1a;1a;1a;1a;1a;1a;1a;1a;1a;1a;1a;1a
SG1|1a;1a;1a;1a;1a;1a;1a;1a;1a;1a;1a;1a;1a;1a;1a;1a;1a;1a;1a;1a;1a;1a;1a;1a;1a;1a;1a;1a;1a;1a;1a;1a;1a;1a;1a;1a,1,7,orbit0_fp1,wyckoff_orbit,0,1a,3,1,True,torus_fractional_coordinate,1a;1a;1a;1a;1a;1a;1a;1a;1a;1a;1a;1a;1a;1a;1a;1a;1a;1a;1a;1a;1a;1a;1a;1a;1a;1a;1a;1a;1a;1a;1a;1a;1a;1a;1a;1a
SG1|1a;1a;1a;1a;1a;1a;1a;1a;1a;1a;1a;1a;1a;1a;1a;1a;1a;1a;1a;1a;1a;1a;1a;1a;1a;1a;1a;1a;1a;1a;1a;1a;1a;1a;1a;1a,1,8,orbit0_fp2,wyckoff_orbit,0,1a,3,2,True,torus_fractional_coordinate,1a;1a;1a;1a;1a;1a;1a;1a;1a;1a;1a;1a;1a;1a;1a;1a;1a;1a;1a;1a;1a;1a;1a;1a;1a;1a;1a;1a;1a;1a;1a;1a;1a;1a;1a;1a
SG1|1a;1a;1a;1a;1a;1a;1a;1a;1a;1a;1a;1a;1a;1a;1a;1a;1a;1a;1a;1a;1a;1a;1a;1a;1a;1a;1a;1a;1a;1a;1a;1a;1a;1a;1a;1a,1,9,orbit1_fp0,wyckoff_orbit,1,1a,3,0,True,torus_fractional_coordinate,1a;1a;1a;1a;1a;1a;1a;1a;1a;1a;1a;1a;1a;1a;1a;1a;1a;1a;1a;1a;1a;1a;1a;1a;1a;1a;1a;1a;1a;1a;1a;1a;1a;1a;1a;1a
SG1|1a;1a;1a;1a;1a;1a;1a;1a;1a;1a;1a;1a;1a;1a;1a;1a;1a;1a;1a;1a;1a;1a;1a;1a;1a;1a;1a;1a;1a;1a;1a;1a;1a;1a;1a;1a,1,10,orbit1_fp1,wyckoff_orbit,1,1a,3,1,True,torus_fractional_coordinate,1a;1a;1a;1a;1a;1a;1a;1a;1a;1a;1a;1a;1a;1a;1a;1a;1a;1a;1a;1a;1a;1a;1a;1a;1a;1a;1a;1a;1a;1a;1a;1a;1a;1a;1a;1a
SG1|1a;1a;1a;1a;1a;1a;1a;1a;1a;1a;1a;1a;1a;1a;1a;1a;1a;1a;1a;1a;1a;1a;1a;1a;1a;1a;1a;1a;1a;1a;1a;1a;1a;1a;1a;1a,1,11,orbit1_fp2,wyckoff_orbit,1,1a,3,2,True,torus_fractional_coordinate,1a;1a;1a;1a;1a;1a;1a;1a;1a;1a;1a;1a;1a;1a;1a;1a;1a;1a;1a;1a;1a;1a;1a;1a;1a;1a;1a;1a;1a;1a;1a;1a;1a;1a;1a;1a
SG1|1a;1a;1a;1a;1a;1a;1a;1a;1a;1a;1a;1a;1a;1a;1a;1a;1a;1a;1a;1a;1a;1a;1a;1a;1a;1a;1a;1a;1a;1a;1a;1a;1a;1a;1a;1a,1,12,orbit2_fp0,wyckoff_orbit,2,1a,3,0,True,torus_fractional_coordinate,1a;1a;1a;1a;1a;1a;1a;1a;1a;1a;1a;1a;1a;1a;1a;1a;1a;1a;1a;1a;1a;1a;1a;1a;1a;1a;1a;1a;1a;1a;1a;1a;1a;1a;1a;1a
SG1|1a;1a;1a;1a;1a;1a;1a;1a;1a;1a;1a;1a;1a;1a;1a;1a;1a;1a;1a;1a;1a;1a;1a;1a;1a;1a;1a;1a;1a;1a;1a;1a;1a;1a;1a;1a,1,13,orbit2_fp1,wyckoff_orbit,2,1a,3,1,True,torus_fractional_coordinate,1a;1a;1a;1a;1a;1a;1a;1a;1a;1a;1a;1a;1a;1a;1a;1a;1a;1a;1a;1a;1a;1a;1a;1a;1a;1a;1a;1a;1a;1a;1a;1a;1a;1a;1a;1a
SG1|1a;1a;1a;1a;1a;1a;1a;1a;1a;1a;1a;1a;1a;1a;1a;1a;1a;1a;1a;1a;1a;1a;1a;1a;1a;1a;1a;1a;1a;1a;1a;1a;1a;1a;1a;1a,1,14,orbit2_fp2,wyckoff_orbit,2,1a,3,2,True,torus_fractional_coordinate,1a;1a;1a;1a;1a;1a;1a;1a;1a;1a;1a;1a;1a;1a;1a;1a;1a;1a;1a;1a;1a;1a;1a;1a;1a;1a;1a;1a;1a;1a;1a;1a;1a;1a;1a;1a
SG1|1a;1a;1a;1a;1a;1a;1a;1a;1a;1a;1a;1a;1a;1a;1a;1a;1a;1a;1a;1a;1a;1a;1a;1a;1a;1a;1a;1a;1a;1a;1a;1a;1a;1a;1a;1a,1,15,orbit3_fp0,wyckoff_orbit,3,1a,3,0,True,torus_fractional_coordinate,1a;1a;1a;1a;1a;1a;1a;1a;1a;1a;1a;1a;1a;1a;1a;1a;1a;1a;1a;1a;1a;1a;1a;1a;1a;1a;1a;1a;1a;1a;1a;1a;1a;1a;1a;1a
SG1|1a;1a;1a;1a;1a;1a;1a;1a;1a;1a;1a;1a;1a;1a;1a;1a;1a;1a;1a;1a;1a;1a;1a;1a;1a;1a;1a;1a;1a;1a;1a;1a;1a;1a;1a;1a,1,16,orbit3_fp1,wyckoff_orbit,3,1a,3,1,True,torus_fractional_coordinate,1a;1a;1a;1a;1a;1a;1a;1a;1a;1a;1a;1a;1a;1a;1a;1a;1a;1a;1a;1a;1a;1a;1a;1a;1a;1a;1a;1a;1a;1a;1a;1a;1a;1a;1a;1a
SG1|1a;1a;1a;1a;1a;1a;1a;1a;1a;1a;1a;1a;1a;1a;1a;1a;1a;1a;1a;1a;1a;1a;1a;1a;1a;1a;1a;1a;1a;1a;1a;1a;1a;1a;1a;1a,1,17,orbit3_fp2,wyckoff_orbit,3,1a,3,2,True,torus_fractional_coordinate,1a;1a;1a;1a;1a;1a;1a;1a;1a;1a;1a;1a;1a;1a;1a;1a;1a;1a;1a;1a;1a;1a;1a;1a;1a;1a;1a;1a;1a;1a;1a;1a;1a;1a;1a;1a
SG1|1a;1a;1a;1a;1a;1a;1a;1a;1a;1a;1a;1a;1a;1a;1a;1a;1a;1a;1a;1a;1a;1a;1a;1a;1a;1a;1a;1a;1a;1a;1a;1a;1a;1a;1a;1a,1,18,orbit4_fp0,wyckoff_orbit,4,1a,3,0,True,torus_fractional_coordinate,1a;1a;1a;1a;1a;1a;1a;1a;1a;1a;1a;1a;1a;1a;1a;1a;1a;1a;1a;1a;1a;1a;1a;1a;1a;1a;1a;1a;1a;1a;1a;1a;1a;1a;1a;1a
SG1|1a;1a;1a;1a;1a;1a;1a;1a;1a;1a;1a;1a;1a;1a;1a;1a;1a;1a;1a;1a;1a;1a;1a;1a;1a;1a;1a;1a;1a;1a;1a;1a;1a;1a;1a;1a,1,19,orbit4_fp1,wyckoff_orbit,4,1a,3,1,True,torus_fractional_coordinate,1a;1a;1a;1a;1a;1a;1a;1a;1a;1a;1a;1a;1a;1a;1a;1a;1a;1a;1a;1a;1a;1a;1a;1a;1a;1a;1a;1a;1a;1a;1a;1a;1a;1a;1a;1a
SG1|1a;1a;1a;1a;1a;1a;1a;1a;1a;1a;1a;1a;1a;1a;1a;1a;1a;1a;1a;1a;1a;1a;1a;1a;1a;1a;1a;1a;1a;1a;1a;1a;1a;1a;1a;1a,1,20,orbit4_fp2,wyckoff_orbit,4,1a,3,2,True,torus_fractional_coordinate,1a;1a;1a;1a;1a;1a;1a;1a;1a;1a;1a;1a;1a;1a;1a;1a;1a;1a;1a;1a;1a;1a;1a;1a;1a;1a;1a;1a;1a;1a;1a;1a;1a;1a;1a;1a
SG1|1a;1a;1a;1a;1a;1a;1a;1a;1a;1a;1a;1a;1a;1a;1a;1a;1a;1a;1a;1a;1a;1a;1a;1a;1a;1a;1a;1a;1a;1a;1a;1a;1a;1a;1a;1a,1,21,orbit5_fp0,wyckoff_orbit,5,1a,3,0,True,torus_fractional_coordinate,1a;1a;1a;1a;1a;1a;1a;1a;1a;1a;1a;1a;1a;1a;1a;1a;1a;1a;1a;1a;1a;1a;1a;1a;1a;1a;1a;1a;1a;1a;1a;1a;1a;1a;1a;1a
SG1|1a;1a;1a;1a;1a;1a;1a;1a;1a;1a;1a;1a;1a;1a;1a;1a;1a;1a;1a;1a;1a;1a;1a;1a;1a;1a;1a;1a;1a;1a;1a;1a;1a;1a;1a;1a,1,22,orbit5_fp1,wyckoff_orbit,5,1a,3,1,True,torus_fractional_coordinate,1a;1a;1a;1a;1a;1a;1a;1a;1a;1a;1a;1a;1a;1a;1a;1a;1a;1a;1a;1a;1a;1a;1a;1a;1a;1a;1a;1a;1a;1a;1a;1a;1a;1a;1a;1a
SG1|1a;1a;1a;1a;1a;1a;1a;1a;1a;1a;1a;1a;1a;1a;1a;1a;1a;1a;1a;1a;1a;1a;1a;1a;1a;1a;1a;1a;1a;1a;1a;1a;1a;1a;1a;1a,1,23,orbit5_fp2,wyckoff_orbit,5,1a,3,2,True,torus_fractional_coordinate,1a;1a;1a;1a;1a;1a;1a;1a;1a;1a;1a;1a;1a;1a;1a;1a;1a;1a;1a;1a;1a;1a;1a;1a;1a;1a;1a;1a;1a;1a;1a;1a;1a;1a;1a;1a
SG1|1a;1a;1a;1a;1a;1a;1a;1a;1a;1a;1a;1a;1a;1a;1a;1a;1a;1a;1a;1a;1a;1a;1a;1a;1a;1a;1a;1a;1a;1a;1a;1a;1a;1a;1a;1a,1,24,orbit6_fp0,wyckoff_orbit,6,1a,3,0,True,torus_fractional_coordinate,1a;1a;1a;1a;1a;1a;1a;1a;1a;1a;1a;1a;1a;1a;1a;1a;1a;1a;1a;1a;1a;1a;1a;1a;1a;1a;1a;1a;1a;1a;1a;1a;1a;1a;1a;1a
SG1|1a;1a;1a;1a;1a;1a;1a;1a;1a;1a;1a;1a;1a;1a;1a;1a;1a;1a;1a;1a;1a;1a;1a;1a;1a;1a;1a;1a;1a;1a;1a;1a;1a;1a;1a;1a,1,25,orbit6_fp1,wyckoff_orbit,6,1a,3,1,True,torus_fractional_coordinate,1a;1a;1a;1a;1a;1a;1a;1a;1a;1a;1a;1a;1a;1a;1a;1a;1a;1a;1a;1a;1a;1a;1a;1a;1a;1a;1a;1a;1a;1a;1a;1a;1a;1a;1a;1a
SG1|1a;1a;1a;1a;1a;1a;1a;1a;1a;1a;1a;1a;1a;1a;1a;1a;1a;1a;1a;1a;1a;1a;1a;1a;1a;1a;1a;1a;1a;1a;1a;1a;1a;1a;1a;1a,1,26,orbit6_fp2,wyckoff_orbit,6,1a,3,2,True,torus_fractional_coordinate,1a;1a;1a;1a;1a;1a;1a;1a;1a;1a;1a;1a;1a;1a;1a;1a;1a;1a;1a;1a;1a;1a;1a;1a;1a;1a;1a;1a;1a;1a;1a;1a;1a;1a;1a;1a
SG1|1a;1a;1a;1a;1a;1a;1a;1a;1a;1a;1a;1a;1a;1a;1a;1a;1a;1a;1a;1a;1a;1a;1a;1a;1a;1a;1a;1a;1a;1a;1a;1a;1a;1a;1a;1a,1,27,orbit7_fp0,wyckoff_orbit,7,1a,3,0,True,torus_fractional_coordinate,1a;1a;1a;1a;1a;1a;1a;1a;1a;1a;1a;1a;1a;1a;1a;1a;1a;1a;1a;1a;1a;1a;1a;1a;1a;1a;1a;1a;1a;1a;1a;1a;1a;1a;1a;1a
SG1|1a;1a;1a;1a;1a;1a;1a;1a;1a;1a;1a;1a;1a;1a;1a;1a;1a;1a;1a;1a;1a;1a;1a;1a;1a;1a;1a;1a;1a;1a;1a;1a;1a;1a;1a;1a,1,28,orbit7_fp1,wyckoff_orbit,7,1a,3,1,True,torus_fractional_coordinate,1a;1a;1a;1a;1a;1a;1a;1a;1a;1a;1a;1a;1a;1a;1a;1a;1a;1a;1a;1a;1a;1a;1a;1a;1a;1a;1a;1a;1a;1a;1a;1a;1a;1a;1a;1a
SG1|1a;1a;1a;1a;1a;1a;1a;1a;1a;1a;1a;1a;1a;1a;1a;1a;1a;1a;1a;1a;1a;1a;1a;1a;1a;1a;1a;1a;1a;1a;1a;1a;1a;1a;1a;1a,1,29,orbit7_fp2,wyckoff_orbit,7,1a,3,2,True,torus_fractional_coordinate,1a;1a;1a;1a;1a;1a;1a;1a;1a;1a;1a;1a;1a;1a;1a;1a;1a;1a;1a;1a;1a;1a;1a;1a;1a;1a;1a;1a;1a;1a;1a;1a;1a;1a;1a;1a
SG1|1a;1a;1a;1a;1a;1a;1a;1a;1a;1a;1a;1a;1a;1a;1a;1a;1a;1a;1a;1a;1a;1a;1a;1a;1a;1a;1a;1a;1a;1a;1a;1a;1a;1a;1a;1a,1,30,orbit8_fp0,wyckoff_orbit,8,1a,3,0,True,torus_fractional_coordinate,1a;1a;1a;1a;1a;1a;1a;1a;1a;1a;1a;1a;1a;1a;1a;1a;1a;1a;1a;1a;1a;1a;1a;1a;1a;1a;1a;1a;1a;1a;1a;1a;1a;1a;1a;1a
SG1|1a;1a;1a;1a;1a;1a;1a;1a;1a;1a;1a;1a;1a;1a;1a;1a;1a;1a;1a;1a;1a;1a;1a;1a;1a;1a;1a;1a;1a;1a;1a;1a;1a;1a;1a;1a,1,31,orbit8_fp1,wyckoff_orbit,8,1a,3,1,True,torus_fractional_coordinate,1a;1a;1a;1a;1a;1a;1a;1a;1a;1a;1a;1a;1a;1a;1a;1a;1a;1a;1a;1a;1a;1a;1a;1a;1a;1a;1a;1a;1a;1a;1a;1a;1a;1a;1a;1a
SG1|1a;1a;1a;1a;1a;1a;1a;1a;1a;1a;1a;1a;1a;1a;1a;1a;1a;1a;1a;1a;1a;1a;1a;1a;1a;1a;1a;1a;1a;1a;1a;1a;1a;1a;1a;1a,1,32,orbit8_fp2,wyckoff_orbit,8,1a,3,2,True,torus_fractional_coordinate,1a;1a;1a;1a;1a;1a;1a;1a;1a;1a;1a;1a;1a;1a;1a;1a;1a;1a;1a;1a;1a;1a;1a;1a;1a;1a;1a;1a;1a;1a;1a;1a;1a;1a;1a;1a
SG1|1a;1a;1a;1a;1a;1a;1a;1a;1a;1a;1a;1a;1a;1a;1a;1a;1a;1a;1a;1a;1a;1a;1a;1a;1a;1a;1a;1a;1a;1a;1a;1a;1a;1a;1a;1a,1,33,orbit9_fp0,wyckoff_orbit,9,1a,3,0,True,torus_fractional_coordinate,1a;1a;1a;1a;1a;1a;1a;1a;1a;1a;1a;1a;1a;1a;1a;1a;1a;1a;1a;1a;1a;1a;1a;1a;1a;1a;1a;1a;1a;1a;1a;1a;1a;1a;1a;1a
SG1|1a;1a;1a;1a;1a;1a;1a;1a;1a;1a;1a;1a;1a;1a;1a;1a;1a;1a;1a;1a;1a;1a;1a;1a;1a;1a;1a;1a;1a;1a;1a;1a;1a;1a;1a;1a,1,34,orbit9_fp1,wyckoff_orbit,9,1a,3,1,True,torus_fractional_coordinate,1a;1a;1a;1a;1a;1a;1a;1a;1a;1a;1a;1a;1a;1a;1a;1a;1a;1a;1a;1a;1a;1a;1a;1a;1a;1a;1a;1a;1a;1a;1a;1a;1a;1a;1a;1a
SG1|1a;1a;1a;1a;1a;1a;1a;1a;1a;1a;1a;1a;1a;1a;1a;1a;1a;1a;1a;1a;1a;1a;1a;1a;1a;1a;1a;1a;1a;1a;1a;1a;1a;1a;1a;1a,1,35,orbit9_fp2,wyckoff_orbit,9,1a,3,2,True,torus_fractional_coordinate,1a;1a;1a;1a;1a;1a;1a;1a;1a;1a;1a;1a;1a;1a;1a;1a;1a;1a;1a;1a;1a;1a;1a;1a;1a;1a;1a;1a;1a;1a;1a;1a;1a;1a;1a;1a
SG1|1a;1a;1a;1a;1a;1a;1a;1a;1a;1a;1a;1a;1a;1a;1a;1a;1a;1a;1a;1a;1a;1a;1a;1a;1a;1a;1a;1a;1a;1a;1a;1a;1a;1a;1a;1a,1,36,orbit10_fp0,wyckoff_orbit,10,1a,3,0,True,torus_fractional_coordinate,1a;1a;1a;1a;1a;1a;1a;1a;1a;1a;1a;1a;1a;1a;1a;1a;1a;1a;1a;1a;1a;1a;1a;1a;1a;1a;1a;1a;1a;1a;1a;1a;1a;1a;1a;1a
SG1|1a;1a;1a;1a;1a;1a;1a;1a;1a;1a;1a;1a;1a;1a;1a;1a;1a;1a;1a;1a;1a;1a;1a;1a;1a;1a;1a;1a;1a;1a;1a;1a;1a;1a;1a;1a,1,37,orbit10_fp1,wyckoff_orbit,10,1a,3,1,True,torus_fractional_coordinate,1a;1a;1a;1a;1a;1a;1a;1a;1a;1a;1a;1a;1a;1a;1a;1a;1a;1a;1a;1a;1a;1a;1a;1a;1a;1a;1a;1a;1a;1a;1a;1a;1a;1a;1a;1a
SG1|1a;1a;1a;1a;1a;1a;1a;1a;1a;1a;1a;1a;1a;1a;1a;1a;1a;1a;1a;1a;1a;1a;1a;1a;1a;1a;1a;1a;1a;1a;1a;1a;1a;1a;1a;1a,1,38,orbit10_fp2,wyckoff_orbit,10,1a,3,2,True,torus_fractional_coordinate,1a;1a;1a;1a;1a;1a;1a;1a;1a;1a;1a;1a;1a;1a;1a;1a;1a;1a;1a;1a;1a;1a;1a;1a;1a;1a;1a;1a;1a;1a;1a;1a;1a;1a;1a;1a
SG1|1a;1a;1a;1a;1a;1a;1a;1a;1a;1a;1a;1a;1a;1a;1a;1a;1a;1a;1a;1a;1a;1a;1a;1a;1a;1a;1a;1a;1a;1a;1a;1a;1a;1a;1a;1a,1,39,orbit11_fp0,wyckoff_orbit,11,1a,3,0,True,torus_fractional_coordinate,1a;1a;1a;1a;1a;1a;1a;1a;1a;1a;1a;1a;1a;1a;1a;1a;1a;1a;1a;1a;1a;1a;1a;1a;1a;1a;1a;1a;1a;1a;1a;1a;1a;1a;1a;1a
SG1|1a;1a;1a;1a;1a;1a;1a;1a;1a;1a;1a;1a;1a;1a;1a;1a;1a;1a;1a;1a;1a;1a;1a;1a;1a;1a;1a;1a;1a;1a;1a;1a;1a;1a;1a;1a,1,40,orbit11_fp1,wyckoff_orbit,11,1a,3,1,True,torus_fractional_coordinate,1a;1a;1a;1a;1a;1a;1a;1a;1a;1a;1a;1a;1a;1a;1a;1a;1a;1a;1a;1a;1a;1a;1a;1a;1a;1a;1a;1a;1a;1a;1a;1a;1a;1a;1a;1a
SG1|1a;1a;1a;1a;1a;1a;1a;1a;1a;1a;1a;1a;1a;1a;1a;1a;1a;1a;1a;1a;1a;1a;1a;1a;1a;1a;1a;1a;1a;1a;1a;1a;1a;1a;1a;1a,1,41,orbit11_fp2,wyckoff_orbit,11,1a,3,2,True,torus_fractional_coordinate,1a;1a;1a;1a;1a;1a;1a;1a;1a;1a;1a;1a;1a;1a;1a;1a;1a;1a;1a;1a;1a;1a;1a;1a;1a;1a;1a;1a;1a;1a;1a;1a;1a;1a;1a;1a
SG1|1a;1a;1a;1a;1a;1a;1a;1a;1a;1a;1a;1a;1a;1a;1a;1a;1a;1a;1a;1a;1a;1a;1a;1a;1a;1a;1a;1a;1a;1a;1a;1a;1a;1a;1a;1a,1,42,orbit12_fp0,wyckoff_orbit,12,1a,3,0,True,torus_fractional_coordinate,1a;1a;1a;1a;1a;1a;1a;1a;1a;1a;1a;1a;1a;1a;1a;1a;1a;1a;1a;1a;1a;1a;1a;1a;1a;1a;1a;1a;1a;1a;1a;1a;1a;1a;1a;1a
SG1|1a;1a;1a;1a;1a;1a;1a;1a;1a;1a;1a;1a;1a;1a;1a;1a;1a;1a;1a;1a;1a;1a;1a;1a;1a;1a;1a;1a;1a;1a;1a;1a;1a;1a;1a;1a,1,43,orbit12_fp1,wyckoff_orbit,12,1a,3,1,True,torus_fractional_coordinate,1a;1a;1a;1a;1a;1a;1a;1a;1a;1a;1a;1a;1a;1a;1a;1a;1a;1a;1a;1a;1a;1a;1a;1a;1a;1a;1a;1a;1a;1a;1a;1a;1a;1a;1a;1a
SG1|1a;1a;1a;1a;1a;1a;1a;1a;1a;1a;1a;1a;1a;1a;1a;1a;1a;1a;1a;1a;1a;1a;1a;1a;1a;1a;1a;1a;1a;1a;1a;1a;1a;1a;1a;1a,1,44,orbit12_fp2,wyckoff_orbit,12,1a,3,2,True,torus_fractional_coordinate,1a;1a;1a;1a;1a;1a;1a;1a;1a;1a;1a;1a;1a;1a;1a;1a;1a;1a;1a;1a;1a;1a;1a;1a;1a;1a;1a;1a;1a;1a;1a;1a;1a;1a;1a;1a
SG1|1a;1a;1a;1a;1a;1a;1a;1a;1a;1a;1a;1a;1a;1a;1a;1a;1a;1a;1a;1a;1a;1a;1a;1a;1a;1a;1a;1a;1a;1a;1a;1a;1a;1a;1a;1a,1,45,orbit13_fp0,wyckoff_orbit,13,1a,3,0,True,torus_fractional_coordinate,1a;1a;1a;1a;1a;1a;1a;1a;1a;1a;1a;1a;1a;1a;1a;1a;1a;1a;1a;1a;1a;1a;1a;1a;1a;1a;1a;1a;1a;1a;1a;1a;1a;1a;1a;1a
SG1|1a;1a;1a;1a;1a;1a;1a;1a;1a;1a;1a;1a;1a;1a;1a;1a;1a;1a;1a;1a;1a;1a;1a;1a;1a;1a;1a;1a;1a;1a;1a;1a;1a;1a;1a;1a,1,46,orbit13_fp1,wyckoff_orbit,13,1a,3,1,True,torus_fractional_coordinate,1a;1a;1a;1a;1a;1a;1a;1a;1a;1a;1a;1a;1a;1a;1a;1a;1a;1a;1a;1a;1a;1a;1a;1a;1a;1a;1a;1a;1a;1a;1a;1a;1a;1a;1a;1a
SG1|1a;1a;1a;1a;1a;1a;1a;1a;1a;1a;1a;1a;1a;1a;1a;1a;1a;1a;1a;1a;1a;1a;1a;1a;1a;1a;1a;1a;1a;1a;1a;1a;1a;1a;1a;1a,1,47,orbit13_fp2,wyckoff_orbit,13,1a,3,2,True,torus_fractional_coordinate,1a;1a;1a;1a;1a;1a;1a;1a;1a;1a;1a;1a;1a;1a;1a;1a;1a;1a;1a;1a;1a;1a;1a;1a;1a;1a;1a;1a;1a;1a;1a;1a;1a;1a;1a;1a
SG1|1a;1a;1a;1a;1a;1a;1a;1a;1a;1a;1a;1a;1a;1a;1a;1a;1a;1a;1a;1a;1a;1a;1a;1a;1a;1a;1a;1a;1a;1a;1a;1a;1a;1a;1a;1a,1,48,orbit14_fp0,wyckoff_orbit,14,1a,3,0,True,torus_fractional_coordinate,1a;1a;1a;1a;1a;1a;1a;1a;1a;1a;1a;1a;1a;1a;1a;1a;1a;1a;1a;1a;1a;1a;1a;1a;1a;1a;1a;1a;1a;1a;1a;1a;1a;1a;1a;1a
SG1|1a;1a;1a;1a;1a;1a;1a;1a;1a;1a;1a;1a;1a;1a;1a;1a;1a;1a;1a;1a;1a;1a;1a;1a;1a;1a;1a;1a;1a;1a;1a;1a;1a;1a;1a;1a,1,49,orbit14_fp1,wyckoff_orbit,14,1a,3,1,True,torus_fractional_coordinate,1a;1a;1a;1a;1a;1a;1a;1a;1a;1a;1a;1a;1a;1a;1a;1a;1a;1a;1a;1a;1a;1a;1a;1a;1a;1a;1a;1a;1a;1a;1a;1a;1a;1a;1a;1a
SG1|1a;1a;1a;1a;1a;1a;1a;1a;1a;1a;1a;1a;1a;1a;1a;1a;1a;1a;1a;1a;1a;1a;1a;1a;1a;1a;1a;1a;1a;1a;1a;1a;1a;1a;1a;1a,1,50,orbit14_fp2,wyckoff_orbit,14,1a,3,2,True,torus_fractional_coordinate,1a;1a;1a;1a;1a;1a;1a;1a;1a;1a;1a;1a;1a;1a;1a;1a;1a;1a;1a;1a;1a;1a;1a;1a;1a;1a;1a;1a;1a;1a;1a;1a;1a;1a;1a;1a
SG1|1a;1a;1a;1a;1a;1a;1a;1a;1a;1a;1a;1a;1a;1a;1a;1a;1a;1a;1a;1a;1a;1a;1a;1a;1a;1a;1a;1a;1a;1a;1a;1a;1a;1a;1a;1a,1,51,orbit15_fp0,wyckoff_orbit,15,1a,3,0,True,torus_fractional_coordinate,1a;1a;1a;1a;1a;1a;1a;1a;1a;1a;1a;1a;1a;1a;1a;1a;1a;1a;1a;1a;1a;1a;1a;1a;1a;1a;1a;1a;1a;1a;1a;1a;1a;1a;1a;1a
SG1|1a;1a;1a;1a;1a;1a;1a;1a;1a;1a;1a;1a;1a;1a;1a;1a;1a;1a;1a;1a;1a;1a;1a;1a;1a;1a;1a;1a;1a;1a;1a;1a;1a;1a;1a;1a,1,52,orbit15_fp1,wyckoff_orbit,15,1a,3,1,True,torus_fractional_coordinate,1a;1a;1a;1a;1a;1a;1a;1a;1a;1a;1a;1a;1a;1a;1a;1a;1a;1a;1a;1a;1a;1a;1a;1a;1a;1a;1a;1a;1a;1a;1a;1a;1a;1a;1a;1a
SG1|1a;1a;1a;1a;1a;1a;1a;1a;1a;1a;1a;1a;1a;1a;1a;1a;1a;1a;1a;1a;1a;1a;1a;1a;1a;1a;1a;1a;1a;1a;1a;1a;1a;1a;1a;1a,1,53,orbit15_fp2,wyckoff_orbit,15,1a,3,2,True,torus_fractional_coordinate,1a;1a;1a;1a;1a;1a;1a;1a;1a;1a;1a;1a;1a;1a;1a;1a;1a;1a;1a;1a;1a;1a;1a;1a;1a;1a;1a;1a;1a;1a;1a;1a;1a;1a;1a;1a
SG1|1a;1a;1a;1a;1a;1a;1a;1a;1a;1a;1a;1a;1a;1a;1a;1a;1a;1a;1a;1a;1a;1a;1a;1a;1a;1a;1a;1a;1a;1a;1a;1a;1a;1a;1a;1a,1,54,orbit16_fp0,wyckoff_orbit,16,1a,3,0,True,torus_fractional_coordinate,1a;1a;1a;1a;1a;1a;1a;1a;1a;1a;1a;1a;1a;1a;1a;1a;1a;1a;1a;1a;1a;1a;1a;1a;1a;1a;1a;1a;1a;1a;1a;1a;1a;1a;1a;1a
SG1|1a;1a;1a;1a;1a;1a;1a;1a;1a;1a;1a;1a;1a;1a;1a;1a;1a;1a;1a;1a;1a;1a;1a;1a;1a;1a;1a;1a;1a;1a;1a;1a;1a;1a;1a;1a,1,55,orbit16_fp1,wyckoff_orbit,16,1a,3,1,True,torus_fractional_coordinate,1a;1a;1a;1a;1a;1a;1a;1a;1a;1a;1a;1a;1a;1a;1a;1a;1a;1a;1a;1a;1a;1a;1a;1a;1a;1a;1a;1a;1a;1a;1a;1a;1a;1a;1a;1a
SG1|1a;1a;1a;1a;1a;1a;1a;1a;1a;1a;1a;1a;1a;1a;1a;1a;1a;1a;1a;1a;1a;1a;1a;1a;1a;1a;1a;1a;1a;1a;1a;1a;1a;1a;1a;1a,1,56,orbit16_fp2,wyckoff_orbit,16,1a,3,2,True,torus_fractional_coordinate,1a;1a;1a;1a;1a;1a;1a;1a;1a;1a;1a;1a;1a;1a;1a;1a;1a;1a;1a;1a;1a;1a;1a;1a;1a;1a;1a;1a;1a;1a;1a;1a;1a;1a;1a;1a
SG1|1a;1a;1a;1a;1a;1a;1a;1a;1a;1a;1a;1a;1a;1a;1a;1a;1a;1a;1a;1a;1a;1a;1a;1a;1a;1a;1a;1a;1a;1a;1a;1a;1a;1a;1a;1a,1,57,orbit17_fp0,wyckoff_orbit,17,1a,3,0,True,torus_fractional_coordinate,1a;1a;1a;1a;1a;1a;1a;1a;1a;1a;1a;1a;1a;1a;1a;1a;1a;1a;1a;1a;1a;1a;1a;1a;1a;1a;1a;1a;1a;1a;1a;1a;1a;1a;1a;1a
SG1|1a;1a;1a;1a;1a;1a;1a;1a;1a;1a;1a;1a;1a;1a;1a;1a;1a;1a;1a;1a;1a;1a;1a;1a;1a;1a;1a;1a;1a;1a;1a;1a;1a;1a;1a;1a,1,58,orbit17_fp1,wyckoff_orbit,17,1a,3,1,True,torus_fractional_coordinate,1a;1a;1a;1a;1a;1a;1a;1a;1a;1a;1a;1a;1a;1a;1a;1a;1a;1a;1a;1a;1a;1a;1a;1a;1a;1a;1a;1a;1a;1a;1a;1a;1a;1a;1a;1a
SG1|1a;1a;1a;1a;1a;1a;1a;1a;1a;1a;1a;1a;1a;1a;1a;1a;1a;1a;1a;1a;1a;1a;1a;1a;1a;1a;1a;1a;1a;1a;1a;1a;1a;1a;1a;1a,1,59,orbit17_fp2,wyckoff_orbit,17,1a,3,2,True,torus_fractional_coordinate,1a;1a;1a;1a;1a;1a;1a;1a;1a;1a;1a;1a;1a;1a;1a;1a;1a;1a;1a;1a;1a;1a;1a;1a;1a;1a;1a;1a;1a;1a;1a;1a;1a;1a;1a;1a
SG1|1a;1a;1a;1a;1a;1a;1a;1a;1a;1a;1a;1a;1a;1a;1a;1a;1a;1a;1a;1a;1a;1a;1a;1a;1a;1a;1a;1a;1a;1a;1a;1a;1a;1a;1a;1a,1,60,orbit18_fp0,wyckoff_orbit,18,1a,3,0,True,torus_fractional_coordinate,1a;1a;1a;1a;1a;1a;1a;1a;1a;1a;1a;1a;1a;1a;1a;1a;1a;1a;1a;1a;1a;1a;1a;1a;1a;1a;1a;1a;1a;1a;1a;1a;1a;1a;1a;1a
SG1|1a;1a;1a;1a;1a;1a;1a;1a;1a;1a;1a;1a;1a;1a;1a;1a;1a;1a;1a;1a;1a;1a;1a;1a;1a;1a;1a;1a;1a;1a;1a;1a;1a;1a;1a;1a,1,61,orbit18_fp1,wyckoff_orbit,18,1a,3,1,True,torus_fractional_coordinate,1a;1a;1a;1a;1a;1a;1a;1a;1a;1a;1a;1a;1a;1a;1a;1a;1a;1a;1a;1a;1a;1a;1a;1a;1a;1a;1a;1a;1a;1a;1a;1a;1a;1a;1a;1a
SG1|1a;1a;1a;1a;1a;1a;1a;1a;1a;1a;1a;1a;1a;1a;1a;1a;1a;1a;1a;1a;1a;1a;1a;1a;1a;1a;1a;1a;1a;1a;1a;1a;1a;1a;1a;1a,1,62,orbit18_fp2,wyckoff_orbit,18,1a,3,2,True,torus_fractional_coordinate,1a;1a;1a;1a;1a;1a;1a;1a;1a;1a;1a;1a;1a;1a;1a;1a;1a;1a;1a;1a;1a;1a;1a;1a;1a;1a;1a;1a;1a;1a;1a;1a;1a;1a;1a;1a
SG1|1a;1a;1a;1a;1a;1a;1a;1a;1a;1a;1a;1a;1a;1a;1a;1a;1a;1a;1a;1a;1a;1a;1a;1a;1a;1a;1a;1a;1a;1a;1a;1a;1a;1a;1a;1a,1,63,orbit19_fp0,wyckoff_orbit,19,1a,3,0,True,torus_fractional_coordinate,1a;1a;1a;1a;1a;1a;1a;1a;1a;1a;1a;1a;1a;1a;1a;1a;1a;1a;1a;1a;1a;1a;1a;1a;1a;1a;1a;1a;1a;1a;1a;1a;1a;1a;1a;1a
SG1|1a;1a;1a;1a;1a;1a;1a;1a;1a;1a;1a;1a;1a;1a;1a;1a;1a;1a;1a;1a;1a;1a;1a;1a;1a;1a;1a;1a;1a;1a;1a;1a;1a;1a;1a;1a,1,64,orbit19_fp1,wyckoff_orbit,19,1a,3,1,True,torus_fractional_coordinate,1a;1a;1a;1a;1a;1a;1a;1a;1a;1a;1a;1a;1a;1a;1a;1a;1a;1a;1a;1a;1a;1a;1a;1a;1a;1a;1a;1a;1a;1a;1a;1a;1a;1a;1a;1a
SG1|1a;1a;1a;1a;1a;1a;1a;1a;1a;1a;1a;1a;1a;1a;1a;1a;1a;1a;1a;1a;1a;1a;1a;1a;1a;1a;1a;1a;1a;1a;1a;1a;1a;1a;1a;1a,1,65,orbit19_fp2,wyckoff_orbit,19,1a,3,2,True,torus_fractional_coordinate,1a;1a;1a;1a;1a;1a;1a;1a;1a;1a;1a;1a;1a;1a;1a;1a;1a;1a;1a;1a;1a;1a;1a;1a;1a;1a;1a;1a;1a;1a;1a;1a;1a;1a;1a;1a
SG1|1a;1a;1a;1a;1a;1a;1a;1a;1a;1a;1a;1a;1a;1a;1a;1a;1a;1a;1a;1a;1a;1a;1a;1a;1a;1a;1a;1a;1a;1a;1a;1a;1a;1a;1a;1a,1,66,orbit20_fp0,wyckoff_orbit,20,1a,3,0,True,torus_fractional_coordinate,1a;1a;1a;1a;1a;1a;1a;1a;1a;1a;1a;1a;1a;1a;1a;1a;1a;1a;1a;1a;1a;1a;1a;1a;1a;1a;1a;1a;1a;1a;1a;1a;1a;1a;1a;1a
SG1|1a;1a;1a;1a;1a;1a;1a;1a;1a;1a;1a;1a;1a;1a;1a;1a;1a;1a;1a;1a;1a;1a;1a;1a;1a;1a;1a;1a;1a;1a;1a;1a;1a;1a;1a;1a,1,67,orbit20_fp1,wyckoff_orbit,20,1a,3,1,True,torus_fractional_coordinate,1a;1a;1a;1a;1a;1a;1a;1a;1a;1a;1a;1a;1a;1a;1a;1a;1a;1a;1a;1a;1a;1a;1a;1a;1a;1a;1a;1a;1a;1a;1a;1a;1a;1a;1a;1a
SG1|1a;1a;1a;1a;1a;1a;1a;1a;1a;1a;1a;1a;1a;1a;1a;1a;1a;1a;1a;1a;1a;1a;1a;1a;1a;1a;1a;1a;1a;1a;1a;1a;1a;1a;1a;1a,1,68,orbit20_fp2,wyckoff_orbit,20,1a,3,2,True,torus_fractional_coordinate,1a;1a;1a;1a;1a;1a;1a;1a;1a;1a;1a;1a;1a;1a;1a;1a;1a;1a;1a;1a;1a;1a;1a;1a;1a;1a;1a;1a;1a;1a;1a;1a;1a;1a;1a;1a
SG1|1a;1a;1a;1a;1a;1a;1a;1a;1a;1a;1a;1a;1a;1a;1a;1a;1a;1a;1a;1a;1a;1a;1a;1a;1a;1a;1a;1a;1a;1a;1a;1a;1a;1a;1a;1a,1,69,orbit21_fp0,wyckoff_orbit,21,1a,3,0,True,torus_fractional_coordinate,1a;1a;1a;1a;1a;1a;1a;1a;1a;1a;1a;1a;1a;1a;1a;1a;1a;1a;1a;1a;1a;1a;1a;1a;1a;1a;1a;1a;1a;1a;1a;1a;1a;1a;1a;1a
SG1|1a;1a;1a;1a;1a;1a;1a;1a;1a;1a;1a;1a;1a;1a;1a;1a;1a;1a;1a;1a;1a;1a;1a;1a;1a;1a;1a;1a;1a;1a;1a;1a;1a;1a;1a;1a,1,70,orbit21_fp1,wyckoff_orbit,21,1a,3,1,True,torus_fractional_coordinate,1a;1a;1a;1a;1a;1a;1a;1a;1a;1a;1a;1a;1a;1a;1a;1a;1a;1a;1a;1a;1a;1a;1a;1a;1a;1a;1a;1a;1a;1a;1a;1a;1a;1a;1a;1a
SG1|1a;1a;1a;1a;1a;1a;1a;1a;1a;1a;1a;1a;1a;1a;1a;1a;1a;1a;1a;1a;1a;1a;1a;1a;1a;1a;1a;1a;1a;1a;1a;1a;1a;1a;1a;1a,1,71,orbit21_fp2,wyckoff_orbit,21,1a,3,2,True,torus_fractional_coordinate,1a;1a;1a;1a;1a;1a;1a;1a;1a;1a;1a;1a;1a;1a;1a;1a;1a;1a;1a;1a;1a;1a;1a;1a;1a;1a;1a;1a;1a;1a;1a;1a;1a;1a;1a;1a
SG1|1a;1a;1a;1a;1a;1a;1a;1a;1a;1a;1a;1a;1a;1a;1a;1a;1a;1a;1a;1a;1a;1a;1a;1a;1a;1a;1a;1a;1a;1a;1a;1a;1a;1a;1a;1a,1,72,orbit22_fp0,wyckoff_orbit,22,1a,3,0,True,torus_fractional_coordinate,1a;1a;1a;1a;1a;1a;1a;1a;1a;1a;1a;1a;1a;1a;1a;1a;1a;1a;1a;1a;1a;1a;1a;1a;1a;1a;1a;1a;1a;1a;1a;1a;1a;1a;1a;1a
SG1|1a;1a;1a;1a;1a;1a;1a;1a;1a;1a;1a;1a;1a;1a;1a;1a;1a;1a;1a;1a;1a;1a;1a;1a;1a;1a;1a;1a;1a;1a;1a;1a;1a;1a;1a;1a,1,73,orbit22_fp1,wyckoff_orbit,22,1a,3,1,True,torus_fractional_coordinate,1a;1a;1a;1a;1a;1a;1a;1a;1a;1a;1a;1a;1a;1a;1a;1a;1a;1a;1a;1a;1a;1a;1a;1a;1a;1a;1a;1a;1a;1a;1a;1a;1a;1a;1a;1a
SG1|1a;1a;1a;1a;1a;1a;1a;1a;1a;1a;1a;1a;1a;1a;1a;1a;1a;1a;1a;1a;1a;1a;1a;1a;1a;1a;1a;1a;1a;1a;1a;1a;1a;1a;1a;1a,1,74,orbit22_fp2,wyckoff_orbit,22,1a,3,2,True,torus_fractional_coordinate,1a;1a;1a;1a;1a;1a;1a;1a;1a;1a;1a;1a;1a;1a;1a;1a;1a;1a;1a;1a;1a;1a;1a;1a;1a;1a;1a;1a;1a;1a;1a;1a;1a;1a;1a;1a
SG1|1a;1a;1a;1a;1a;1a;1a;1a;1a;1a;1a;1a;1a;1a;1a;1a;1a;1a;1a;1a;1a;1a;1a;1a;1a;1a;1a;1a;1a;1a;1a;1a;1a;1a;1a;1a,1,75,orbit23_fp0,wyckoff_orbit,23,1a,3,0,True,torus_fractional_coordinate,1a;1a;1a;1a;1a;1a;1a;1a;1a;1a;1a;1a;1a;1a;1a;1a;1a;1a;1a;1a;1a;1a;1a;1a;1a;1a;1a;1a;1a;1a;1a;1a;1a;1a;1a;1a
SG1|1a;1a;1a;1a;1a;1a;1a;1a;1a;1a;1a;1a;1a;1a;1a;1a;1a;1a;1a;1a;1a;1a;1a;1a;1a;1a;1a;1a;1a;1a;1a;1a;1a;1a;1a;1a,1,76,orbit23_fp1,wyckoff_orbit,23,1a,3,1,True,torus_fractional_coordinate,1a;1a;1a;1a;1a;1a;1a;1a;1a;1a;1a;1a;1a;1a;1a;1a;1a;1a;1a;1a;1a;1a;1a;1a;1a;1a;1a;1a;1a;1a;1a;1a;1a;1a;1a;1a
SG1|1a;1a;1a;1a;1a;1a;1a;1a;1a;1a;1a;1a;1a;1a;1a;1a;1a;1a;1a;1a;1a;1a;1a;1a;1a;1a;1a;1a;1a;1a;1a;1a;1a;1a;1a;1a,1,77,orbit23_fp2,wyckoff_orbit,23,1a,3,2,True,torus_fractional_coordinate,1a;1a;1a;1a;1a;1a;1a;1a;1a;1a;1a;1a;1a;1a;1a;1a;1a;1a;1a;1a;1a;1a;1a;1a;1a;1a;1a;1a;1a;1a;1a;1a;1a;1a;1a;1a
SG1|1a;1a;1a;1a;1a;1a;1a;1a;1a;1a;1a;1a;1a;1a;1a;1a;1a;1a;1a;1a;1a;1a;1a;1a;1a;1a;1a;1a;1a;1a;1a;1a;1a;1a;1a;1a,1,78,orbit24_fp0,wyckoff_orbit,24,1a,3,0,True,torus_fractional_coordinate,1a;1a;1a;1a;1a;1a;1a;1a;1a;1a;1a;1a;1a;1a;1a;1a;1a;1a;1a;1a;1a;1a;1a;1a;1a;1a;1a;1a;1a;1a;1a;1a;1a;1a;1a;1a
SG1|1a;1a;1a;1a;1a;1a;1a;1a;1a;1a;1a;1a;1a;1a;1a;1a;1a;1a;1a;1a;1a;1a;1a;1a;1a;1a;1a;1a;1a;1a;1a;1a;1a;1a;1a;1a,1,79,orbit24_fp1,wyckoff_orbit,24,1a,3,1,True,torus_fractional_coordinate,1a;1a;1a;1a;1a;1a;1a;1a;1a;1a;1a;1a;1a;1a;1a;1a;1a;1a;1a;1a;1a;1a;1a;1a;1a;1a;1a;1a;1a;1a;1a;1a;1a;1a;1a;1a
SG1|1a;1a;1a;1a;1a;1a;1a;1a;1a;1a;1a;1a;1a;1a;1a;1a;1a;1a;1a;1a;1a;1a;1a;1a;1a;1a;1a;1a;1a;1a;1a;1a;1a;1a;1a;1a,1,80,orbit24_fp2,wyckoff_orbit,24,1a,3,2,True,torus_fractional_coordinate,1a;1a;1a;1a;1a;1a;1a;1a;1a;1a;1a;1a;1a;1a;1a;1a;1a;1a;1a;1a;1a;1a;1a;1a;1a;1a;1a;1a;1a;1a;1a;1a;1a;1a;1a;1a
SG1|1a;1a;1a;1a;1a;1a;1a;1a;1a;1a;1a;1a;1a;1a;1a;1a;1a;1a;1a;1a;1a;1a;1a;1a;1a;1a;1a;1a;1a;1a;1a;1a;1a;1a;1a;1a,1,81,orbit25_fp0,wyckoff_orbit,25,1a,3,0,True,torus_fractional_coordinate,1a;1a;1a;1a;1a;1a;1a;1a;1a;1a;1a;1a;1a;1a;1a;1a;1a;1a;1a;1a;1a;1a;1a;1a;1a;1a;1a;1a;1a;1a;1a;1a;1a;1a;1a;1a
SG1|1a;1a;1a;1a;1a;1a;1a;1a;1a;1a;1a;1a;1a;1a;1a;1a;1a;1a;1a;1a;1a;1a;1a;1a;1a;1a;1a;1a;1a;1a;1a;1a;1a;1a;1a;1a,1,82,orbit25_fp1,wyckoff_orbit,25,1a,3,1,True,torus_fractional_coordinate,1a;1a;1a;1a;1a;1a;1a;1a;1a;1a;1a;1a;1a;1a;1a;1a;1a;1a;1a;1a;1a;1a;1a;1a;1a;1a;1a;1a;1a;1a;1a;1a;1a;1a;1a;1a
SG1|1a;1a;1a;1a;1a;1a;1a;1a;1a;1a;1a;1a;1a;1a;1a;1a;1a;1a;1a;1a;1a;1a;1a;1a;1a;1a;1a;1a;1a;1a;1a;1a;1a;1a;1a;1a,1,83,orbit25_fp2,wyckoff_orbit,25,1a,3,2,True,torus_fractional_coordinate,1a;1a;1a;1a;1a;1a;1a;1a;1a;1a;1a;1a;1a;1a;1a;1a;1a;1a;1a;1a;1a;1a;1a;1a;1a;1a;1a;1a;1a;1a;1a;1a;1a;1a;1a;1a
SG1|1a;1a;1a;1a;1a;1a;1a;1a;1a;1a;1a;1a;1a;1a;1a;1a;1a;1a;1a;1a;1a;1a;1a;1a;1a;1a;1a;1a;1a;1a;1a;1a;1a;1a;1a;1a,1,84,orbit26_fp0,wyckoff_orbit,26,1a,3,0,True,torus_fractional_coordinate,1a;1a;1a;1a;1a;1a;1a;1a;1a;1a;1a;1a;1a;1a;1a;1a;1a;1a;1a;1a;1a;1a;1a;1a;1a;1a;1a;1a;1a;1a;1a;1a;1a;1a;1a;1a
SG1|1a;1a;1a;1a;1a;1a;1a;1a;1a;1a;1a;1a;1a;1a;1a;1a;1a;1a;1a;1a;1a;1a;1a;1a;1a;1a;1a;1a;1a;1a;1a;1a;1a;1a;1a;1a,1,85,orbit26_fp1,wyckoff_orbit,26,1a,3,1,True,torus_fractional_coordinate,1a;1a;1a;1a;1a;1a;1a;1a;1a;1a;1a;1a;1a;1a;1a;1a;1a;1a;1a;1a;1a;1a;1a;1a;1a;1a;1a;1a;1a;1a;1a;1a;1a;1a;1a;1a
SG1|1a;1a;1a;1a;1a;1a;1a;1a;1a;1a;1a;1a;1a;1a;1a;1a;1a;1a;1a;1a;1a;1a;1a;1a;1a;1a;1a;1a;1a;1a;1a;1a;1a;1a;1a;1a,1,86,orbit26_fp2,wyckoff_orbit,26,1a,3,2,True,torus_fractional_coordinate,1a;1a;1a;1a;1a;1a;1a;1a;1a;1a;1a;1a;1a;1a;1a;1a;1a;1a;1a;1a;1a;1a;1a;1a;1a;1a;1a;1a;1a;1a;1a;1a;1a;1a;1a;1a
SG1|1a;1a;1a;1a;1a;1a;1a;1a;1a;1a;1a;1a;1a;1a;1a;1a;1a;1a;1a;1a;1a;1a;1a;1a;1a;1a;1a;1a;1a;1a;1a;1a;1a;1a;1a;1a,1,87,orbit27_fp0,wyckoff_orbit,27,1a,3,0,True,torus_fractional_coordinate,1a;1a;1a;1a;1a;1a;1a;1a;1a;1a;1a;1a;1a;1a;1a;1a;1a;1a;1a;1a;1a;1a;1a;1a;1a;1a;1a;1a;1a;1a;1a;1a;1a;1a;1a;1a
SG1|1a;1a;1a;1a;1a;1a;1a;1a;1a;1a;1a;1a;1a;1a;1a;1a;1a;1a;1a;1a;1a;1a;1a;1a;1a;1a;1a;1a;1a;1a;1a;1a;1a;1a;1a;1a,1,88,orbit27_fp1,wyckoff_orbit,27,1a,3,1,True,torus_fractional_coordinate,1a;1a;1a;1a;1a;1a;1a;1a;1a;1a;1a;1a;1a;1a;1a;1a;1a;1a;1a;1a;1a;1a;1a;1a;1a;1a;1a;1a;1a;1a;1a;1a;1a;1a;1a;1a
SG1|1a;1a;1a;1a;1a;1a;1a;1a;1a;1a;1a;1a;1a;1a;1a;1a;1a;1a;1a;1a;1a;1a;1a;1a;1a;1a;1a;1a;1a;1a;1a;1a;1a;1a;1a;1a,1,89,orbit27_fp2,wyckoff_orbit,27,1a,3,2,True,torus_fractional_coordinate,1a;1a;1a;1a;1a;1a;1a;1a;1a;1a;1a;1a;1a;1a;1a;1a;1a;1a;1a;1a;1a;1a;1a;1a;1a;1a;1a;1a;1a;1a;1a;1a;1a;1a;1a;1a
SG1|1a;1a;1a;1a;1a;1a;1a;1a;1a;1a;1a;1a;1a;1a;1a;1a;1a;1a;1a;1a;1a;1a;1a;1a;1a;1a;1a;1a;1a;1a;1a;1a;1a;1a;1a;1a,1,90,orbit28_fp0,wyckoff_orbit,28,1a,3,0,True,torus_fractional_coordinate,1a;1a;1a;1a;1a;1a;1a;1a;1a;1a;1a;1a;1a;1a;1a;1a;1a;1a;1a;1a;1a;1a;1a;1a;1a;1a;1a;1a;1a;1a;1a;1a;1a;1a;1a;1a
SG1|1a;1a;1a;1a;1a;1a;1a;1a;1a;1a;1a;1a;1a;1a;1a;1a;1a;1a;1a;1a;1a;1a;1a;1a;1a;1a;1a;1a;1a;1a;1a;1a;1a;1a;1a;1a,1,91,orbit28_fp1,wyckoff_orbit,28,1a,3,1,True,torus_fractional_coordinate,1a;1a;1a;1a;1a;1a;1a;1a;1a;1a;1a;1a;1a;1a;1a;1a;1a;1a;1a;1a;1a;1a;1a;1a;1a;1a;1a;1a;1a;1a;1a;1a;1a;1a;1a;1a
SG1|1a;1a;1a;1a;1a;1a;1a;1a;1a;1a;1a;1a;1a;1a;1a;1a;1a;1a;1a;1a;1a;1a;1a;1a;1a;1a;1a;1a;1a;1a;1a;1a;1a;1a;1a;1a,1,92,orbit28_fp2,wyckoff_orbit,28,1a,3,2,True,torus_fractional_coordinate,1a;1a;1a;1a;1a;1a;1a;1a;1a;1a;1a;1a;1a;1a;1a;1a;1a;1a;1a;1a;1a;1a;1a;1a;1a;1a;1a;1a;1a;1a;1a;1a;1a;1a;1a;1a
SG1|1a;1a;1a;1a;1a;1a;1a;1a;1a;1a;1a;1a;1a;1a;1a;1a;1a;1a;1a;1a;1a;1a;1a;1a;1a;1a;1a;1a;1a;1a;1a;1a;1a;1a;1a;1a,1,93,orbit29_fp0,wyckoff_orbit,29,1a,3,0,True,torus_fractional_coordinate,1a;1a;1a;1a;1a;1a;1a;1a;1a;1a;1a;1a;1a;1a;1a;1a;1a;1a;1a;1a;1a;1a;1a;1a;1a;1a;1a;1a;1a;1a;1a;1a;1a;1a;1a;1a
SG1|1a;1a;1a;1a;1a;1a;1a;1a;1a;1a;1a;1a;1a;1a;1a;1a;1a;1a;1a;1a;1a;1a;1a;1a;1a;1a;1a;1a;1a;1a;1a;1a;1a;1a;1a;1a,1,94,orbit29_fp1,wyckoff_orbit,29,1a,3,1,True,torus_fractional_coordinate,1a;1a;1a;1a;1a;1a;1a;1a;1a;1a;1a;1a;1a;1a;1a;1a;1a;1a;1a;1a;1a;1a;1a;1a;1a;1a;1a;1a;1a;1a;1a;1a;1a;1a;1a;1a
SG1|1a;1a;1a;1a;1a;1a;1a;1a;1a;1a;1a;1a;1a;1a;1a;1a;1a;1a;1a;1a;1a;1a;1a;1a;1a;1a;1a;1a;1a;1a;1a;1a;1a;1a;1a;1a,1,95,orbit29_fp2,wyckoff_orbit,29,1a,3,2,True,torus_fractional_coordinate,1a;1a;1a;1a;1a;1a;1a;1a;1a;1a;1a;1a;1a;1a;1a;1a;1a;1a;1a;1a;1a;1a;1a;1a;1a;1a;1a;1a;1a;1a;1a;1a;1a;1a;1a;1a
SG1|1a;1a;1a;1a;1a;1a;1a;1a;1a;1a;1a;1a;1a;1a;1a;1a;1a;1a;1a;1a;1a;1a;1a;1a;1a;1a;1a;1a;1a;1a;1a;1a;1a;1a;1a;1a,1,96,orbit30_fp0,wyckoff_orbit,30,1a,3,0,True,torus_fractional_coordinate,1a;1a;1a;1a;1a;1a;1a;1a;1a;1a;1a;1a;1a;1a;1a;1a;1a;1a;1a;1a;1a;1a;1a;1a;1a;1a;1a;1a;1a;1a;1a;1a;1a;1a;1a;1a
SG1|1a;1a;1a;1a;1a;1a;1a;1a;1a;1a;1a;1a;1a;1a;1a;1a;1a;1a;1a;1a;1a;1a;1a;1a;1a;1a;1a;1a;1a;1a;1a;1a;1a;1a;1a;1a,1,97,orbit30_fp1,wyckoff_orbit,30,1a,3,1,True,torus_fractional_coordinate,1a;1a;1a;1a;1a;1a;1a;1a;1a;1a;1a;1a;1a;1a;1a;1a;1a;1a;1a;1a;1a;1a;1a;1a;1a;1a;1a;1a;1a;1a;1a;1a;1a;1a;1a;1a
SG1|1a;1a;1a;1a;1a;1a;1a;1a;1a;1a;1a;1a;1a;1a;1a;1a;1a;1a;1a;1a;1a;1a;1a;1a;1a;1a;1a;1a;1a;1a;1a;1a;1a;1a;1a;1a,1,98,orbit30_fp2,wyckoff_orbit,30,1a,3,2,True,torus_fractional_coordinate,1a;1a;1a;1a;1a;1a;1a;1a;1a;1a;1a;1a;1a;1a;1a;1a;1a;1a;1a;1a;1a;1a;1a;1a;1a;1a;1a;1a;1a;1a;1a;1a;1a;1a;1a;1a
SG1|1a;1a;1a;1a;1a;1a;1a;1a;1a;1a;1a;1a;1a;1a;1a;1a;1a;1a;1a;1a;1a;1a;1a;1a;1a;1a;1a;1a;1a;1a;1a;1a;1a;1a;1a;1a,1,99,orbit31_fp0,wyckoff_orbit,31,1a,3,0,True,torus_fractional_coordinate,1a;1a;1a;1a;1a;1a;1a;1a;1a;1a;1a;1a;1a;1a;1a;1a;1a;1a;1a;1a;1a;1a;1a;1a;1a;1a;1a;1a;1a;1a;1a;1a;1a;1a;1a;1a
SG1|1a;1a;1a;1a;1a;1a;1a;1a;1a;1a;1a;1a;1a;1a;1a;1a;1a;1a;1a;1a;1a;1a;1a;1a;1a;1a;1a;1a;1a;1a;1a;1a;1a;1a;1a;1a,1,100,orbit31_fp1,wyckoff_orbit,31,1a,3,1,True,torus_fractional_coordinate,1a;1a;1a;1a;1a;1a;1a;1a;1a;1a;1a;1a;1a;1a;1a;1a;1a;1a;1a;1a;1a;1a;1a;1a;1a;1a;1a;1a;1a;1a;1a;1a;1a;1a;1a;1a
SG1|1a;1a;1a;1a;1a;1a;1a;1a;1a;1a;1a;1a;1a;1a;1a;1a;1a;1a;1a;1a;1a;1a;1a;1a;1a;1a;1a;1a;1a;1a;1a;1a;1a;1a;1a;1a,1,101,orbit31_fp2,wyckoff_orbit,31,1a,3,2,True,torus_fractional_coordinate,1a;1a;1a;1a;1a;1a;1a;1a;1a;1a;1a;1a;1a;1a;1a;1a;1a;1a;1a;1a;1a;1a;1a;1a;1a;1a;1a;1a;1a;1a;1a;1a;1a;1a;1a;1a
SG1|1a;1a;1a;1a;1a;1a;1a;1a;1a;1a;1a;1a;1a;1a;1a;1a;1a;1a;1a;1a;1a;1a;1a;1a;1a;1a;1a;1a;1a;1a;1a;1a;1a;1a;1a;1a,1,102,orbit32_fp0,wyckoff_orbit,32,1a,3,0,True,torus_fractional_coordinate,1a;1a;1a;1a;1a;1a;1a;1a;1a;1a;1a;1a;1a;1a;1a;1a;1a;1a;1a;1a;1a;1a;1a;1a;1a;1a;1a;1a;1a;1a;1a;1a;1a;1a;1a;1a
SG1|1a;1a;1a;1a;1a;1a;1a;1a;1a;1a;1a;1a;1a;1a;1a;1a;1a;1a;1a;1a;1a;1a;1a;1a;1a;1a;1a;1a;1a;1a;1a;1a;1a;1a;1a;1a,1,103,orbit32_fp1,wyckoff_orbit,32,1a,3,1,True,torus_fractional_coordinate,1a;1a;1a;1a;1a;1a;1a;1a;1a;1a;1a;1a;1a;1a;1a;1a;1a;1a;1a;1a;1a;1a;1a;1a;1a;1a;1a;1a;1a;1a;1a;1a;1a;1a;1a;1a
SG1|1a;1a;1a;1a;1a;1a;1a;1a;1a;1a;1a;1a;1a;1a;1a;1a;1a;1a;1a;1a;1a;1a;1a;1a;1a;1a;1a;1a;1a;1a;1a;1a;1a;1a;1a;1a,1,104,orbit32_fp2,wyckoff_orbit,32,1a,3,2,True,torus_fractional_coordinate,1a;1a;1a;1a;1a;1a;1a;1a;1a;1a;1a;1a;1a;1a;1a;1a;1a;1a;1a;1a;1a;1a;1a;1a;1a;1a;1a;1a;1a;1a;1a;1a;1a;1a;1a;1a
SG1|1a;1a;1a;1a;1a;1a;1a;1a;1a;1a;1a;1a;1a;1a;1a;1a;1a;1a;1a;1a;1a;1a;1a;1a;1a;1a;1a;1a;1a;1a;1a;1a;1a;1a;1a;1a,1,105,orbit33_fp0,wyckoff_orbit,33,1a,3,0,True,torus_fractional_coordinate,1a;1a;1a;1a;1a;1a;1a;1a;1a;1a;1a;1a;1a;1a;1a;1a;1a;1a;1a;1a;1a;1a;1a;1a;1a;1a;1a;1a;1a;1a;1a;1a;1a;1a;1a;1a
SG1|1a;1a;1a;1a;1a;1a;1a;1a;1a;1a;1a;1a;1a;1a;1a;1a;1a;1a;1a;1a;1a;1a;1a;1a;1a;1a;1a;1a;1a;1a;1a;1a;1a;1a;1a;1a,1,106,orbit33_fp1,wyckoff_orbit,33,1a,3,1,True,torus_fractional_coordinate,1a;1a;1a;1a;1a;1a;1a;1a;1a;1a;1a;1a;1a;1a;1a;1a;1a;1a;1a;1a;1a;1a;1a;1a;1a;1a;1a;1a;1a;1a;1a;1a;1a;1a;1a;1a
SG1|1a;1a;1a;1a;1a;1a;1a;1a;1a;1a;1a;1a;1a;1a;1a;1a;1a;1a;1a;1a;1a;1a;1a;1a;1a;1a;1a;1a;1a;1a;1a;1a;1a;1a;1a;1a,1,107,orbit33_fp2,wyckoff_orbit,33,1a,3,2,True,torus_fractional_coordinate,1a;1a;1a;1a;1a;1a;1a;1a;1a;1a;1a;1a;1a;1a;1a;1a;1a;1a;1a;1a;1a;1a;1a;1a;1a;1a;1a;1a;1a;1a;1a;1a;1a;1a;1a;1a
SG1|1a;1a;1a;1a;1a;1a;1a;1a;1a;1a;1a;1a;1a;1a;1a;1a;1a;1a;1a;1a;1a;1a;1a;1a;1a;1a;1a;1a;1a;1a;1a;1a;1a;1a;1a;1a,1,108,orbit34_fp0,wyckoff_orbit,34,1a,3,0,True,torus_fractional_coordinate,1a;1a;1a;1a;1a;1a;1a;1a;1a;1a;1a;1a;1a;1a;1a;1a;1a;1a;1a;1a;1a;1a;1a;1a;1a;1a;1a;1a;1a;1a;1a;1a;1a;1a;1a;1a
SG1|1a;1a;1a;1a;1a;1a;1a;1a;1a;1a;1a;1a;1a;1a;1a;1a;1a;1a;1a;1a;1a;1a;1a;1a;1a;1a;1a;1a;1a;1a;1a;1a;1a;1a;1a;1a,1,109,orbit34_fp1,wyckoff_orbit,34,1a,3,1,True,torus_fractional_coordinate,1a;1a;1a;1a;1a;1a;1a;1a;1a;1a;1a;1a;1a;1a;1a;1a;1a;1a;1a;1a;1a;1a;1a;1a;1a;1a;1a;1a;1a;1a;1a;1a;1a;1a;1a;1a
SG1|1a;1a;1a;1a;1a;1a;1a;1a;1a;1a;1a;1a;1a;1a;1a;1a;1a;1a;1a;1a;1a;1a;1a;1a;1a;1a;1a;1a;1a;1a;1a;1a;1a;1a;1a;1a,1,110,orbit34_fp2,wyckoff_orbit,34,1a,3,2,True,torus_fractional_coordinate,1a;1a;1a;1a;1a;1a;1a;1a;1a;1a;1a;1a;1a;1a;1a;1a;1a;1a;1a;1a;1a;1a;1a;1a;1a;1a;1a;1a;1a;1a;1a;1a;1a;1a;1a;1a
SG1|1a;1a;1a;1a;1a;1a;1a;1a;1a;1a;1a;1a;1a;1a;1a;1a;1a;1a;1a;1a;1a;1a;1a;1a;1a;1a;1a;1a;1a;1a;1a;1a;1a;1a;1a;1a,1,111,orbit35_fp0,wyckoff_orbit,35,1a,3,0,True,torus_fractional_coordinate,1a;1a;1a;1a;1a;1a;1a;1a;1a;1a;1a;1a;1a;1a;1a;1a;1a;1a;1a;1a;1a;1a;1a;1a;1a;1a;1a;1a;1a;1a;1a;1a;1a;1a;1a;1a
SG1|1a;1a;1a;1a;1a;1a;1a;1a;1a;1a;1a;1a;1a;1a;1a;1a;1a;1a;1a;1a;1a;1a;1a;1a;1a;1a;1a;1a;1a;1a;1a;1a;1a;1a;1a;1a,1,112,orbit35_fp1,wyckoff_orbit,35,1a,3,1,True,torus_fractional_coordinate,1a;1a;1a;1a;1a;1a;1a;1a;1a;1a;1a;1a;1a;1a;1a;1a;1a;1a;1a;1a;1a;1a;1a;1a;1a;1a;1a;1a;1a;1a;1a;1a;1a;1a;1a;1a
SG1|1a;1a;1a;1a;1a;1a;1a;1a;1a;1a;1a;1a;1a;1a;1a;1a;1a;1a;1a;1a;1a;1a;1a;1a;1a;1a;1a;1a;1a;1a;1a;1a;1a;1a;1a;1a,1,113,orbit35_fp2,wyckoff_orbit,35,1a,3,2,True,torus_fractional_coordinate,1a;1a;1a;1a;1a;1a;1a;1a;1a;1a;1a;1a;1a;1a;1a;1a;1a;1a;1a;1a;1a;1a;1a;1a;1a;1a;1a;1a;1a;1a;1a;1a;1a;1a;1a;1a
SG1|1a;1a;1a;1a;1a;1a;1a;1a;1a;1a;1a;1a;1a;1a;1a;1a;1a;1a;1a;1a;1a;1a;1a;1a;1a;1a;1a;1a;1a;1a;1a;1a,1,0,lattice_a,lattice,-1,,0,-1,False,positive_length,1a;1a;1a;1a;1a;1a;1a;1a;1a;1a;1a;1a;1a;1a;1a;1a;1a;1a;1a;1a;1a;1a;1a;1a;1a;1a;1a;1a;1a;1a;1a;1a
SG1|1a;1a;1a;1a;1a;1a;1a;1a;1a;1a;1a;1a;1a;1a;1a;1a;1a;1a;1a;1a;1a;1a;1a;1a;1a;1a;1a;1a;1a;1a;1a;1a,1,1,lattice_b,lattice,-1,,0,-1,False,positive_length,1a;1a;1a;1a;1a;1a;1a;1a;1a;1a;1a;1a;1a;1a;1a;1a;1a;1a;1a;1a;1a;1a;1a;1a;1a;1a;1a;1a;1a;1a;1a;1a
SG1|1a;1a;1a;1a;1a;1a;1a;1a;1a;1a;1a;1a;1a;1a;1a;1a;1a;1a;1a;1a;1a;1a;1a;1a;1a;1a;1a;1a;1a;1a;1a;1a,1,2,lattice_c,lattice,-1,,0,-1,False,positive_length,1a;1a;1a;1a;1a;1a;1a;1a;1a;1a;1a;1a;1a;1a;1a;1a;1a;1a;1a;1a;1a;1a;1a;1a;1a;1a;1a;1a;1a;1a;1a;1a
SG1|1a;1a;1a;1a;1a;1a;1a;1a;1a;1a;1a;1a;1a;1a;1a;1a;1a;1a;1a;1a;1a;1a;1a;1a;1a;1a;1a;1a;1a;1a;1a;1a,1,3,alpha,lattice,-1,,0,-1,False,angle_degree,1a;1a;1a;1a;1a;1a;1a;1a;1a;1a;1a;1a;1a;1a;1a;1a;1a;1a;1a;1a;1a;1a;1a;1a;1a;1a;1a;1a;1a;1a;1a;1a
SG1|1a;1a;1a;1a;1a;1a;1a;1a;1a;1a;1a;1a;1a;1a;1a;1a;1a;1a;1a;1a;1a;1a;1a;1a;1a;1a;1a;1a;1a;1a;1a;1a,1,4,beta,lattice,-1,,0,-1,False,angle_degree,1a;1a;1a;1a;1a;1a;1a;1a;1a;1a;1a;1a;1a;1a;1a;1a;1a;1a;1a;1a;1a;1a;1a;1a;1a;1a;1a;1a;1a;1a;1a;1a
SG1|1a;1a;1a;1a;1a;1a;1a;1a;1a;1a;1a;1a;1a;1a;1a;1a;1a;1a;1a;1a;1a;1a;1a;1a;1a;1a;1a;1a;1a;1a;1a;1a,1,5,gamma,lattice,-1,,0,-1,False,angle_degree,1a;1a;1a;1a;1a;1a;1a;1a;1a;1a;1a;1a;1a;1a;1a;1a;1a;1a;1a;1a;1a;1a;1a;1a;1a;1a;1a;1a;1a;1a;1a;1a
SG1|1a;1a;1a;1a;1a;1a;1a;1a;1a;1a;1a;1a;1a;1a;1a;1a;1a;1a;1a;1a;1a;1a;1a;1a;1a;1a;1a;1a;1a;1a;1a;1a,1,6,orbit0_fp0,wyckoff_orbit,0,1a,3,0,True,torus_fractional_coordinate,1a;1a;1a;1a;1a;1a;1a;1a;1a;1a;1a;1a;1a;1a;1a;1a;1a;1a;1a;1a;1a;1a;1a;1a;1a;1a;1a;1a;1a;1a;1a;1a
SG1|1a;1a;1a;1a;1a;1a;1a;1a;1a;1a;1a;1a;1a;1a;1a;1a;1a;1a;1a;1a;1a;1a;1a;1a;1a;1a;1a;1a;1a;1a;1a;1a,1,7,orbit0_fp1,wyckoff_orbit,0,1a,3,1,True,torus_fractional_coordinate,1a;1a;1a;1a;1a;1a;1a;1a;1a;1a;1a;1a;1a;1a;1a;1a;1a;1a;1a;1a;1a;1a;1a;1a;1a;1a;1a;1a;1a;1a;1a;1a
SG1|1a;1a;1a;1a;1a;1a;1a;1a;1a;1a;1a;1a;1a;1a;1a;1a;1a;1a;1a;1a;1a;1a;1a;1a;1a;1a;1a;1a;1a;1a;1a;1a,1,8,orbit0_fp2,wyckoff_orbit,0,1a,3,2,True,torus_fractional_coordinate,1a;1a;1a;1a;1a;1a;1a;1a;1a;1a;1a;1a;1a;1a;1a;1a;1a;1a;1a;1a;1a;1a;1a;1a;1a;1a;1a;1a;1a;1a;1a;1a
SG1|1a;1a;1a;1a;1a;1a;1a;1a;1a;1a;1a;1a;1a;1a;1a;1a;1a;1a;1a;1a;1a;1a;1a;1a;1a;1a;1a;1a;1a;1a;1a;1a,1,9,orbit1_fp0,wyckoff_orbit,1,1a,3,0,True,torus_fractional_coordinate,1a;1a;1a;1a;1a;1a;1a;1a;1a;1a;1a;1a;1a;1a;1a;1a;1a;1a;1a;1a;1a;1a;1a;1a;1a;1a;1a;1a;1a;1a;1a;1a
SG1|1a;1a;1a;1a;1a;1a;1a;1a;1a;1a;1a;1a;1a;1a;1a;1a;1a;1a;1a;1a;1a;1a;1a;1a;1a;1a;1a;1a;1a;1a;1a;1a,1,10,orbit1_fp1,wyckoff_orbit,1,1a,3,1,True,torus_fractional_coordinate,1a;1a;1a;1a;1a;1a;1a;1a;1a;1a;1a;1a;1a;1a;1a;1a;1a;1a;1a;1a;1a;1a;1a;1a;1a;1a;1a;1a;1a;1a;1a;1a
SG1|1a;1a;1a;1a;1a;1a;1a;1a;1a;1a;1a;1a;1a;1a;1a;1a;1a;1a;1a;1a;1a;1a;1a;1a;1a;1a;1a;1a;1a;1a;1a;1a,1,11,orbit1_fp2,wyckoff_orbit,1,1a,3,2,True,torus_fractional_coordinate,1a;1a;1a;1a;1a;1a;1a;1a;1a;1a;1a;1a;1a;1a;1a;1a;1a;1a;1a;1a;1a;1a;1a;1a;1a;1a;1a;1a;1a;1a;1a;1a
SG1|1a;1a;1a;1a;1a;1a;1a;1a;1a;1a;1a;1a;1a;1a;1a;1a;1a;1a;1a;1a;1a;1a;1a;1a;1a;1a;1a;1a;1a;1a;1a;1a,1,12,orbit2_fp0,wyckoff_orbit,2,1a,3,0,True,torus_fractional_coordinate,1a;1a;1a;1a;1a;1a;1a;1a;1a;1a;1a;1a;1a;1a;1a;1a;1a;1a;1a;1a;1a;1a;1a;1a;1a;1a;1a;1a;1a;1a;1a;1a
SG1|1a;1a;1a;1a;1a;1a;1a;1a;1a;1a;1a;1a;1a;1a;1a;1a;1a;1a;1a;1a;1a;1a;1a;1a;1a;1a;1a;1a;1a;1a;1a;1a,1,13,orbit2_fp1,wyckoff_orbit,2,1a,3,1,True,torus_fractional_coordinate,1a;1a;1a;1a;1a;1a;1a;1a;1a;1a;1a;1a;1a;1a;1a;1a;1a;1a;1a;1a;1a;1a;1a;1a;1a;1a;1a;1a;1a;1a;1a;1a
SG1|1a;1a;1a;1a;1a;1a;1a;1a;1a;1a;1a;1a;1a;1a;1a;1a;1a;1a;1a;1a;1a;1a;1a;1a;1a;1a;1a;1a;1a;1a;1a;1a,1,14,orbit2_fp2,wyckoff_orbit,2,1a,3,2,True,torus_fractional_coordinate,1a;1a;1a;1a;1a;1a;1a;1a;1a;1a;1a;1a;1a;1a;1a;1a;1a;1a;1a;1a;1a;1a;1a;1a;1a;1a;1a;1a;1a;1a;1a;1a
SG1|1a;1a;1a;1a;1a;1a;1a;1a;1a;1a;1a;1a;1a;1a;1a;1a;1a;1a;1a;1a;1a;1a;1a;1a;1a;1a;1a;1a;1a;1a;1a;1a,1,15,orbit3_fp0,wyckoff_orbit,3,1a,3,0,True,torus_fractional_coordinate,1a;1a;1a;1a;1a;1a;1a;1a;1a;1a;1a;1a;1a;1a;1a;1a;1a;1a;1a;1a;1a;1a;1a;1a;1a;1a;1a;1a;1a;1a;1a;1a
SG1|1a;1a;1a;1a;1a;1a;1a;1a;1a;1a;1a;1a;1a;1a;1a;1a;1a;1a;1a;1a;1a;1a;1a;1a;1a;1a;1a;1a;1a;1a;1a;1a,1,16,orbit3_fp1,wyckoff_orbit,3,1a,3,1,True,torus_fractional_coordinate,1a;1a;1a;1a;1a;1a;1a;1a;1a;1a;1a;1a;1a;1a;1a;1a;1a;1a;1a;1a;1a;1a;1a;1a;1a;1a;1a;1a;1a;1a;1a;1a
SG1|1a;1a;1a;1a;1a;1a;1a;1a;1a;1a;1a;1a;1a;1a;1a;1a;1a;1a;1a;1a;1a;1a;1a;1a;1a;1a;1a;1a;1a;1a;1a;1a,1,17,orbit3_fp2,wyckoff_orbit,3,1a,3,2,True,torus_fractional_coordinate,1a;1a;1a;1a;1a;1a;1a;1a;1a;1a;1a;1a;1a;1a;1a;1a;1a;1a;1a;1a;1a;1a;1a;1a;1a;1a;1a;1a;1a;1a;1a;1a
SG1|1a;1a;1a;1a;1a;1a;1a;1a;1a;1a;1a;1a;1a;1a;1a;1a;1a;1a;1a;1a;1a;1a;1a;1a;1a;1a;1a;1a;1a;1a;1a;1a,1,18,orbit4_fp0,wyckoff_orbit,4,1a,3,0,True,torus_fractional_coordinate,1a;1a;1a;1a;1a;1a;1a;1a;1a;1a;1a;1a;1a;1a;1a;1a;1a;1a;1a;1a;1a;1a;1a;1a;1a;1a;1a;1a;1a;1a;1a;1a
SG1|1a;1a;1a;1a;1a;1a;1a;1a;1a;1a;1a;1a;1a;1a;1a;1a;1a;1a;1a;1a;1a;1a;1a;1a;1a;1a;1a;1a;1a;1a;1a;1a,1,19,orbit4_fp1,wyckoff_orbit,4,1a,3,1,True,torus_fractional_coordinate,1a;1a;1a;1a;1a;1a;1a;1a;1a;1a;1a;1a;1a;1a;1a;1a;1a;1a;1a;1a;1a;1a;1a;1a;1a;1a;1a;1a;1a;1a;1a;1a
SG1|1a;1a;1a;1a;1a;1a;1a;1a;1a;1a;1a;1a;1a;1a;1a;1a;1a;1a;1a;1a;1a;1a;1a;1a;1a;1a;1a;1a;1a;1a;1a;1a,1,20,orbit4_fp2,wyckoff_orbit,4,1a,3,2,True,torus_fractional_coordinate,1a;1a;1a;1a;1a;1a;1a;1a;1a;1a;1a;1a;1a;1a;1a;1a;1a;1a;1a;1a;1a;1a;1a;1a;1a;1a;1a;1a;1a;1a;1a;1a
SG1|1a;1a;1a;1a;1a;1a;1a;1a;1a;1a;1a;1a;1a;1a;1a;1a;1a;1a;1a;1a;1a;1a;1a;1a;1a;1a;1a;1a;1a;1a;1a;1a,1,21,orbit5_fp0,wyckoff_orbit,5,1a,3,0,True,torus_fractional_coordinate,1a;1a;1a;1a;1a;1a;1a;1a;1a;1a;1a;1a;1a;1a;1a;1a;1a;1a;1a;1a;1a;1a;1a;1a;1a;1a;1a;1a;1a;1a;1a;1a
SG1|1a;1a;1a;1a;1a;1a;1a;1a;1a;1a;1a;1a;1a;1a;1a;1a;1a;1a;1a;1a;1a;1a;1a;1a;1a;1a;1a;1a;1a;1a;1a;1a,1,22,orbit5_fp1,wyckoff_orbit,5,1a,3,1,True,torus_fractional_coordinate,1a;1a;1a;1a;1a;1a;1a;1a;1a;1a;1a;1a;1a;1a;1a;1a;1a;1a;1a;1a;1a;1a;1a;1a;1a;1a;1a;1a;1a;1a;1a;1a
SG1|1a;1a;1a;1a;1a;1a;1a;1a;1a;1a;1a;1a;1a;1a;1a;1a;1a;1a;1a;1a;1a;1a;1a;1a;1a;1a;1a;1a;1a;1a;1a;1a,1,23,orbit5_fp2,wyckoff_orbit,5,1a,3,2,True,torus_fractional_coordinate,1a;1a;1a;1a;1a;1a;1a;1a;1a;1a;1a;1a;1a;1a;1a;1a;1a;1a;1a;1a;1a;1a;1a;1a;1a;1a;1a;1a;1a;1a;1a;1a
SG1|1a;1a;1a;1a;1a;1a;1a;1a;1a;1a;1a;1a;1a;1a;1a;1a;1a;1a;1a;1a;1a;1a;1a;1a;1a;1a;1a;1a;1a;1a;1a;1a,1,24,orbit6_fp0,wyckoff_orbit,6,1a,3,0,True,torus_fractional_coordinate,1a;1a;1a;1a;1a;1a;1a;1a;1a;1a;1a;1a;1a;1a;1a;1a;1a;1a;1a;1a;1a;1a;1a;1a;1a;1a;1a;1a;1a;1a;1a;1a
SG1|1a;1a;1a;1a;1a;1a;1a;1a;1a;1a;1a;1a;1a;1a;1a;1a;1a;1a;1a;1a;1a;1a;1a;1a;1a;1a;1a;1a;1a;1a;1a;1a,1,25,orbit6_fp1,wyckoff_orbit,6,1a,3,1,True,torus_fractional_coordinate,1a;1a;1a;1a;1a;1a;1a;1a;1a;1a;1a;1a;1a;1a;1a;1a;1a;1a;1a;1a;1a;1a;1a;1a;1a;1a;1a;1a;1a;1a;1a;1a
SG1|1a;1a;1a;1a;1a;1a;1a;1a;1a;1a;1a;1a;1a;1a;1a;1a;1a;1a;1a;1a;1a;1a;1a;1a;1a;1a;1a;1a;1a;1a;1a;1a,1,26,orbit6_fp2,wyckoff_orbit,6,1a,3,2,True,torus_fractional_coordinate,1a;1a;1a;1a;1a;1a;1a;1a;1a;1a;1a;1a;1a;1a;1a;1a;1a;1a;1a;1a;1a;1a;1a;1a;1a;1a;1a;1a;1a;1a;1a;1a
SG1|1a;1a;1a;1a;1a;1a;1a;1a;1a;1a;1a;1a;1a;1a;1a;1a;1a;1a;1a;1a;1a;1a;1a;1a;1a;1a;1a;1a;1a;1a;1a;1a,1,27,orbit7_fp0,wyckoff_orbit,7,1a,3,0,True,torus_fractional_coordinate,1a;1a;1a;1a;1a;1a;1a;1a;1a;1a;1a;1a;1a;1a;1a;1a;1a;1a;1a;1a;1a;1a;1a;1a;1a;1a;1a;1a;1a;1a;1a;1a
SG1|1a;1a;1a;1a;1a;1a;1a;1a;1a;1a;1a;1a;1a;1a;1a;1a;1a;1a;1a;1a;1a;1a;1a;1a;1a;1a;1a;1a;1a;1a;1a;1a,1,28,orbit7_fp1,wyckoff_orbit,7,1a,3,1,True,torus_fractional_coordinate,1a;1a;1a;1a;1a;1a;1a;1a;1a;1a;1a;1a;1a;1a;1a;1a;1a;1a;1a;1a;1a;1a;1a;1a;1a;1a;1a;1a;1a;1a;1a;1a
SG1|1a;1a;1a;1a;1a;1a;1a;1a;1a;1a;1a;1a;1a;1a;1a;1a;1a;1a;1a;1a;1a;1a;1a;1a;1a;1a;1a;1a;1a;1a;1a;1a,1,29,orbit7_fp2,wyckoff_orbit,7,1a,3,2,True,torus_fractional_coordinate,1a;1a;1a;1a;1a;1a;1a;1a;1a;1a;1a;1a;1a;1a;1a;1a;1a;1a;1a;1a;1a;1a;1a;1a;1a;1a;1a;1a;1a;1a;1a;1a
SG1|1a;1a;1a;1a;1a;1a;1a;1a;1a;1a;1a;1a;1a;1a;1a;1a;1a;1a;1a;1a;1a;1a;1a;1a;1a;1a;1a;1a;1a;1a;1a;1a,1,30,orbit8_fp0,wyckoff_orbit,8,1a,3,0,True,torus_fractional_coordinate,1a;1a;1a;1a;1a;1a;1a;1a;1a;1a;1a;1a;1a;1a;1a;1a;1a;1a;1a;1a;1a;1a;1a;1a;1a;1a;1a;1a;1a;1a;1a;1a
SG1|1a;1a;1a;1a;1a;1a;1a;1a;1a;1a;1a;1a;1a;1a;1a;1a;1a;1a;1a;1a;1a;1a;1a;1a;1a;1a;1a;1a;1a;1a;1a;1a,1,31,orbit8_fp1,wyckoff_orbit,8,1a,3,1,True,torus_fractional_coordinate,1a;1a;1a;1a;1a;1a;1a;1a;1a;1a;1a;1a;1a;1a;1a;1a;1a;1a;1a;1a;1a;1a;1a;1a;1a;1a;1a;1a;1a;1a;1a;1a
SG1|1a;1a;1a;1a;1a;1a;1a;1a;1a;1a;1a;1a;1a;1a;1a;1a;1a;1a;1a;1a;1a;1a;1a;1a;1a;1a;1a;1a;1a;1a;1a;1a,1,32,orbit8_fp2,wyckoff_orbit,8,1a,3,2,True,torus_fractional_coordinate,1a;1a;1a;1a;1a;1a;1a;1a;1a;1a;1a;1a;1a;1a;1a;1a;1a;1a;1a;1a;1a;1a;1a;1a;1a;1a;1a;1a;1a;1a;1a;1a
SG1|1a;1a;1a;1a;1a;1a;1a;1a;1a;1a;1a;1a;1a;1a;1a;1a;1a;1a;1a;1a;1a;1a;1a;1a;1a;1a;1a;1a;1a;1a;1a;1a,1,33,orbit9_fp0,wyckoff_orbit,9,1a,3,0,True,torus_fractional_coordinate,1a;1a;1a;1a;1a;1a;1a;1a;1a;1a;1a;1a;1a;1a;1a;1a;1a;1a;1a;1a;1a;1a;1a;1a;1a;1a;1a;1a;1a;1a;1a;1a
SG1|1a;1a;1a;1a;1a;1a;1a;1a;1a;1a;1a;1a;1a;1a;1a;1a;1a;1a;1a;1a;1a;1a;1a;1a;1a;1a;1a;1a;1a;1a;1a;1a,1,34,orbit9_fp1,wyckoff_orbit,9,1a,3,1,True,torus_fractional_coordinate,1a;1a;1a;1a;1a;1a;1a;1a;1a;1a;1a;1a;1a;1a;1a;1a;1a;1a;1a;1a;1a;1a;1a;1a;1a;1a;1a;1a;1a;1a;1a;1a
SG1|1a;1a;1a;1a;1a;1a;1a;1a;1a;1a;1a;1a;1a;1a;1a;1a;1a;1a;1a;1a;1a;1a;1a;1a;1a;1a;1a;1a;1a;1a;1a;1a,1,35,orbit9_fp2,wyckoff_orbit,9,1a,3,2,True,torus_fractional_coordinate,1a;1a;1a;1a;1a;1a;1a;1a;1a;1a;1a;1a;1a;1a;1a;1a;1a;1a;1a;1a;1a;1a;1a;1a;1a;1a;1a;1a;1a;1a;1a;1a
SG1|1a;1a;1a;1a;1a;1a;1a;1a;1a;1a;1a;1a;1a;1a;1a;1a;1a;1a;1a;1a;1a;1a;1a;1a;1a;1a;1a;1a;1a;1a;1a;1a,1,36,orbit10_fp0,wyckoff_orbit,10,1a,3,0,True,torus_fractional_coordinate,1a;1a;1a;1a;1a;1a;1a;1a;1a;1a;1a;1a;1a;1a;1a;1a;1a;1a;1a;1a;1a;1a;1a;1a;1a;1a;1a;1a;1a;1a;1a;1a
SG1|1a;1a;1a;1a;1a;1a;1a;1a;1a;1a;1a;1a;1a;1a;1a;1a;1a;1a;1a;1a;1a;1a;1a;1a;1a;1a;1a;1a;1a;1a;1a;1a,1,37,orbit10_fp1,wyckoff_orbit,10,1a,3,1,True,torus_fractional_coordinate,1a;1a;1a;1a;1a;1a;1a;1a;1a;1a;1a;1a;1a;1a;1a;1a;1a;1a;1a;1a;1a;1a;1a;1a;1a;1a;1a;1a;1a;1a;1a;1a
SG1|1a;1a;1a;1a;1a;1a;1a;1a;1a;1a;1a;1a;1a;1a;1a;1a;1a;1a;1a;1a;1a;1a;1a;1a;1a;1a;1a;1a;1a;1a;1a;1a,1,38,orbit10_fp2,wyckoff_orbit,10,1a,3,2,True,torus_fractional_coordinate,1a;1a;1a;1a;1a;1a;1a;1a;1a;1a;1a;1a;1a;1a;1a;1a;1a;1a;1a;1a;1a;1a;1a;1a;1a;1a;1a;1a;1a;1a;1a;1a
SG1|1a;1a;1a;1a;1a;1a;1a;1a;1a;1a;1a;1a;1a;1a;1a;1a;1a;1a;1a;1a;1a;1a;1a;1a;1a;1a;1a;1a;1a;1a;1a;1a,1,39,orbit11_fp0,wyckoff_orbit,11,1a,3,0,True,torus_fractional_coordinate,1a;1a;1a;1a;1a;1a;1a;1a;1a;1a;1a;1a;1a;1a;1a;1a;1a;1a;1a;1a;1a;1a;1a;1a;1a;1a;1a;1a;1a;1a;1a;1a
SG1|1a;1a;1a;1a;1a;1a;1a;1a;1a;1a;1a;1a;1a;1a;1a;1a;1a;1a;1a;1a;1a;1a;1a;1a;1a;1a;1a;1a;1a;1a;1a;1a,1,40,orbit11_fp1,wyckoff_orbit,11,1a,3,1,True,torus_fractional_coordinate,1a;1a;1a;1a;1a;1a;1a;1a;1a;1a;1a;1a;1a;1a;1a;1a;1a;1a;1a;1a;1a;1a;1a;1a;1a;1a;1a;1a;1a;1a;1a;1a
SG1|1a;1a;1a;1a;1a;1a;1a;1a;1a;1a;1a;1a;1a;1a;1a;1a;1a;1a;1a;1a;1a;1a;1a;1a;1a;1a;1a;1a;1a;1a;1a;1a,1,41,orbit11_fp2,wyckoff_orbit,11,1a,3,2,True,torus_fractional_coordinate,1a;1a;1a;1a;1a;1a;1a;1a;1a;1a;1a;1a;1a;1a;1a;1a;1a;1a;1a;1a;1a;1a;1a;1a;1a;1a;1a;1a;1a;1a;1a;1a
SG1|1a;1a;1a;1a;1a;1a;1a;1a;1a;1a;1a;1a;1a;1a;1a;1a;1a;1a;1a;1a;1a;1a;1a;1a;1a;1a;1a;1a;1a;1a;1a;1a,1,42,orbit12_fp0,wyckoff_orbit,12,1a,3,0,True,torus_fractional_coordinate,1a;1a;1a;1a;1a;1a;1a;1a;1a;1a;1a;1a;1a;1a;1a;1a;1a;1a;1a;1a;1a;1a;1a;1a;1a;1a;1a;1a;1a;1a;1a;1a
SG1|1a;1a;1a;1a;1a;1a;1a;1a;1a;1a;1a;1a;1a;1a;1a;1a;1a;1a;1a;1a;1a;1a;1a;1a;1a;1a;1a;1a;1a;1a;1a;1a,1,43,orbit12_fp1,wyckoff_orbit,12,1a,3,1,True,torus_fractional_coordinate,1a;1a;1a;1a;1a;1a;1a;1a;1a;1a;1a;1a;1a;1a;1a;1a;1a;1a;1a;1a;1a;1a;1a;1a;1a;1a;1a;1a;1a;1a;1a;1a
SG1|1a;1a;1a;1a;1a;1a;1a;1a;1a;1a;1a;1a;1a;1a;1a;1a;1a;1a;1a;1a;1a;1a;1a;1a;1a;1a;1a;1a;1a;1a;1a;1a,1,44,orbit12_fp2,wyckoff_orbit,12,1a,3,2,True,torus_fractional_coordinate,1a;1a;1a;1a;1a;1a;1a;1a;1a;1a;1a;1a;1a;1a;1a;1a;1a;1a;1a;1a;1a;1a;1a;1a;1a;1a;1a;1a;1a;1a;1a;1a
SG1|1a;1a;1a;1a;1a;1a;1a;1a;1a;1a;1a;1a;1a;1a;1a;1a;1a;1a;1a;1a;1a;1a;1a;1a;1a;1a;1a;1a;1a;1a;1a;1a,1,45,orbit13_fp0,wyckoff_orbit,13,1a,3,0,True,torus_fractional_coordinate,1a;1a;1a;1a;1a;1a;1a;1a;1a;1a;1a;1a;1a;1a;1a;1a;1a;1a;1a;1a;1a;1a;1a;1a;1a;1a;1a;1a;1a;1a;1a;1a
SG1|1a;1a;1a;1a;1a;1a;1a;1a;1a;1a;1a;1a;1a;1a;1a;1a;1a;1a;1a;1a;1a;1a;1a;1a;1a;1a;1a;1a;1a;1a;1a;1a,1,46,orbit13_fp1,wyckoff_orbit,13,1a,3,1,True,torus_fractional_coordinate,1a;1a;1a;1a;1a;1a;1a;1a;1a;1a;1a;1a;1a;1a;1a;1a;1a;1a;1a;1a;1a;1a;1a;1a;1a;1a;1a;1a;1a;1a;1a;1a
SG1|1a;1a;1a;1a;1a;1a;1a;1a;1a;1a;1a;1a;1a;1a;1a;1a;1a;1a;1a;1a;1a;1a;1a;1a;1a;1a;1a;1a;1a;1a;1a;1a,1,47,orbit13_fp2,wyckoff_orbit,13,1a,3,2,True,torus_fractional_coordinate,1a;1a;1a;1a;1a;1a;1a;1a;1a;1a;1a;1a;1a;1a;1a;1a;1a;1a;1a;1a;1a;1a;1a;1a;1a;1a;1a;1a;1a;1a;1a;1a
SG1|1a;1a;1a;1a;1a;1a;1a;1a;1a;1a;1a;1a;1a;1a;1a;1a;1a;1a;1a;1a;1a;1a;1a;1a;1a;1a;1a;1a;1a;1a;1a;1a,1,48,orbit14_fp0,wyckoff_orbit,14,1a,3,0,True,torus_fractional_coordinate,1a;1a;1a;1a;1a;1a;1a;1a;1a;1a;1a;1a;1a;1a;1a;1a;1a;1a;1a;1a;1a;1a;1a;1a;1a;1a;1a;1a;1a;1a;1a;1a
SG1|1a;1a;1a;1a;1a;1a;1a;1a;1a;1a;1a;1a;1a;1a;1a;1a;1a;1a;1a;1a;1a;1a;1a;1a;1a;1a;1a;1a;1a;1a;1a;1a,1,49,orbit14_fp1,wyckoff_orbit,14,1a,3,1,True,torus_fractional_coordinate,1a;1a;1a;1a;1a;1a;1a;1a;1a;1a;1a;1a;1a;1a;1a;1a;1a;1a;1a;1a;1a;1a;1a;1a;1a;1a;1a;1a;1a;1a;1a;1a
SG1|1a;1a;1a;1a;1a;1a;1a;1a;1a;1a;1a;1a;1a;1a;1a;1a;1a;1a;1a;1a;1a;1a;1a;1a;1a;1a;1a;1a;1a;1a;1a;1a,1,50,orbit14_fp2,wyckoff_orbit,14,1a,3,2,True,torus_fractional_coordinate,1a;1a;1a;1a;1a;1a;1a;1a;1a;1a;1a;1a;1a;1a;1a;1a;1a;1a;1a;1a;1a;1a;1a;1a;1a;1a;1a;1a;1a;1a;1a;1a
SG1|1a;1a;1a;1a;1a;1a;1a;1a;1a;1a;1a;1a;1a;1a;1a;1a;1a;1a;1a;1a;1a;1a;1a;1a;1a;1a;1a;1a;1a;1a;1a;1a,1,51,orbit15_fp0,wyckoff_orbit,15,1a,3,0,True,torus_fractional_coordinate,1a;1a;1a;1a;1a;1a;1a;1a;1a;1a;1a;1a;1a;1a;1a;1a;1a;1a;1a;1a;1a;1a;1a;1a;1a;1a;1a;1a;1a;1a;1a;1a
SG1|1a;1a;1a;1a;1a;1a;1a;1a;1a;1a;1a;1a;1a;1a;1a;1a;1a;1a;1a;1a;1a;1a;1a;1a;1a;1a;1a;1a;1a;1a;1a;1a,1,52,orbit15_fp1,wyckoff_orbit,15,1a,3,1,True,torus_fractional_coordinate,1a;1a;1a;1a;1a;1a;1a;1a;1a;1a;1a;1a;1a;1a;1a;1a;1a;1a;1a;1a;1a;1a;1a;1a;1a;1a;1a;1a;1a;1a;1a;1a
SG1|1a;1a;1a;1a;1a;1a;1a;1a;1a;1a;1a;1a;1a;1a;1a;1a;1a;1a;1a;1a;1a;1a;1a;1a;1a;1a;1a;1a;1a;1a;1a;1a,1,53,orbit15_fp2,wyckoff_orbit,15,1a,3,2,True,torus_fractional_coordinate,1a;1a;1a;1a;1a;1a;1a;1a;1a;1a;1a;1a;1a;1a;1a;1a;1a;1a;1a;1a;1a;1a;1a;1a;1a;1a;1a;1a;1a;1a;1a;1a
SG1|1a;1a;1a;1a;1a;1a;1a;1a;1a;1a;1a;1a;1a;1a;1a;1a;1a;1a;1a;1a;1a;1a;1a;1a;1a;1a;1a;1a;1a;1a;1a;1a,1,54,orbit16_fp0,wyckoff_orbit,16,1a,3,0,True,torus_fractional_coordinate,1a;1a;1a;1a;1a;1a;1a;1a;1a;1a;1a;1a;1a;1a;1a;1a;1a;1a;1a;1a;1a;1a;1a;1a;1a;1a;1a;1a;1a;1a;1a;1a
SG1|1a;1a;1a;1a;1a;1a;1a;1a;1a;1a;1a;1a;1a;1a;1a;1a;1a;1a;1a;1a;1a;1a;1a;1a;1a;1a;1a;1a;1a;1a;1a;1a,1,55,orbit16_fp1,wyckoff_orbit,16,1a,3,1,True,torus_fractional_coordinate,1a;1a;1a;1a;1a;1a;1a;1a;1a;1a;1a;1a;1a;1a;1a;1a;1a;1a;1a;1a;1a;1a;1a;1a;1a;1a;1a;1a;1a;1a;1a;1a
SG1|1a;1a;1a;1a;1a;1a;1a;1a;1a;1a;1a;1a;1a;1a;1a;1a;1a;1a;1a;1a;1a;1a;1a;1a;1a;1a;1a;1a;1a;1a;1a;1a,1,56,orbit16_fp2,wyckoff_orbit,16,1a,3,2,True,torus_fractional_coordinate,1a;1a;1a;1a;1a;1a;1a;1a;1a;1a;1a;1a;1a;1a;1a;1a;1a;1a;1a;1a;1a;1a;1a;1a;1a;1a;1a;1a;1a;1a;1a;1a
SG1|1a;1a;1a;1a;1a;1a;1a;1a;1a;1a;1a;1a;1a;1a;1a;1a;1a;1a;1a;1a;1a;1a;1a;1a;1a;1a;1a;1a;1a;1a;1a;1a,1,57,orbit17_fp0,wyckoff_orbit,17,1a,3,0,True,torus_fractional_coordinate,1a;1a;1a;1a;1a;1a;1a;1a;1a;1a;1a;1a;1a;1a;1a;1a;1a;1a;1a;1a;1a;1a;1a;1a;1a;1a;1a;1a;1a;1a;1a;1a
SG1|1a;1a;1a;1a;1a;1a;1a;1a;1a;1a;1a;1a;1a;1a;1a;1a;1a;1a;1a;1a;1a;1a;1a;1a;1a;1a;1a;1a;1a;1a;1a;1a,1,58,orbit17_fp1,wyckoff_orbit,17,1a,3,1,True,torus_fractional_coordinate,1a;1a;1a;1a;1a;1a;1a;1a;1a;1a;1a;1a;1a;1a;1a;1a;1a;1a;1a;1a;1a;1a;1a;1a;1a;1a;1a;1a;1a;1a;1a;1a
SG1|1a;1a;1a;1a;1a;1a;1a;1a;1a;1a;1a;1a;1a;1a;1a;1a;1a;1a;1a;1a;1a;1a;1a;1a;1a;1a;1a;1a;1a;1a;1a;1a,1,59,orbit17_fp2,wyckoff_orbit,17,1a,3,2,True,torus_fractional_coordinate,1a;1a;1a;1a;1a;1a;1a;1a;1a;1a;1a;1a;1a;1a;1a;1a;1a;1a;1a;1a;1a;1a;1a;1a;1a;1a;1a;1a;1a;1a;1a;1a
SG1|1a;1a;1a;1a;1a;1a;1a;1a;1a;1a;1a;1a;1a;1a;1a;1a;1a;1a;1a;1a;1a;1a;1a;1a;1a;1a;1a;1a;1a;1a;1a;1a,1,60,orbit18_fp0,wyckoff_orbit,18,1a,3,0,True,torus_fractional_coordinate,1a;1a;1a;1a;1a;1a;1a;1a;1a;1a;1a;1a;1a;1a;1a;1a;1a;1a;1a;1a;1a;1a;1a;1a;1a;1a;1a;1a;1a;1a;1a;1a
SG1|1a;1a;1a;1a;1a;1a;1a;1a;1a;1a;1a;1a;1a;1a;1a;1a;1a;1a;1a;1a;1a;1a;1a;1a;1a;1a;1a;1a;1a;1a;1a;1a,1,61,orbit18_fp1,wyckoff_orbit,18,1a,3,1,True,torus_fractional_coordinate,1a;1a;1a;1a;1a;1a;1a;1a;1a;1a;1a;1a;1a;1a;1a;1a;1a;1a;1a;1a;1a;1a;1a;1a;1a;1a;1a;1a;1a;1a;1a;1a
SG1|1a;1a;1a;1a;1a;1a;1a;1a;1a;1a;1a;1a;1a;1a;1a;1a;1a;1a;1a;1a;1a;1a;1a;1a;1a;1a;1a;1a;1a;1a;1a;1a,1,62,orbit18_fp2,wyckoff_orbit,18,1a,3,2,True,torus_fractional_coordinate,1a;1a;1a;1a;1a;1a;1a;1a;1a;1a;1a;1a;1a;1a;1a;1a;1a;1a;1a;1a;1a;1a;1a;1a;1a;1a;1a;1a;1a;1a;1a;1a
SG1|1a;1a;1a;1a;1a;1a;1a;1a;1a;1a;1a;1a;1a;1a;1a;1a;1a;1a;1a;1a;1a;1a;1a;1a;1a;1a;1a;1a;1a;1a;1a;1a,1,63,orbit19_fp0,wyckoff_orbit,19,1a,3,0,True,torus_fractional_coordinate,1a;1a;1a;1a;1a;1a;1a;1a;1a;1a;1a;1a;1a;1a;1a;1a;1a;1a;1a;1a;1a;1a;1a;1a;1a;1a;1a;1a;1a;1a;1a;1a
SG1|1a;1a;1a;1a;1a;1a;1a;1a;1a;1a;1a;1a;1a;1a;1a;1a;1a;1a;1a;1a;1a;1a;1a;1a;1a;1a;1a;1a;1a;1a;1a;1a,1,64,orbit19_fp1,wyckoff_orbit,19,1a,3,1,True,torus_fractional_coordinate,1a;1a;1a;1a;1a;1a;1a;1a;1a;1a;1a;1a;1a;1a;1a;1a;1a;1a;1a;1a;1a;1a;1a;1a;1a;1a;1a;1a;1a;1a;1a;1a
SG1|1a;1a;1a;1a;1a;1a;1a;1a;1a;1a;1a;1a;1a;1a;1a;1a;1a;1a;1a;1a;1a;1a;1a;1a;1a;1a;1a;1a;1a;1a;1a;1a,1,65,orbit19_fp2,wyckoff_orbit,19,1a,3,2,True,torus_fractional_coordinate,1a;1a;1a;1a;1a;1a;1a;1a;1a;1a;1a;1a;1a;1a;1a;1a;1a;1a;1a;1a;1a;1a;1a;1a;1a;1a;1a;1a;1a;1a;1a;1a
SG1|1a;1a;1a;1a;1a;1a;1a;1a;1a;1a;1a;1a;1a;1a;1a;1a;1a;1a;1a;1a;1a;1a;1a;1a;1a;1a;1a;1a;1a;1a;1a;1a,1,66,orbit20_fp0,wyckoff_orbit,20,1a,3,0,True,torus_fractional_coordinate,1a;1a;1a;1a;1a;1a;1a;1a;1a;1a;1a;1a;1a;1a;1a;1a;1a;1a;1a;1a;1a;1a;1a;1a;1a;1a;1a;1a;1a;1a;1a;1a
SG1|1a;1a;1a;1a;1a;1a;1a;1a;1a;1a;1a;1a;1a;1a;1a;1a;1a;1a;1a;1a;1a;1a;1a;1a;1a;1a;1a;1a;1a;1a;1a;1a,1,67,orbit20_fp1,wyckoff_orbit,20,1a,3,1,True,torus_fractional_coordinate,1a;1a;1a;1a;1a;1a;1a;1a;1a;1a;1a;1a;1a;1a;1a;1a;1a;1a;1a;1a;1a;1a;1a;1a;1a;1a;1a;1a;1a;1a;1a;1a
SG1|1a;1a;1a;1a;1a;1a;1a;1a;1a;1a;1a;1a;1a;1a;1a;1a;1a;1a;1a;1a;1a;1a;1a;1a;1a;1a;1a;1a;1a;1a;1a;1a,1,68,orbit20_fp2,wyckoff_orbit,20,1a,3,2,True,torus_fractional_coordinate,1a;1a;1a;1a;1a;1a;1a;1a;1a;1a;1a;1a;1a;1a;1a;1a;1a;1a;1a;1a;1a;1a;1a;1a;1a;1a;1a;1a;1a;1a;1a;1a
SG1|1a;1a;1a;1a;1a;1a;1a;1a;1a;1a;1a;1a;1a;1a;1a;1a;1a;1a;1a;1a;1a;1a;1a;1a;1a;1a;1a;1a;1a;1a;1a;1a,1,69,orbit21_fp0,wyckoff_orbit,21,1a,3,0,True,torus_fractional_coordinate,1a;1a;1a;1a;1a;1a;1a;1a;1a;1a;1a;1a;1a;1a;1a;1a;1a;1a;1a;1a;1a;1a;1a;1a;1a;1a;1a;1a;1a;1a;1a;1a
SG1|1a;1a;1a;1a;1a;1a;1a;1a;1a;1a;1a;1a;1a;1a;1a;1a;1a;1a;1a;1a;1a;1a;1a;1a;1a;1a;1a;1a;1a;1a;1a;1a,1,70,orbit21_fp1,wyckoff_orbit,21,1a,3,1,True,torus_fractional_coordinate,1a;1a;1a;1a;1a;1a;1a;1a;1a;1a;1a;1a;1a;1a;1a;1a;1a;1a;1a;1a;1a;1a;1a;1a;1a;1a;1a;1a;1a;1a;1a;1a
SG1|1a;1a;1a;1a;1a;1a;1a;1a;1a;1a;1a;1a;1a;1a;1a;1a;1a;1a;1a;1a;1a;1a;1a;1a;1a;1a;1a;1a;1a;1a;1a;1a,1,71,orbit21_fp2,wyckoff_orbit,21,1a,3,2,True,torus_fractional_coordinate,1a;1a;1a;1a;1a;1a;1a;1a;1a;1a;1a;1a;1a;1a;1a;1a;1a;1a;1a;1a;1a;1a;1a;1a;1a;1a;1a;1a;1a;1a;1a;1a
SG1|1a;1a;1a;1a;1a;1a;1a;1a;1a;1a;1a;1a;1a;1a;1a;1a;1a;1a;1a;1a;1a;1a;1a;1a;1a;1a;1a;1a;1a;1a;1a;1a,1,72,orbit22_fp0,wyckoff_orbit,22,1a,3,0,True,torus_fractional_coordinate,1a;1a;1a;1a;1a;1a;1a;1a;1a;1a;1a;1a;1a;1a;1a;1a;1a;1a;1a;1a;1a;1a;1a;1a;1a;1a;1a;1a;1a;1a;1a;1a
SG1|1a;1a;1a;1a;1a;1a;1a;1a;1a;1a;1a;1a;1a;1a;1a;1a;1a;1a;1a;1a;1a;1a;1a;1a;1a;1a;1a;1a;1a;1a;1a;1a,1,73,orbit22_fp1,wyckoff_orbit,22,1a,3,1,True,torus_fractional_coordinate,1a;1a;1a;1a;1a;1a;1a;1a;1a;1a;1a;1a;1a;1a;1a;1a;1a;1a;1a;1a;1a;1a;1a;1a;1a;1a;1a;1a;1a;1a;1a;1a
SG1|1a;1a;1a;1a;1a;1a;1a;1a;1a;1a;1a;1a;1a;1a;1a;1a;1a;1a;1a;1a;1a;1a;1a;1a;1a;1a;1a;1a;1a;1a;1a;1a,1,74,orbit22_fp2,wyckoff_orbit,22,1a,3,2,True,torus_fractional_coordinate,1a;1a;1a;1a;1a;1a;1a;1a;1a;1a;1a;1a;1a;1a;1a;1a;1a;1a;1a;1a;1a;1a;1a;1a;1a;1a;1a;1a;1a;1a;1a;1a
SG1|1a;1a;1a;1a;1a;1a;1a;1a;1a;1a;1a;1a;1a;1a;1a;1a;1a;1a;1a;1a;1a;1a;1a;1a;1a;1a;1a;1a;1a;1a;1a;1a,1,75,orbit23_fp0,wyckoff_orbit,23,1a,3,0,True,torus_fractional_coordinate,1a;1a;1a;1a;1a;1a;1a;1a;1a;1a;1a;1a;1a;1a;1a;1a;1a;1a;1a;1a;1a;1a;1a;1a;1a;1a;1a;1a;1a;1a;1a;1a
SG1|1a;1a;1a;1a;1a;1a;1a;1a;1a;1a;1a;1a;1a;1a;1a;1a;1a;1a;1a;1a;1a;1a;1a;1a;1a;1a;1a;1a;1a;1a;1a;1a,1,76,orbit23_fp1,wyckoff_orbit,23,1a,3,1,True,torus_fractional_coordinate,1a;1a;1a;1a;1a;1a;1a;1a;1a;1a;1a;1a;1a;1a;1a;1a;1a;1a;1a;1a;1a;1a;1a;1a;1a;1a;1a;1a;1a;1a;1a;1a
SG1|1a;1a;1a;1a;1a;1a;1a;1a;1a;1a;1a;1a;1a;1a;1a;1a;1a;1a;1a;1a;1a;1a;1a;1a;1a;1a;1a;1a;1a;1a;1a;1a,1,77,orbit23_fp2,wyckoff_orbit,23,1a,3,2,True,torus_fractional_coordinate,1a;1a;1a;1a;1a;1a;1a;1a;1a;1a;1a;1a;1a;1a;1a;1a;1a;1a;1a;1a;1a;1a;1a;1a;1a;1a;1a;1a;1a;1a;1a;1a
SG1|1a;1a;1a;1a;1a;1a;1a;1a;1a;1a;1a;1a;1a;1a;1a;1a;1a;1a;1a;1a;1a;1a;1a;1a;1a;1a;1a;1a;1a;1a;1a;1a,1,78,orbit24_fp0,wyckoff_orbit,24,1a,3,0,True,torus_fractional_coordinate,1a;1a;1a;1a;1a;1a;1a;1a;1a;1a;1a;1a;1a;1a;1a;1a;1a;1a;1a;1a;1a;1a;1a;1a;1a;1a;1a;1a;1a;1a;1a;1a
SG1|1a;1a;1a;1a;1a;1a;1a;1a;1a;1a;1a;1a;1a;1a;1a;1a;1a;1a;1a;1a;1a;1a;1a;1a;1a;1a;1a;1a;1a;1a;1a;1a,1,79,orbit24_fp1,wyckoff_orbit,24,1a,3,1,True,torus_fractional_coordinate,1a;1a;1a;1a;1a;1a;1a;1a;1a;1a;1a;1a;1a;1a;1a;1a;1a;1a;1a;1a;1a;1a;1a;1a;1a;1a;1a;1a;1a;1a;1a;1a
SG1|1a;1a;1a;1a;1a;1a;1a;1a;1a;1a;1a;1a;1a;1a;1a;1a;1a;1a;1a;1a;1a;1a;1a;1a;1a;1a;1a;1a;1a;1a;1a;1a,1,80,orbit24_fp2,wyckoff_orbit,24,1a,3,2,True,torus_fractional_coordinate,1a;1a;1a;1a;1a;1a;1a;1a;1a;1a;1a;1a;1a;1a;1a;1a;1a;1a;1a;1a;1a;1a;1a;1a;1a;1a;1a;1a;1a;1a;1a;1a
SG1|1a;1a;1a;1a;1a;1a;1a;1a;1a;1a;1a;1a;1a;1a;1a;1a;1a;1a;1a;1a;1a;1a;1a;1a;1a;1a;1a;1a;1a;1a;1a;1a,1,81,orbit25_fp0,wyckoff_orbit,25,1a,3,0,True,torus_fractional_coordinate,1a;1a;1a;1a;1a;1a;1a;1a;1a;1a;1a;1a;1a;1a;1a;1a;1a;1a;1a;1a;1a;1a;1a;1a;1a;1a;1a;1a;1a;1a;1a;1a
SG1|1a;1a;1a;1a;1a;1a;1a;1a;1a;1a;1a;1a;1a;1a;1a;1a;1a;1a;1a;1a;1a;1a;1a;1a;1a;1a;1a;1a;1a;1a;1a;1a,1,82,orbit25_fp1,wyckoff_orbit,25,1a,3,1,True,torus_fractional_coordinate,1a;1a;1a;1a;1a;1a;1a;1a;1a;1a;1a;1a;1a;1a;1a;1a;1a;1a;1a;1a;1a;1a;1a;1a;1a;1a;1a;1a;1a;1a;1a;1a
SG1|1a;1a;1a;1a;1a;1a;1a;1a;1a;1a;1a;1a;1a;1a;1a;1a;1a;1a;1a;1a;1a;1a;1a;1a;1a;1a;1a;1a;1a;1a;1a;1a,1,83,orbit25_fp2,wyckoff_orbit,25,1a,3,2,True,torus_fractional_coordinate,1a;1a;1a;1a;1a;1a;1a;1a;1a;1a;1a;1a;1a;1a;1a;1a;1a;1a;1a;1a;1a;1a;1a;1a;1a;1a;1a;1a;1a;1a;1a;1a
SG1|1a;1a;1a;1a;1a;1a;1a;1a;1a;1a;1a;1a;1a;1a;1a;1a;1a;1a;1a;1a;1a;1a;1a;1a;1a;1a;1a;1a;1a;1a;1a;1a,1,84,orbit26_fp0,wyckoff_orbit,26,1a,3,0,True,torus_fractional_coordinate,1a;1a;1a;1a;1a;1a;1a;1a;1a;1a;1a;1a;1a;1a;1a;1a;1a;1a;1a;1a;1a;1a;1a;1a;1a;1a;1a;1a;1a;1a;1a;1a
SG1|1a;1a;1a;1a;1a;1a;1a;1a;1a;1a;1a;1a;1a;1a;1a;1a;1a;1a;1a;1a;1a;1a;1a;1a;1a;1a;1a;1a;1a;1a;1a;1a,1,85,orbit26_fp1,wyckoff_orbit,26,1a,3,1,True,torus_fractional_coordinate,1a;1a;1a;1a;1a;1a;1a;1a;1a;1a;1a;1a;1a;1a;1a;1a;1a;1a;1a;1a;1a;1a;1a;1a;1a;1a;1a;1a;1a;1a;1a;1a
SG1|1a;1a;1a;1a;1a;1a;1a;1a;1a;1a;1a;1a;1a;1a;1a;1a;1a;1a;1a;1a;1a;1a;1a;1a;1a;1a;1a;1a;1a;1a;1a;1a,1,86,orbit26_fp2,wyckoff_orbit,26,1a,3,2,True,torus_fractional_coordinate,1a;1a;1a;1a;1a;1a;1a;1a;1a;1a;1a;1a;1a;1a;1a;1a;1a;1a;1a;1a;1a;1a;1a;1a;1a;1a;1a;1a;1a;1a;1a;1a
SG1|1a;1a;1a;1a;1a;1a;1a;1a;1a;1a;1a;1a;1a;1a;1a;1a;1a;1a;1a;1a;1a;1a;1a;1a;1a;1a;1a;1a;1a;1a;1a;1a,1,87,orbit27_fp0,wyckoff_orbit,27,1a,3,0,True,torus_fractional_coordinate,1a;1a;1a;1a;1a;1a;1a;1a;1a;1a;1a;1a;1a;1a;1a;1a;1a;1a;1a;1a;1a;1a;1a;1a;1a;1a;1a;1a;1a;1a;1a;1a
SG1|1a;1a;1a;1a;1a;1a;1a;1a;1a;1a;1a;1a;1a;1a;1a;1a;1a;1a;1a;1a;1a;1a;1a;1a;1a;1a;1a;1a;1a;1a;1a;1a,1,88,orbit27_fp1,wyckoff_orbit,27,1a,3,1,True,torus_fractional_coordinate,1a;1a;1a;1a;1a;1a;1a;1a;1a;1a;1a;1a;1a;1a;1a;1a;1a;1a;1a;1a;1a;1a;1a;1a;1a;1a;1a;1a;1a;1a;1a;1a
SG1|1a;1a;1a;1a;1a;1a;1a;1a;1a;1a;1a;1a;1a;1a;1a;1a;1a;1a;1a;1a;1a;1a;1a;1a;1a;1a;1a;1a;1a;1a;1a;1a,1,89,orbit27_fp2,wyckoff_orbit,27,1a,3,2,True,torus_fractional_coordinate,1a;1a;1a;1a;1a;1a;1a;1a;1a;1a;1a;1a;1a;1a;1a;1a;1a;1a;1a;1a;1a;1a;1a;1a;1a;1a;1a;1a;1a;1a;1a;1a
SG1|1a;1a;1a;1a;1a;1a;1a;1a;1a;1a;1a;1a;1a;1a;1a;1a;1a;1a;1a;1a;1a;1a;1a;1a;1a;1a;1a;1a;1a;1a;1a;1a,1,90,orbit28_fp0,wyckoff_orbit,28,1a,3,0,True,torus_fractional_coordinate,1a;1a;1a;1a;1a;1a;1a;1a;1a;1a;1a;1a;1a;1a;1a;1a;1a;1a;1a;1a;1a;1a;1a;1a;1a;1a;1a;1a;1a;1a;1a;1a
SG1|1a;1a;1a;1a;1a;1a;1a;1a;1a;1a;1a;1a;1a;1a;1a;1a;1a;1a;1a;1a;1a;1a;1a;1a;1a;1a;1a;1a;1a;1a;1a;1a,1,91,orbit28_fp1,wyckoff_orbit,28,1a,3,1,True,torus_fractional_coordinate,1a;1a;1a;1a;1a;1a;1a;1a;1a;1a;1a;1a;1a;1a;1a;1a;1a;1a;1a;1a;1a;1a;1a;1a;1a;1a;1a;1a;1a;1a;1a;1a
SG1|1a;1a;1a;1a;1a;1a;1a;1a;1a;1a;1a;1a;1a;1a;1a;1a;1a;1a;1a;1a;1a;1a;1a;1a;1a;1a;1a;1a;1a;1a;1a;1a,1,92,orbit28_fp2,wyckoff_orbit,28,1a,3,2,True,torus_fractional_coordinate,1a;1a;1a;1a;1a;1a;1a;1a;1a;1a;1a;1a;1a;1a;1a;1a;1a;1a;1a;1a;1a;1a;1a;1a;1a;1a;1a;1a;1a;1a;1a;1a
SG1|1a;1a;1a;1a;1a;1a;1a;1a;1a;1a;1a;1a;1a;1a;1a;1a;1a;1a;1a;1a;1a;1a;1a;1a;1a;1a;1a;1a;1a;1a;1a;1a,1,93,orbit29_fp0,wyckoff_orbit,29,1a,3,0,True,torus_fractional_coordinate,1a;1a;1a;1a;1a;1a;1a;1a;1a;1a;1a;1a;1a;1a;1a;1a;1a;1a;1a;1a;1a;1a;1a;1a;1a;1a;1a;1a;1a;1a;1a;1a
SG1|1a;1a;1a;1a;1a;1a;1a;1a;1a;1a;1a;1a;1a;1a;1a;1a;1a;1a;1a;1a;1a;1a;1a;1a;1a;1a;1a;1a;1a;1a;1a;1a,1,94,orbit29_fp1,wyckoff_orbit,29,1a,3,1,True,torus_fractional_coordinate,1a;1a;1a;1a;1a;1a;1a;1a;1a;1a;1a;1a;1a;1a;1a;1a;1a;1a;1a;1a;1a;1a;1a;1a;1a;1a;1a;1a;1a;1a;1a;1a
SG1|1a;1a;1a;1a;1a;1a;1a;1a;1a;1a;1a;1a;1a;1a;1a;1a;1a;1a;1a;1a;1a;1a;1a;1a;1a;1a;1a;1a;1a;1a;1a;1a,1,95,orbit29_fp2,wyckoff_orbit,29,1a,3,2,True,torus_fractional_coordinate,1a;1a;1a;1a;1a;1a;1a;1a;1a;1a;1a;1a;1a;1a;1a;1a;1a;1a;1a;1a;1a;1a;1a;1a;1a;1a;1a;1a;1a;1a;1a;1a
SG1|1a;1a;1a;1a;1a;1a;1a;1a;1a;1a;1a;1a;1a;1a;1a;1a;1a;1a;1a;1a;1a;1a;1a;1a;1a;1a;1a;1a;1a;1a;1a;1a,1,96,orbit30_fp0,wyckoff_orbit,30,1a,3,0,True,torus_fractional_coordinate,1a;1a;1a;1a;1a;1a;1a;1a;1a;1a;1a;1a;1a;1a;1a;1a;1a;1a;1a;1a;1a;1a;1a;1a;1a;1a;1a;1a;1a;1a;1a;1a
SG1|1a;1a;1a;1a;1a;1a;1a;1a;1a;1a;1a;1a;1a;1a;1a;1a;1a;1a;1a;1a;1a;1a;1a;1a;1a;1a;1a;1a;1a;1a;1a;1a,1,97,orbit30_fp1,wyckoff_orbit,30,1a,3,1,True,torus_fractional_coordinate,1a;1a;1a;1a;1a;1a;1a;1a;1a;1a;1a;1a;1a;1a;1a;1a;1a;1a;1a;1a;1a;1a;1a;1a;1a;1a;1a;1a;1a;1a;1a;1a
SG1|1a;1a;1a;1a;1a;1a;1a;1a;1a;1a;1a;1a;1a;1a;1a;1a;1a;1a;1a;1a;1a;1a;1a;1a;1a;1a;1a;1a;1a;1a;1a;1a,1,98,orbit30_fp2,wyckoff_orbit,30,1a,3,2,True,torus_fractional_coordinate,1a;1a;1a;1a;1a;1a;1a;1a;1a;1a;1a;1a;1a;1a;1a;1a;1a;1a;1a;1a;1a;1a;1a;1a;1a;1a;1a;1a;1a;1a;1a;1a
SG1|1a;1a;1a;1a;1a;1a;1a;1a;1a;1a;1a;1a;1a;1a;1a;1a;1a;1a;1a;1a;1a;1a;1a;1a;1a;1a;1a;1a;1a;1a;1a;1a,1,99,orbit31_fp0,wyckoff_orbit,31,1a,3,0,True,torus_fractional_coordinate,1a;1a;1a;1a;1a;1a;1a;1a;1a;1a;1a;1a;1a;1a;1a;1a;1a;1a;1a;1a;1a;1a;1a;1a;1a;1a;1a;1a;1a;1a;1a;1a
SG1|1a;1a;1a;1a;1a;1a;1a;1a;1a;1a;1a;1a;1a;1a;1a;1a;1a;1a;1a;1a;1a;1a;1a;1a;1a;1a;1a;1a;1a;1a;1a;1a,1,100,orbit31_fp1,wyckoff_orbit,31,1a,3,1,True,torus_fractional_coordinate,1a;1a;1a;1a;1a;1a;1a;1a;1a;1a;1a;1a;1a;1a;1a;1a;1a;1a;1a;1a;1a;1a;1a;1a;1a;1a;1a;1a;1a;1a;1a;1a
SG1|1a;1a;1a;1a;1a;1a;1a;1a;1a;1a;1a;1a;1a;1a;1a;1a;1a;1a;1a;1a;1a;1a;1a;1a;1a;1a;1a;1a;1a;1a;1a;1a,1,101,orbit31_fp2,wyckoff_orbit,31,1a,3,2,True,torus_fractional_coordinate,1a;1a;1a;1a;1a;1a;1a;1a;1a;1a;1a;1a;1a;1a;1a;1a;1a;1a;1a;1a;1a;1a;1a;1a;1a;1a;1a;1a;1a;1a;1a;1a
SG1|1a;1a;1a;1a;1a;1a;1a;1a;1a;1a;1a;1a;1a;1a;1a;1a;1a;1a;1a;1a;1a;1a;1a;1a;1a;1a;1a;1a;1a;1a,1,0,lattice_a,lattice,-1,,0,-1,False,positive_length,1a;1a;1a;1a;1a;1a;1a;1a;1a;1a;1a;1a;1a;1a;1a;1a;1a;1a;1a;1a;1a;1a;1a;1a;1a;1a;1a;1a;1a;1a
SG1|1a;1a;1a;1a;1a;1a;1a;1a;1a;1a;1a;1a;1a;1a;1a;1a;1a;1a;1a;1a;1a;1a;1a;1a;1a;1a;1a;1a;1a;1a,1,1,lattice_b,lattice,-1,,0,-1,False,positive_length,1a;1a;1a;1a;1a;1a;1a;1a;1a;1a;1a;1a;1a;1a;1a;1a;1a;1a;1a;1a;1a;1a;1a;1a;1a;1a;1a;1a;1a;1a
SG1|1a;1a;1a;1a;1a;1a;1a;1a;1a;1a;1a;1a;1a;1a;1a;1a;1a;1a;1a;1a;1a;1a;1a;1a;1a;1a;1a;1a;1a;1a,1,2,lattice_c,lattice,-1,,0,-1,False,positive_length,1a;1a;1a;1a;1a;1a;1a;1a;1a;1a;1a;1a;1a;1a;1a;1a;1a;1a;1a;1a;1a;1a;1a;1a;1a;1a;1a;1a;1a;1a
SG1|1a;1a;1a;1a;1a;1a;1a;1a;1a;1a;1a;1a;1a;1a;1a;1a;1a;1a;1a;1a;1a;1a;1a;1a;1a;1a;1a;1a;1a;1a,1,3,alpha,lattice,-1,,0,-1,False,angle_degree,1a;1a;1a;1a;1a;1a;1a;1a;1a;1a;1a;1a;1a;1a;1a;1a;1a;1a;1a;1a;1a;1a;1a;1a;1a;1a;1a;1a;1a;1a
SG1|1a;1a;1a;1a;1a;1a;1a;1a;1a;1a;1a;1a;1a;1a;1a;1a;1a;1a;1a;1a;1a;1a;1a;1a;1a;1a;1a;1a;1a;1a,1,4,beta,lattice,-1,,0,-1,False,angle_degree,1a;1a;1a;1a;1a;1a;1a;1a;1a;1a;1a;1a;1a;1a;1a;1a;1a;1a;1a;1a;1a;1a;1a;1a;1a;1a;1a;1a;1a;1a
SG1|1a;1a;1a;1a;1a;1a;1a;1a;1a;1a;1a;1a;1a;1a;1a;1a;1a;1a;1a;1a;1a;1a;1a;1a;1a;1a;1a;1a;1a;1a,1,5,gamma,lattice,-1,,0,-1,False,angle_degree,1a;1a;1a;1a;1a;1a;1a;1a;1a;1a;1a;1a;1a;1a;1a;1a;1a;1a;1a;1a;1a;1a;1a;1a;1a;1a;1a;1a;1a;1a
SG1|1a;1a;1a;1a;1a;1a;1a;1a;1a;1a;1a;1a;1a;1a;1a;1a;1a;1a;1a;1a;1a;1a;1a;1a;1a;1a;1a;1a;1a;1a,1,6,orbit0_fp0,wyckoff_orbit,0,1a,3,0,True,torus_fractional_coordinate,1a;1a;1a;1a;1a;1a;1a;1a;1a;1a;1a;1a;1a;1a;1a;1a;1a;1a;1a;1a;1a;1a;1a;1a;1a;1a;1a;1a;1a;1a
SG1|1a;1a;1a;1a;1a;1a;1a;1a;1a;1a;1a;1a;1a;1a;1a;1a;1a;1a;1a;1a;1a;1a;1a;1a;1a;1a;1a;1a;1a;1a,1,7,orbit0_fp1,wyckoff_orbit,0,1a,3,1,True,torus_fractional_coordinate,1a;1a;1a;1a;1a;1a;1a;1a;1a;1a;1a;1a;1a;1a;1a;1a;1a;1a;1a;1a;1a;1a;1a;1a;1a;1a;1a;1a;1a;1a
SG1|1a;1a;1a;1a;1a;1a;1a;1a;1a;1a;1a;1a;1a;1a;1a;1a;1a;1a;1a;1a;1a;1a;1a;1a;1a;1a;1a;1a;1a;1a,1,8,orbit0_fp2,wyckoff_orbit,0,1a,3,2,True,torus_fractional_coordinate,1a;1a;1a;1a;1a;1a;1a;1a;1a;1a;1a;1a;1a;1a;1a;1a;1a;1a;1a;1a;1a;1a;1a;1a;1a;1a;1a;1a;1a;1a
SG1|1a;1a;1a;1a;1a;1a;1a;1a;1a;1a;1a;1a;1a;1a;1a;1a;1a;1a;1a;1a;1a;1a;1a;1a;1a;1a;1a;1a;1a;1a,1,9,orbit1_fp0,wyckoff_orbit,1,1a,3,0,True,torus_fractional_coordinate,1a;1a;1a;1a;1a;1a;1a;1a;1a;1a;1a;1a;1a;1a;1a;1a;1a;1a;1a;1a;1a;1a;1a;1a;1a;1a;1a;1a;1a;1a
SG1|1a;1a;1a;1a;1a;1a;1a;1a;1a;1a;1a;1a;1a;1a;1a;1a;1a;1a;1a;1a;1a;1a;1a;1a;1a;1a;1a;1a;1a;1a,1,10,orbit1_fp1,wyckoff_orbit,1,1a,3,1,True,torus_fractional_coordinate,1a;1a;1a;1a;1a;1a;1a;1a;1a;1a;1a;1a;1a;1a;1a;1a;1a;1a;1a;1a;1a;1a;1a;1a;1a;1a;1a;1a;1a;1a
SG1|1a;1a;1a;1a;1a;1a;1a;1a;1a;1a;1a;1a;1a;1a;1a;1a;1a;1a;1a;1a;1a;1a;1a;1a;1a;1a;1a;1a;1a;1a,1,11,orbit1_fp2,wyckoff_orbit,1,1a,3,2,True,torus_fractional_coordinate,1a;1a;1a;1a;1a;1a;1a;1a;1a;1a;1a;1a;1a;1a;1a;1a;1a;1a;1a;1a;1a;1a;1a;1a;1a;1a;1a;1a;1a;1a
SG1|1a;1a;1a;1a;1a;1a;1a;1a;1a;1a;1a;1a;1a;1a;1a;1a;1a;1a;1a;1a;1a;1a;1a;1a;1a;1a;1a;1a;1a;1a,1,12,orbit2_fp0,wyckoff_orbit,2,1a,3,0,True,torus_fractional_coordinate,1a;1a;1a;1a;1a;1a;1a;1a;1a;1a;1a;1a;1a;1a;1a;1a;1a;1a;1a;1a;1a;1a;1a;1a;1a;1a;1a;1a;1a;1a
SG1|1a;1a;1a;1a;1a;1a;1a;1a;1a;1a;1a;1a;1a;1a;1a;1a;1a;1a;1a;1a;1a;1a;1a;1a;1a;1a;1a;1a;1a;1a,1,13,orbit2_fp1,wyckoff_orbit,2,1a,3,1,True,torus_fractional_coordinate,1a;1a;1a;1a;1a;1a;1a;1a;1a;1a;1a;1a;1a;1a;1a;1a;1a;1a;1a;1a;1a;1a;1a;1a;1a;1a;1a;1a;1a;1a
SG1|1a;1a;1a;1a;1a;1a;1a;1a;1a;1a;1a;1a;1a;1a;1a;1a;1a;1a;1a;1a;1a;1a;1a;1a;1a;1a;1a;1a;1a;1a,1,14,orbit2_fp2,wyckoff_orbit,2,1a,3,2,True,torus_fractional_coordinate,1a;1a;1a;1a;1a;1a;1a;1a;1a;1a;1a;1a;1a;1a;1a;1a;1a;1a;1a;1a;1a;1a;1a;1a;1a;1a;1a;1a;1a;1a
SG1|1a;1a;1a;1a;1a;1a;1a;1a;1a;1a;1a;1a;1a;1a;1a;1a;1a;1a;1a;1a;1a;1a;1a;1a;1a;1a;1a;1a;1a;1a,1,15,orbit3_fp0,wyckoff_orbit,3,1a,3,0,True,torus_fractional_coordinate,1a;1a;1a;1a;1a;1a;1a;1a;1a;1a;1a;1a;1a;1a;1a;1a;1a;1a;1a;1a;1a;1a;1a;1a;1a;1a;1a;1a;1a;1a
SG1|1a;1a;1a;1a;1a;1a;1a;1a;1a;1a;1a;1a;1a;1a;1a;1a;1a;1a;1a;1a;1a;1a;1a;1a;1a;1a;1a;1a;1a;1a,1,16,orbit3_fp1,wyckoff_orbit,3,1a,3,1,True,torus_fractional_coordinate,1a;1a;1a;1a;1a;1a;1a;1a;1a;1a;1a;1a;1a;1a;1a;1a;1a;1a;1a;1a;1a;1a;1a;1a;1a;1a;1a;1a;1a;1a
SG1|1a;1a;1a;1a;1a;1a;1a;1a;1a;1a;1a;1a;1a;1a;1a;1a;1a;1a;1a;1a;1a;1a;1a;1a;1a;1a;1a;1a;1a;1a,1,17,orbit3_fp2,wyckoff_orbit,3,1a,3,2,True,torus_fractional_coordinate,1a;1a;1a;1a;1a;1a;1a;1a;1a;1a;1a;1a;1a;1a;1a;1a;1a;1a;1a;1a;1a;1a;1a;1a;1a;1a;1a;1a;1a;1a
SG1|1a;1a;1a;1a;1a;1a;1a;1a;1a;1a;1a;1a;1a;1a;1a;1a;1a;1a;1a;1a;1a;1a;1a;1a;1a;1a;1a;1a;1a;1a,1,18,orbit4_fp0,wyckoff_orbit,4,1a,3,0,True,torus_fractional_coordinate,1a;1a;1a;1a;1a;1a;1a;1a;1a;1a;1a;1a;1a;1a;1a;1a;1a;1a;1a;1a;1a;1a;1a;1a;1a;1a;1a;1a;1a;1a
SG1|1a;1a;1a;1a;1a;1a;1a;1a;1a;1a;1a;1a;1a;1a;1a;1a;1a;1a;1a;1a;1a;1a;1a;1a;1a;1a;1a;1a;1a;1a,1,19,orbit4_fp1,wyckoff_orbit,4,1a,3,1,True,torus_fractional_coordinate,1a;1a;1a;1a;1a;1a;1a;1a;1a;1a;1a;1a;1a;1a;1a;1a;1a;1a;1a;1a;1a;1a;1a;1a;1a;1a;1a;1a;1a;1a
SG1|1a;1a;1a;1a;1a;1a;1a;1a;1a;1a;1a;1a;1a;1a;1a;1a;1a;1a;1a;1a;1a;1a;1a;1a;1a;1a;1a;1a;1a;1a,1,20,orbit4_fp2,wyckoff_orbit,4,1a,3,2,True,torus_fractional_coordinate,1a;1a;1a;1a;1a;1a;1a;1a;1a;1a;1a;1a;1a;1a;1a;1a;1a;1a;1a;1a;1a;1a;1a;1a;1a;1a;1a;1a;1a;1a
SG1|1a;1a;1a;1a;1a;1a;1a;1a;1a;1a;1a;1a;1a;1a;1a;1a;1a;1a;1a;1a;1a;1a;1a;1a;1a;1a;1a;1a;1a;1a,1,21,orbit5_fp0,wyckoff_orbit,5,1a,3,0,True,torus_fractional_coordinate,1a;1a;1a;1a;1a;1a;1a;1a;1a;1a;1a;1a;1a;1a;1a;1a;1a;1a;1a;1a;1a;1a;1a;1a;1a;1a;1a;1a;1a;1a
SG1|1a;1a;1a;1a;1a;1a;1a;1a;1a;1a;1a;1a;1a;1a;1a;1a;1a;1a;1a;1a;1a;1a;1a;1a;1a;1a;1a;1a;1a;1a,1,22,orbit5_fp1,wyckoff_orbit,5,1a,3,1,True,torus_fractional_coordinate,1a;1a;1a;1a;1a;1a;1a;1a;1a;1a;1a;1a;1a;1a;1a;1a;1a;1a;1a;1a;1a;1a;1a;1a;1a;1a;1a;1a;1a;1a
SG1|1a;1a;1a;1a;1a;1a;1a;1a;1a;1a;1a;1a;1a;1a;1a;1a;1a;1a;1a;1a;1a;1a;1a;1a;1a;1a;1a;1a;1a;1a,1,23,orbit5_fp2,wyckoff_orbit,5,1a,3,2,True,torus_fractional_coordinate,1a;1a;1a;1a;1a;1a;1a;1a;1a;1a;1a;1a;1a;1a;1a;1a;1a;1a;1a;1a;1a;1a;1a;1a;1a;1a;1a;1a;1a;1a
SG1|1a;1a;1a;1a;1a;1a;1a;1a;1a;1a;1a;1a;1a;1a;1a;1a;1a;1a;1a;1a;1a;1a;1a;1a;1a;1a;1a;1a;1a;1a,1,24,orbit6_fp0,wyckoff_orbit,6,1a,3,0,True,torus_fractional_coordinate,1a;1a;1a;1a;1a;1a;1a;1a;1a;1a;1a;1a;1a;1a;1a;1a;1a;1a;1a;1a;1a;1a;1a;1a;1a;1a;1a;1a;1a;1a
SG1|1a;1a;1a;1a;1a;1a;1a;1a;1a;1a;1a;1a;1a;1a;1a;1a;1a;1a;1a;1a;1a;1a;1a;1a;1a;1a;1a;1a;1a;1a,1,25,orbit6_fp1,wyckoff_orbit,6,1a,3,1,True,torus_fractional_coordinate,1a;1a;1a;1a;1a;1a;1a;1a;1a;1a;1a;1a;1a;1a;1a;1a;1a;1a;1a;1a;1a;1a;1a;1a;1a;1a;1a;1a;1a;1a
SG1|1a;1a;1a;1a;1a;1a;1a;1a;1a;1a;1a;1a;1a;1a;1a;1a;1a;1a;1a;1a;1a;1a;1a;1a;1a;1a;1a;1a;1a;1a,1,26,orbit6_fp2,wyckoff_orbit,6,1a,3,2,True,torus_fractional_coordinate,1a;1a;1a;1a;1a;1a;1a;1a;1a;1a;1a;1a;1a;1a;1a;1a;1a;1a;1a;1a;1a;1a;1a;1a;1a;1a;1a;1a;1a;1a
SG1|1a;1a;1a;1a;1a;1a;1a;1a;1a;1a;1a;1a;1a;1a;1a;1a;1a;1a;1a;1a;1a;1a;1a;1a;1a;1a;1a;1a;1a;1a,1,27,orbit7_fp0,wyckoff_orbit,7,1a,3,0,True,torus_fractional_coordinate,1a;1a;1a;1a;1a;1a;1a;1a;1a;1a;1a;1a;1a;1a;1a;1a;1a;1a;1a;1a;1a;1a;1a;1a;1a;1a;1a;1a;1a;1a
SG1|1a;1a;1a;1a;1a;1a;1a;1a;1a;1a;1a;1a;1a;1a;1a;1a;1a;1a;1a;1a;1a;1a;1a;1a;1a;1a;1a;1a;1a;1a,1,28,orbit7_fp1,wyckoff_orbit,7,1a,3,1,True,torus_fractional_coordinate,1a;1a;1a;1a;1a;1a;1a;1a;1a;1a;1a;1a;1a;1a;1a;1a;1a;1a;1a;1a;1a;1a;1a;1a;1a;1a;1a;1a;1a;1a
SG1|1a;1a;1a;1a;1a;1a;1a;1a;1a;1a;1a;1a;1a;1a;1a;1a;1a;1a;1a;1a;1a;1a;1a;1a;1a;1a;1a;1a;1a;1a,1,29,orbit7_fp2,wyckoff_orbit,7,1a,3,2,True,torus_fractional_coordinate,1a;1a;1a;1a;1a;1a;1a;1a;1a;1a;1a;1a;1a;1a;1a;1a;1a;1a;1a;1a;1a;1a;1a;1a;1a;1a;1a;1a;1a;1a
SG1|1a;1a;1a;1a;1a;1a;1a;1a;1a;1a;1a;1a;1a;1a;1a;1a;1a;1a;1a;1a;1a;1a;1a;1a;1a;1a;1a;1a;1a;1a,1,30,orbit8_fp0,wyckoff_orbit,8,1a,3,0,True,torus_fractional_coordinate,1a;1a;1a;1a;1a;1a;1a;1a;1a;1a;1a;1a;1a;1a;1a;1a;1a;1a;1a;1a;1a;1a;1a;1a;1a;1a;1a;1a;1a;1a
SG1|1a;1a;1a;1a;1a;1a;1a;1a;1a;1a;1a;1a;1a;1a;1a;1a;1a;1a;1a;1a;1a;1a;1a;1a;1a;1a;1a;1a;1a;1a,1,31,orbit8_fp1,wyckoff_orbit,8,1a,3,1,True,torus_fractional_coordinate,1a;1a;1a;1a;1a;1a;1a;1a;1a;1a;1a;1a;1a;1a;1a;1a;1a;1a;1a;1a;1a;1a;1a;1a;1a;1a;1a;1a;1a;1a
SG1|1a;1a;1a;1a;1a;1a;1a;1a;1a;1a;1a;1a;1a;1a;1a;1a;1a;1a;1a;1a;1a;1a;1a;1a;1a;1a;1a;1a;1a;1a,1,32,orbit8_fp2,wyckoff_orbit,8,1a,3,2,True,torus_fractional_coordinate,1a;1a;1a;1a;1a;1a;1a;1a;1a;1a;1a;1a;1a;1a;1a;1a;1a;1a;1a;1a;1a;1a;1a;1a;1a;1a;1a;1a;1a;1a
SG1|1a;1a;1a;1a;1a;1a;1a;1a;1a;1a;1a;1a;1a;1a;1a;1a;1a;1a;1a;1a;1a;1a;1a;1a;1a;1a;1a;1a;1a;1a,1,33,orbit9_fp0,wyckoff_orbit,9,1a,3,0,True,torus_fractional_coordinate,1a;1a;1a;1a;1a;1a;1a;1a;1a;1a;1a;1a;1a;1a;1a;1a;1a;1a;1a;1a;1a;1a;1a;1a;1a;1a;1a;1a;1a;1a
SG1|1a;1a;1a;1a;1a;1a;1a;1a;1a;1a;1a;1a;1a;1a;1a;1a;1a;1a;1a;1a;1a;1a;1a;1a;1a;1a;1a;1a;1a;1a,1,34,orbit9_fp1,wyckoff_orbit,9,1a,3,1,True,torus_fractional_coordinate,1a;1a;1a;1a;1a;1a;1a;1a;1a;1a;1a;1a;1a;1a;1a;1a;1a;1a;1a;1a;1a;1a;1a;1a;1a;1a;1a;1a;1a;1a
SG1|1a;1a;1a;1a;1a;1a;1a;1a;1a;1a;1a;1a;1a;1a;1a;1a;1a;1a;1a;1a;1a;1a;1a;1a;1a;1a;1a;1a;1a;1a,1,35,orbit9_fp2,wyckoff_orbit,9,1a,3,2,True,torus_fractional_coordinate,1a;1a;1a;1a;1a;1a;1a;1a;1a;1a;1a;1a;1a;1a;1a;1a;1a;1a;1a;1a;1a;1a;1a;1a;1a;1a;1a;1a;1a;1a
SG1|1a;1a;1a;1a;1a;1a;1a;1a;1a;1a;1a;1a;1a;1a;1a;1a;1a;1a;1a;1a;1a;1a;1a;1a;1a;1a;1a;1a;1a;1a,1,36,orbit10_fp0,wyckoff_orbit,10,1a,3,0,True,torus_fractional_coordinate,1a;1a;1a;1a;1a;1a;1a;1a;1a;1a;1a;1a;1a;1a;1a;1a;1a;1a;1a;1a;1a;1a;1a;1a;1a;1a;1a;1a;1a;1a
SG1|1a;1a;1a;1a;1a;1a;1a;1a;1a;1a;1a;1a;1a;1a;1a;1a;1a;1a;1a;1a;1a;1a;1a;1a;1a;1a;1a;1a;1a;1a,1,37,orbit10_fp1,wyckoff_orbit,10,1a,3,1,True,torus_fractional_coordinate,1a;1a;1a;1a;1a;1a;1a;1a;1a;1a;1a;1a;1a;1a;1a;1a;1a;1a;1a;1a;1a;1a;1a;1a;1a;1a;1a;1a;1a;1a
SG1|1a;1a;1a;1a;1a;1a;1a;1a;1a;1a;1a;1a;1a;1a;1a;1a;1a;1a;1a;1a;1a;1a;1a;1a;1a;1a;1a;1a;1a;1a,1,38,orbit10_fp2,wyckoff_orbit,10,1a,3,2,True,torus_fractional_coordinate,1a;1a;1a;1a;1a;1a;1a;1a;1a;1a;1a;1a;1a;1a;1a;1a;1a;1a;1a;1a;1a;1a;1a;1a;1a;1a;1a;1a;1a;1a
SG1|1a;1a;1a;1a;1a;1a;1a;1a;1a;1a;1a;1a;1a;1a;1a;1a;1a;1a;1a;1a;1a;1a;1a;1a;1a;1a;1a;1a;1a;1a,1,39,orbit11_fp0,wyckoff_orbit,11,1a,3,0,True,torus_fractional_coordinate,1a;1a;1a;1a;1a;1a;1a;1a;1a;1a;1a;1a;1a;1a;1a;1a;1a;1a;1a;1a;1a;1a;1a;1a;1a;1a;1a;1a;1a;1a
SG1|1a;1a;1a;1a;1a;1a;1a;1a;1a;1a;1a;1a;1a;1a;1a;1a;1a;1a;1a;1a;1a;1a;1a;1a;1a;1a;1a;1a;1a;1a,1,40,orbit11_fp1,wyckoff_orbit,11,1a,3,1,True,torus_fractional_coordinate,1a;1a;1a;1a;1a;1a;1a;1a;1a;1a;1a;1a;1a;1a;1a;1a;1a;1a;1a;1a;1a;1a;1a;1a;1a;1a;1a;1a;1a;1a
SG1|1a;1a;1a;1a;1a;1a;1a;1a;1a;1a;1a;1a;1a;1a;1a;1a;1a;1a;1a;1a;1a;1a;1a;1a;1a;1a;1a;1a;1a;1a,1,41,orbit11_fp2,wyckoff_orbit,11,1a,3,2,True,torus_fractional_coordinate,1a;1a;1a;1a;1a;1a;1a;1a;1a;1a;1a;1a;1a;1a;1a;1a;1a;1a;1a;1a;1a;1a;1a;1a;1a;1a;1a;1a;1a;1a
SG1|1a;1a;1a;1a;1a;1a;1a;1a;1a;1a;1a;1a;1a;1a;1a;1a;1a;1a;1a;1a;1a;1a;1a;1a;1a;1a;1a;1a;1a;1a,1,42,orbit12_fp0,wyckoff_orbit,12,1a,3,0,True,torus_fractional_coordinate,1a;1a;1a;1a;1a;1a;1a;1a;1a;1a;1a;1a;1a;1a;1a;1a;1a;1a;1a;1a;1a;1a;1a;1a;1a;1a;1a;1a;1a;1a
SG1|1a;1a;1a;1a;1a;1a;1a;1a;1a;1a;1a;1a;1a;1a;1a;1a;1a;1a;1a;1a;1a;1a;1a;1a;1a;1a;1a;1a;1a;1a,1,43,orbit12_fp1,wyckoff_orbit,12,1a,3,1,True,torus_fractional_coordinate,1a;1a;1a;1a;1a;1a;1a;1a;1a;1a;1a;1a;1a;1a;1a;1a;1a;1a;1a;1a;1a;1a;1a;1a;1a;1a;1a;1a;1a;1a
SG1|1a;1a;1a;1a;1a;1a;1a;1a;1a;1a;1a;1a;1a;1a;1a;1a;1a;1a;1a;1a;1a;1a;1a;1a;1a;1a;1a;1a;1a;1a,1,44,orbit12_fp2,wyckoff_orbit,12,1a,3,2,True,torus_fractional_coordinate,1a;1a;1a;1a;1a;1a;1a;1a;1a;1a;1a;1a;1a;1a;1a;1a;1a;1a;1a;1a;1a;1a;1a;1a;1a;1a;1a;1a;1a;1a
SG1|1a;1a;1a;1a;1a;1a;1a;1a;1a;1a;1a;1a;1a;1a;1a;1a;1a;1a;1a;1a;1a;1a;1a;1a;1a;1a;1a;1a;1a;1a,1,45,orbit13_fp0,wyckoff_orbit,13,1a,3,0,True,torus_fractional_coordinate,1a;1a;1a;1a;1a;1a;1a;1a;1a;1a;1a;1a;1a;1a;1a;1a;1a;1a;1a;1a;1a;1a;1a;1a;1a;1a;1a;1a;1a;1a
SG1|1a;1a;1a;1a;1a;1a;1a;1a;1a;1a;1a;1a;1a;1a;1a;1a;1a;1a;1a;1a;1a;1a;1a;1a;1a;1a;1a;1a;1a;1a,1,46,orbit13_fp1,wyckoff_orbit,13,1a,3,1,True,torus_fractional_coordinate,1a;1a;1a;1a;1a;1a;1a;1a;1a;1a;1a;1a;1a;1a;1a;1a;1a;1a;1a;1a;1a;1a;1a;1a;1a;1a;1a;1a;1a;1a
SG1|1a;1a;1a;1a;1a;1a;1a;1a;1a;1a;1a;1a;1a;1a;1a;1a;1a;1a;1a;1a;1a;1a;1a;1a;1a;1a;1a;1a;1a;1a,1,47,orbit13_fp2,wyckoff_orbit,13,1a,3,2,True,torus_fractional_coordinate,1a;1a;1a;1a;1a;1a;1a;1a;1a;1a;1a;1a;1a;1a;1a;1a;1a;1a;1a;1a;1a;1a;1a;1a;1a;1a;1a;1a;1a;1a
SG1|1a;1a;1a;1a;1a;1a;1a;1a;1a;1a;1a;1a;1a;1a;1a;1a;1a;1a;1a;1a;1a;1a;1a;1a;1a;1a;1a;1a;1a;1a,1,48,orbit14_fp0,wyckoff_orbit,14,1a,3,0,True,torus_fractional_coordinate,1a;1a;1a;1a;1a;1a;1a;1a;1a;1a;1a;1a;1a;1a;1a;1a;1a;1a;1a;1a;1a;1a;1a;1a;1a;1a;1a;1a;1a;1a
SG1|1a;1a;1a;1a;1a;1a;1a;1a;1a;1a;1a;1a;1a;1a;1a;1a;1a;1a;1a;1a;1a;1a;1a;1a;1a;1a;1a;1a;1a;1a,1,49,orbit14_fp1,wyckoff_orbit,14,1a,3,1,True,torus_fractional_coordinate,1a;1a;1a;1a;1a;1a;1a;1a;1a;1a;1a;1a;1a;1a;1a;1a;1a;1a;1a;1a;1a;1a;1a;1a;1a;1a;1a;1a;1a;1a
SG1|1a;1a;1a;1a;1a;1a;1a;1a;1a;1a;1a;1a;1a;1a;1a;1a;1a;1a;1a;1a;1a;1a;1a;1a;1a;1a;1a;1a;1a;1a,1,50,orbit14_fp2,wyckoff_orbit,14,1a,3,2,True,torus_fractional_coordinate,1a;1a;1a;1a;1a;1a;1a;1a;1a;1a;1a;1a;1a;1a;1a;1a;1a;1a;1a;1a;1a;1a;1a;1a;1a;1a;1a;1a;1a;1a
SG1|1a;1a;1a;1a;1a;1a;1a;1a;1a;1a;1a;1a;1a;1a;1a;1a;1a;1a;1a;1a;1a;1a;1a;1a;1a;1a;1a;1a;1a;1a,1,51,orbit15_fp0,wyckoff_orbit,15,1a,3,0,True,torus_fractional_coordinate,1a;1a;1a;1a;1a;1a;1a;1a;1a;1a;1a;1a;1a;1a;1a;1a;1a;1a;1a;1a;1a;1a;1a;1a;1a;1a;1a;1a;1a;1a
SG1|1a;1a;1a;1a;1a;1a;1a;1a;1a;1a;1a;1a;1a;1a;1a;1a;1a;1a;1a;1a;1a;1a;1a;1a;1a;1a;1a;1a;1a;1a,1,52,orbit15_fp1,wyckoff_orbit,15,1a,3,1,True,torus_fractional_coordinate,1a;1a;1a;1a;1a;1a;1a;1a;1a;1a;1a;1a;1a;1a;1a;1a;1a;1a;1a;1a;1a;1a;1a;1a;1a;1a;1a;1a;1a;1a
SG1|1a;1a;1a;1a;1a;1a;1a;1a;1a;1a;1a;1a;1a;1a;1a;1a;1a;1a;1a;1a;1a;1a;1a;1a;1a;1a;1a;1a;1a;1a,1,53,orbit15_fp2,wyckoff_orbit,15,1a,3,2,True,torus_fractional_coordinate,1a;1a;1a;1a;1a;1a;1a;1a;1a;1a;1a;1a;1a;1a;1a;1a;1a;1a;1a;1a;1a;1a;1a;1a;1a;1a;1a;1a;1a;1a
SG1|1a;1a;1a;1a;1a;1a;1a;1a;1a;1a;1a;1a;1a;1a;1a;1a;1a;1a;1a;1a;1a;1a;1a;1a;1a;1a;1a;1a;1a;1a,1,54,orbit16_fp0,wyckoff_orbit,16,1a,3,0,True,torus_fractional_coordinate,1a;1a;1a;1a;1a;1a;1a;1a;1a;1a;1a;1a;1a;1a;1a;1a;1a;1a;1a;1a;1a;1a;1a;1a;1a;1a;1a;1a;1a;1a
SG1|1a;1a;1a;1a;1a;1a;1a;1a;1a;1a;1a;1a;1a;1a;1a;1a;1a;1a;1a;1a;1a;1a;1a;1a;1a;1a;1a;1a;1a;1a,1,55,orbit16_fp1,wyckoff_orbit,16,1a,3,1,True,torus_fractional_coordinate,1a;1a;1a;1a;1a;1a;1a;1a;1a;1a;1a;1a;1a;1a;1a;1a;1a;1a;1a;1a;1a;1a;1a;1a;1a;1a;1a;1a;1a;1a
SG1|1a;1a;1a;1a;1a;1a;1a;1a;1a;1a;1a;1a;1a;1a;1a;1a;1a;1a;1a;1a;1a;1a;1a;1a;1a;1a;1a;1a;1a;1a,1,56,orbit16_fp2,wyckoff_orbit,16,1a,3,2,True,torus_fractional_coordinate,1a;1a;1a;1a;1a;1a;1a;1a;1a;1a;1a;1a;1a;1a;1a;1a;1a;1a;1a;1a;1a;1a;1a;1a;1a;1a;1a;1a;1a;1a
SG1|1a;1a;1a;1a;1a;1a;1a;1a;1a;1a;1a;1a;1a;1a;1a;1a;1a;1a;1a;1a;1a;1a;1a;1a;1a;1a;1a;1a;1a;1a,1,57,orbit17_fp0,wyckoff_orbit,17,1a,3,0,True,torus_fractional_coordinate,1a;1a;1a;1a;1a;1a;1a;1a;1a;1a;1a;1a;1a;1a;1a;1a;1a;1a;1a;1a;1a;1a;1a;1a;1a;1a;1a;1a;1a;1a
SG1|1a;1a;1a;1a;1a;1a;1a;1a;1a;1a;1a;1a;1a;1a;1a;1a;1a;1a;1a;1a;1a;1a;1a;1a;1a;1a;1a;1a;1a;1a,1,58,orbit17_fp1,wyckoff_orbit,17,1a,3,1,True,torus_fractional_coordinate,1a;1a;1a;1a;1a;1a;1a;1a;1a;1a;1a;1a;1a;1a;1a;1a;1a;1a;1a;1a;1a;1a;1a;1a;1a;1a;1a;1a;1a;1a
SG1|1a;1a;1a;1a;1a;1a;1a;1a;1a;1a;1a;1a;1a;1a;1a;1a;1a;1a;1a;1a;1a;1a;1a;1a;1a;1a;1a;1a;1a;1a,1,59,orbit17_fp2,wyckoff_orbit,17,1a,3,2,True,torus_fractional_coordinate,1a;1a;1a;1a;1a;1a;1a;1a;1a;1a;1a;1a;1a;1a;1a;1a;1a;1a;1a;1a;1a;1a;1a;1a;1a;1a;1a;1a;1a;1a
SG1|1a;1a;1a;1a;1a;1a;1a;1a;1a;1a;1a;1a;1a;1a;1a;1a;1a;1a;1a;1a;1a;1a;1a;1a;1a;1a;1a;1a;1a;1a,1,60,orbit18_fp0,wyckoff_orbit,18,1a,3,0,True,torus_fractional_coordinate,1a;1a;1a;1a;1a;1a;1a;1a;1a;1a;1a;1a;1a;1a;1a;1a;1a;1a;1a;1a;1a;1a;1a;1a;1a;1a;1a;1a;1a;1a
SG1|1a;1a;1a;1a;1a;1a;1a;1a;1a;1a;1a;1a;1a;1a;1a;1a;1a;1a;1a;1a;1a;1a;1a;1a;1a;1a;1a;1a;1a;1a,1,61,orbit18_fp1,wyckoff_orbit,18,1a,3,1,True,torus_fractional_coordinate,1a;1a;1a;1a;1a;1a;1a;1a;1a;1a;1a;1a;1a;1a;1a;1a;1a;1a;1a;1a;1a;1a;1a;1a;1a;1a;1a;1a;1a;1a
SG1|1a;1a;1a;1a;1a;1a;1a;1a;1a;1a;1a;1a;1a;1a;1a;1a;1a;1a;1a;1a;1a;1a;1a;1a;1a;1a;1a;1a;1a;1a,1,62,orbit18_fp2,wyckoff_orbit,18,1a,3,2,True,torus_fractional_coordinate,1a;1a;1a;1a;1a;1a;1a;1a;1a;1a;1a;1a;1a;1a;1a;1a;1a;1a;1a;1a;1a;1a;1a;1a;1a;1a;1a;1a;1a;1a
SG1|1a;1a;1a;1a;1a;1a;1a;1a;1a;1a;1a;1a;1a;1a;1a;1a;1a;1a;1a;1a;1a;1a;1a;1a;1a;1a;1a;1a;1a;1a,1,63,orbit19_fp0,wyckoff_orbit,19,1a,3,0,True,torus_fractional_coordinate,1a;1a;1a;1a;1a;1a;1a;1a;1a;1a;1a;1a;1a;1a;1a;1a;1a;1a;1a;1a;1a;1a;1a;1a;1a;1a;1a;1a;1a;1a
SG1|1a;1a;1a;1a;1a;1a;1a;1a;1a;1a;1a;1a;1a;1a;1a;1a;1a;1a;1a;1a;1a;1a;1a;1a;1a;1a;1a;1a;1a;1a,1,64,orbit19_fp1,wyckoff_orbit,19,1a,3,1,True,torus_fractional_coordinate,1a;1a;1a;1a;1a;1a;1a;1a;1a;1a;1a;1a;1a;1a;1a;1a;1a;1a;1a;1a;1a;1a;1a;1a;1a;1a;1a;1a;1a;1a
SG1|1a;1a;1a;1a;1a;1a;1a;1a;1a;1a;1a;1a;1a;1a;1a;1a;1a;1a;1a;1a;1a;1a;1a;1a;1a;1a;1a;1a;1a;1a,1,65,orbit19_fp2,wyckoff_orbit,19,1a,3,2,True,torus_fractional_coordinate,1a;1a;1a;1a;1a;1a;1a;1a;1a;1a;1a;1a;1a;1a;1a;1a;1a;1a;1a;1a;1a;1a;1a;1a;1a;1a;1a;1a;1a;1a
SG1|1a;1a;1a;1a;1a;1a;1a;1a;1a;1a;1a;1a;1a;1a;1a;1a;1a;1a;1a;1a;1a;1a;1a;1a;1a;1a;1a;1a;1a;1a,1,66,orbit20_fp0,wyckoff_orbit,20,1a,3,0,True,torus_fractional_coordinate,1a;1a;1a;1a;1a;1a;1a;1a;1a;1a;1a;1a;1a;1a;1a;1a;1a;1a;1a;1a;1a;1a;1a;1a;1a;1a;1a;1a;1a;1a
SG1|1a;1a;1a;1a;1a;1a;1a;1a;1a;1a;1a;1a;1a;1a;1a;1a;1a;1a;1a;1a;1a;1a;1a;1a;1a;1a;1a;1a;1a;1a,1,67,orbit20_fp1,wyckoff_orbit,20,1a,3,1,True,torus_fractional_coordinate,1a;1a;1a;1a;1a;1a;1a;1a;1a;1a;1a;1a;1a;1a;1a;1a;1a;1a;1a;1a;1a;1a;1a;1a;1a;1a;1a;1a;1a;1a
SG1|1a;1a;1a;1a;1a;1a;1a;1a;1a;1a;1a;1a;1a;1a;1a;1a;1a;1a;1a;1a;1a;1a;1a;1a;1a;1a;1a;1a;1a;1a,1,68,orbit20_fp2,wyckoff_orbit,20,1a,3,2,True,torus_fractional_coordinate,1a;1a;1a;1a;1a;1a;1a;1a;1a;1a;1a;1a;1a;1a;1a;1a;1a;1a;1a;1a;1a;1a;1a;1a;1a;1a;1a;1a;1a;1a
SG1|1a;1a;1a;1a;1a;1a;1a;1a;1a;1a;1a;1a;1a;1a;1a;1a;1a;1a;1a;1a;1a;1a;1a;1a;1a;1a;1a;1a;1a;1a,1,69,orbit21_fp0,wyckoff_orbit,21,1a,3,0,True,torus_fractional_coordinate,1a;1a;1a;1a;1a;1a;1a;1a;1a;1a;1a;1a;1a;1a;1a;1a;1a;1a;1a;1a;1a;1a;1a;1a;1a;1a;1a;1a;1a;1a
SG1|1a;1a;1a;1a;1a;1a;1a;1a;1a;1a;1a;1a;1a;1a;1a;1a;1a;1a;1a;1a;1a;1a;1a;1a;1a;1a;1a;1a;1a;1a,1,70,orbit21_fp1,wyckoff_orbit,21,1a,3,1,True,torus_fractional_coordinate,1a;1a;1a;1a;1a;1a;1a;1a;1a;1a;1a;1a;1a;1a;1a;1a;1a;1a;1a;1a;1a;1a;1a;1a;1a;1a;1a;1a;1a;1a
SG1|1a;1a;1a;1a;1a;1a;1a;1a;1a;1a;1a;1a;1a;1a;1a;1a;1a;1a;1a;1a;1a;1a;1a;1a;1a;1a;1a;1a;1a;1a,1,71,orbit21_fp2,wyckoff_orbit,21,1a,3,2,True,torus_fractional_coordinate,1a;1a;1a;1a;1a;1a;1a;1a;1a;1a;1a;1a;1a;1a;1a;1a;1a;1a;1a;1a;1a;1a;1a;1a;1a;1a;1a;1a;1a;1a
SG1|1a;1a;1a;1a;1a;1a;1a;1a;1a;1a;1a;1a;1a;1a;1a;1a;1a;1a;1a;1a;1a;1a;1a;1a;1a;1a;1a;1a;1a;1a,1,72,orbit22_fp0,wyckoff_orbit,22,1a,3,0,True,torus_fractional_coordinate,1a;1a;1a;1a;1a;1a;1a;1a;1a;1a;1a;1a;1a;1a;1a;1a;1a;1a;1a;1a;1a;1a;1a;1a;1a;1a;1a;1a;1a;1a
SG1|1a;1a;1a;1a;1a;1a;1a;1a;1a;1a;1a;1a;1a;1a;1a;1a;1a;1a;1a;1a;1a;1a;1a;1a;1a;1a;1a;1a;1a;1a,1,73,orbit22_fp1,wyckoff_orbit,22,1a,3,1,True,torus_fractional_coordinate,1a;1a;1a;1a;1a;1a;1a;1a;1a;1a;1a;1a;1a;1a;1a;1a;1a;1a;1a;1a;1a;1a;1a;1a;1a;1a;1a;1a;1a;1a
SG1|1a;1a;1a;1a;1a;1a;1a;1a;1a;1a;1a;1a;1a;1a;1a;1a;1a;1a;1a;1a;1a;1a;1a;1a;1a;1a;1a;1a;1a;1a,1,74,orbit22_fp2,wyckoff_orbit,22,1a,3,2,True,torus_fractional_coordinate,1a;1a;1a;1a;1a;1a;1a;1a;1a;1a;1a;1a;1a;1a;1a;1a;1a;1a;1a;1a;1a;1a;1a;1a;1a;1a;1a;1a;1a;1a
SG1|1a;1a;1a;1a;1a;1a;1a;1a;1a;1a;1a;1a;1a;1a;1a;1a;1a;1a;1a;1a;1a;1a;1a;1a;1a;1a;1a;1a;1a;1a,1,75,orbit23_fp0,wyckoff_orbit,23,1a,3,0,True,torus_fractional_coordinate,1a;1a;1a;1a;1a;1a;1a;1a;1a;1a;1a;1a;1a;1a;1a;1a;1a;1a;1a;1a;1a;1a;1a;1a;1a;1a;1a;1a;1a;1a
SG1|1a;1a;1a;1a;1a;1a;1a;1a;1a;1a;1a;1a;1a;1a;1a;1a;1a;1a;1a;1a;1a;1a;1a;1a;1a;1a;1a;1a;1a;1a,1,76,orbit23_fp1,wyckoff_orbit,23,1a,3,1,True,torus_fractional_coordinate,1a;1a;1a;1a;1a;1a;1a;1a;1a;1a;1a;1a;1a;1a;1a;1a;1a;1a;1a;1a;1a;1a;1a;1a;1a;1a;1a;1a;1a;1a
SG1|1a;1a;1a;1a;1a;1a;1a;1a;1a;1a;1a;1a;1a;1a;1a;1a;1a;1a;1a;1a;1a;1a;1a;1a;1a;1a;1a;1a;1a;1a,1,77,orbit23_fp2,wyckoff_orbit,23,1a,3,2,True,torus_fractional_coordinate,1a;1a;1a;1a;1a;1a;1a;1a;1a;1a;1a;1a;1a;1a;1a;1a;1a;1a;1a;1a;1a;1a;1a;1a;1a;1a;1a;1a;1a;1a
SG1|1a;1a;1a;1a;1a;1a;1a;1a;1a;1a;1a;1a;1a;1a;1a;1a;1a;1a;1a;1a;1a;1a;1a;1a;1a;1a;1a;1a;1a;1a,1,78,orbit24_fp0,wyckoff_orbit,24,1a,3,0,True,torus_fractional_coordinate,1a;1a;1a;1a;1a;1a;1a;1a;1a;1a;1a;1a;1a;1a;1a;1a;1a;1a;1a;1a;1a;1a;1a;1a;1a;1a;1a;1a;1a;1a
SG1|1a;1a;1a;1a;1a;1a;1a;1a;1a;1a;1a;1a;1a;1a;1a;1a;1a;1a;1a;1a;1a;1a;1a;1a;1a;1a;1a;1a;1a;1a,1,79,orbit24_fp1,wyckoff_orbit,24,1a,3,1,True,torus_fractional_coordinate,1a;1a;1a;1a;1a;1a;1a;1a;1a;1a;1a;1a;1a;1a;1a;1a;1a;1a;1a;1a;1a;1a;1a;1a;1a;1a;1a;1a;1a;1a
SG1|1a;1a;1a;1a;1a;1a;1a;1a;1a;1a;1a;1a;1a;1a;1a;1a;1a;1a;1a;1a;1a;1a;1a;1a;1a;1a;1a;1a;1a;1a,1,80,orbit24_fp2,wyckoff_orbit,24,1a,3,2,True,torus_fractional_coordinate,1a;1a;1a;1a;1a;1a;1a;1a;1a;1a;1a;1a;1a;1a;1a;1a;1a;1a;1a;1a;1a;1a;1a;1a;1a;1a;1a;1a;1a;1a
SG1|1a;1a;1a;1a;1a;1a;1a;1a;1a;1a;1a;1a;1a;1a;1a;1a;1a;1a;1a;1a;1a;1a;1a;1a;1a;1a;1a;1a;1a;1a,1,81,orbit25_fp0,wyckoff_orbit,25,1a,3,0,True,torus_fractional_coordinate,1a;1a;1a;1a;1a;1a;1a;1a;1a;1a;1a;1a;1a;1a;1a;1a;1a;1a;1a;1a;1a;1a;1a;1a;1a;1a;1a;1a;1a;1a
SG1|1a;1a;1a;1a;1a;1a;1a;1a;1a;1a;1a;1a;1a;1a;1a;1a;1a;1a;1a;1a;1a;1a;1a;1a;1a;1a;1a;1a;1a;1a,1,82,orbit25_fp1,wyckoff_orbit,25,1a,3,1,True,torus_fractional_coordinate,1a;1a;1a;1a;1a;1a;1a;1a;1a;1a;1a;1a;1a;1a;1a;1a;1a;1a;1a;1a;1a;1a;1a;1a;1a;1a;1a;1a;1a;1a
SG1|1a;1a;1a;1a;1a;1a;1a;1a;1a;1a;1a;1a;1a;1a;1a;1a;1a;1a;1a;1a;1a;1a;1a;1a;1a;1a;1a;1a;1a;1a,1,83,orbit25_fp2,wyckoff_orbit,25,1a,3,2,True,torus_fractional_coordinate,1a;1a;1a;1a;1a;1a;1a;1a;1a;1a;1a;1a;1a;1a;1a;1a;1a;1a;1a;1a;1a;1a;1a;1a;1a;1a;1a;1a;1a;1a
SG1|1a;1a;1a;1a;1a;1a;1a;1a;1a;1a;1a;1a;1a;1a;1a;1a;1a;1a;1a;1a;1a;1a;1a;1a;1a;1a;1a;1a;1a;1a,1,84,orbit26_fp0,wyckoff_orbit,26,1a,3,0,True,torus_fractional_coordinate,1a;1a;1a;1a;1a;1a;1a;1a;1a;1a;1a;1a;1a;1a;1a;1a;1a;1a;1a;1a;1a;1a;1a;1a;1a;1a;1a;1a;1a;1a
SG1|1a;1a;1a;1a;1a;1a;1a;1a;1a;1a;1a;1a;1a;1a;1a;1a;1a;1a;1a;1a;1a;1a;1a;1a;1a;1a;1a;1a;1a;1a,1,85,orbit26_fp1,wyckoff_orbit,26,1a,3,1,True,torus_fractional_coordinate,1a;1a;1a;1a;1a;1a;1a;1a;1a;1a;1a;1a;1a;1a;1a;1a;1a;1a;1a;1a;1a;1a;1a;1a;1a;1a;1a;1a;1a;1a
SG1|1a;1a;1a;1a;1a;1a;1a;1a;1a;1a;1a;1a;1a;1a;1a;1a;1a;1a;1a;1a;1a;1a;1a;1a;1a;1a;1a;1a;1a;1a,1,86,orbit26_fp2,wyckoff_orbit,26,1a,3,2,True,torus_fractional_coordinate,1a;1a;1a;1a;1a;1a;1a;1a;1a;1a;1a;1a;1a;1a;1a;1a;1a;1a;1a;1a;1a;1a;1a;1a;1a;1a;1a;1a;1a;1a
SG1|1a;1a;1a;1a;1a;1a;1a;1a;1a;1a;1a;1a;1a;1a;1a;1a;1a;1a;1a;1a;1a;1a;1a;1a;1a;1a;1a;1a;1a;1a,1,87,orbit27_fp0,wyckoff_orbit,27,1a,3,0,True,torus_fractional_coordinate,1a;1a;1a;1a;1a;1a;1a;1a;1a;1a;1a;1a;1a;1a;1a;1a;1a;1a;1a;1a;1a;1a;1a;1a;1a;1a;1a;1a;1a;1a
SG1|1a;1a;1a;1a;1a;1a;1a;1a;1a;1a;1a;1a;1a;1a;1a;1a;1a;1a;1a;1a;1a;1a;1a;1a;1a;1a;1a;1a;1a;1a,1,88,orbit27_fp1,wyckoff_orbit,27,1a,3,1,True,torus_fractional_coordinate,1a;1a;1a;1a;1a;1a;1a;1a;1a;1a;1a;1a;1a;1a;1a;1a;1a;1a;1a;1a;1a;1a;1a;1a;1a;1a;1a;1a;1a;1a
SG1|1a;1a;1a;1a;1a;1a;1a;1a;1a;1a;1a;1a;1a;1a;1a;1a;1a;1a;1a;1a;1a;1a;1a;1a;1a;1a;1a;1a;1a;1a,1,89,orbit27_fp2,wyckoff_orbit,27,1a,3,2,True,torus_fractional_coordinate,1a;1a;1a;1a;1a;1a;1a;1a;1a;1a;1a;1a;1a;1a;1a;1a;1a;1a;1a;1a;1a;1a;1a;1a;1a;1a;1a;1a;1a;1a
SG1|1a;1a;1a;1a;1a;1a;1a;1a;1a;1a;1a;1a;1a;1a;1a;1a;1a;1a;1a;1a;1a;1a;1a;1a;1a;1a;1a;1a;1a;1a,1,90,orbit28_fp0,wyckoff_orbit,28,1a,3,0,True,torus_fractional_coordinate,1a;1a;1a;1a;1a;1a;1a;1a;1a;1a;1a;1a;1a;1a;1a;1a;1a;1a;1a;1a;1a;1a;1a;1a;1a;1a;1a;1a;1a;1a
SG1|1a;1a;1a;1a;1a;1a;1a;1a;1a;1a;1a;1a;1a;1a;1a;1a;1a;1a;1a;1a;1a;1a;1a;1a;1a;1a;1a;1a;1a;1a,1,91,orbit28_fp1,wyckoff_orbit,28,1a,3,1,True,torus_fractional_coordinate,1a;1a;1a;1a;1a;1a;1a;1a;1a;1a;1a;1a;1a;1a;1a;1a;1a;1a;1a;1a;1a;1a;1a;1a;1a;1a;1a;1a;1a;1a
SG1|1a;1a;1a;1a;1a;1a;1a;1a;1a;1a;1a;1a;1a;1a;1a;1a;1a;1a;1a;1a;1a;1a;1a;1a;1a;1a;1a;1a;1a;1a,1,92,orbit28_fp2,wyckoff_orbit,28,1a,3,2,True,torus_fractional_coordinate,1a;1a;1a;1a;1a;1a;1a;1a;1a;1a;1a;1a;1a;1a;1a;1a;1a;1a;1a;1a;1a;1a;1a;1a;1a;1a;1a;1a;1a;1a
SG1|1a;1a;1a;1a;1a;1a;1a;1a;1a;1a;1a;1a;1a;1a;1a;1a;1a;1a;1a;1a;1a;1a;1a;1a;1a;1a;1a;1a;1a;1a,1,93,orbit29_fp0,wyckoff_orbit,29,1a,3,0,True,torus_fractional_coordinate,1a;1a;1a;1a;1a;1a;1a;1a;1a;1a;1a;1a;1a;1a;1a;1a;1a;1a;1a;1a;1a;1a;1a;1a;1a;1a;1a;1a;1a;1a
SG1|1a;1a;1a;1a;1a;1a;1a;1a;1a;1a;1a;1a;1a;1a;1a;1a;1a;1a;1a;1a;1a;1a;1a;1a;1a;1a;1a;1a;1a;1a,1,94,orbit29_fp1,wyckoff_orbit,29,1a,3,1,True,torus_fractional_coordinate,1a;1a;1a;1a;1a;1a;1a;1a;1a;1a;1a;1a;1a;1a;1a;1a;1a;1a;1a;1a;1a;1a;1a;1a;1a;1a;1a;1a;1a;1a
SG1|1a;1a;1a;1a;1a;1a;1a;1a;1a;1a;1a;1a;1a;1a;1a;1a;1a;1a;1a;1a;1a;1a;1a;1a;1a;1a;1a;1a;1a;1a,1,95,orbit29_fp2,wyckoff_orbit,29,1a,3,2,True,torus_fractional_coordinate,1a;1a;1a;1a;1a;1a;1a;1a;1a;1a;1a;1a;1a;1a;1a;1a;1a;1a;1a;1a;1a;1a;1a;1a;1a;1a;1a;1a;1a;1a
SG1|1a;1a;1a;1a;1a;1a;1a;1a;1a;1a;1a;1a;1a;1a;1a;1a;1a;1a;1a;1a;1a;1a;1a;1a;1a;1a;1a;1a,1,0,lattice_a,lattice,-1,,0,-1,False,positive_length,1a;1a;1a;1a;1a;1a;1a;1a;1a;1a;1a;1a;1a;1a;1a;1a;1a;1a;1a;1a;1a;1a;1a;1a;1a;1a;1a;1a
SG1|1a;1a;1a;1a;1a;1a;1a;1a;1a;1a;1a;1a;1a;1a;1a;1a;1a;1a;1a;1a;1a;1a;1a;1a;1a;1a;1a;1a,1,1,lattice_b,lattice,-1,,0,-1,False,positive_length,1a;1a;1a;1a;1a;1a;1a;1a;1a;1a;1a;1a;1a;1a;1a;1a;1a;1a;1a;1a;1a;1a;1a;1a;1a;1a;1a;1a
SG1|1a;1a;1a;1a;1a;1a;1a;1a;1a;1a;1a;1a;1a;1a;1a;1a;1a;1a;1a;1a;1a;1a;1a;1a;1a;1a;1a;1a,1,2,lattice_c,lattice,-1,,0,-1,False,positive_length,1a;1a;1a;1a;1a;1a;1a;1a;1a;1a;1a;1a;1a;1a;1a;1a;1a;1a;1a;1a;1a;1a;1a;1a;1a;1a;1a;1a
SG1|1a;1a;1a;1a;1a;1a;1a;1a;1a;1a;1a;1a;1a;1a;1a;1a;1a;1a;1a;1a;1a;1a;1a;1a;1a;1a;1a;1a,1,3,alpha,lattice,-1,,0,-1,False,angle_degree,1a;1a;1a;1a;1a;1a;1a;1a;1a;1a;1a;1a;1a;1a;1a;1a;1a;1a;1a;1a;1a;1a;1a;1a;1a;1a;1a;1a
SG1|1a;1a;1a;1a;1a;1a;1a;1a;1a;1a;1a;1a;1a;1a;1a;1a;1a;1a;1a;1a;1a;1a;1a;1a;1a;1a;1a;1a,1,4,beta,lattice,-1,,0,-1,False,angle_degree,1a;1a;1a;1a;1a;1a;1a;1a;1a;1a;1a;1a;1a;1a;1a;1a;1a;1a;1a;1a;1a;1a;1a;1a;1a;1a;1a;1a
SG1|1a;1a;1a;1a;1a;1a;1a;1a;1a;1a;1a;1a;1a;1a;1a;1a;1a;1a;1a;1a;1a;1a;1a;1a;1a;1a;1a;1a,1,5,gamma,lattice,-1,,0,-1,False,angle_degree,1a;1a;1a;1a;1a;1a;1a;1a;1a;1a;1a;1a;1a;1a;1a;1a;1a;1a;1a;1a;1a;1a;1a;1a;1a;1a;1a;1a
SG1|1a;1a;1a;1a;1a;1a;1a;1a;1a;1a;1a;1a;1a;1a;1a;1a;1a;1a;1a;1a;1a;1a;1a;1a;1a;1a;1a;1a,1,6,orbit0_fp0,wyckoff_orbit,0,1a,3,0,True,torus_fractional_coordinate,1a;1a;1a;1a;1a;1a;1a;1a;1a;1a;1a;1a;1a;1a;1a;1a;1a;1a;1a;1a;1a;1a;1a;1a;1a;1a;1a;1a
SG1|1a;1a;1a;1a;1a;1a;1a;1a;1a;1a;1a;1a;1a;1a;1a;1a;1a;1a;1a;1a;1a;1a;1a;1a;1a;1a;1a;1a,1,7,orbit0_fp1,wyckoff_orbit,0,1a,3,1,True,torus_fractional_coordinate,1a;1a;1a;1a;1a;1a;1a;1a;1a;1a;1a;1a;1a;1a;1a;1a;1a;1a;1a;1a;1a;1a;1a;1a;1a;1a;1a;1a
SG1|1a;1a;1a;1a;1a;1a;1a;1a;1a;1a;1a;1a;1a;1a;1a;1a;1a;1a;1a;1a;1a;1a;1a;1a;1a;1a;1a;1a,1,8,orbit0_fp2,wyckoff_orbit,0,1a,3,2,True,torus_fractional_coordinate,1a;1a;1a;1a;1a;1a;1a;1a;1a;1a;1a;1a;1a;1a;1a;1a;1a;1a;1a;1a;1a;1a;1a;1a;1a;1a;1a;1a
SG1|1a;1a;1a;1a;1a;1a;1a;1a;1a;1a;1a;1a;1a;1a;1a;1a;1a;1a;1a;1a;1a;1a;1a;1a;1a;1a;1a;1a,1,9,orbit1_fp0,wyckoff_orbit,1,1a,3,0,True,torus_fractional_coordinate,1a;1a;1a;1a;1a;1a;1a;1a;1a;1a;1a;1a;1a;1a;1a;1a;1a;1a;1a;1a;1a;1a;1a;1a;1a;1a;1a;1a
SG1|1a;1a;1a;1a;1a;1a;1a;1a;1a;1a;1a;1a;1a;1a;1a;1a;1a;1a;1a;1a;1a;1a;1a;1a;1a;1a;1a;1a,1,10,orbit1_fp1,wyckoff_orbit,1,1a,3,1,True,torus_fractional_coordinate,1a;1a;1a;1a;1a;1a;1a;1a;1a;1a;1a;1a;1a;1a;1a;1a;1a;1a;1a;1a;1a;1a;1a;1a;1a;1a;1a;1a
SG1|1a;1a;1a;1a;1a;1a;1a;1a;1a;1a;1a;1a;1a;1a;1a;1a;1a;1a;1a;1a;1a;1a;1a;1a;1a;1a;1a;1a,1,11,orbit1_fp2,wyckoff_orbit,1,1a,3,2,True,torus_fractional_coordinate,1a;1a;1a;1a;1a;1a;1a;1a;1a;1a;1a;1a;1a;1a;1a;1a;1a;1a;1a;1a;1a;1a;1a;1a;1a;1a;1a;1a
SG1|1a;1a;1a;1a;1a;1a;1a;1a;1a;1a;1a;1a;1a;1a;1a;1a;1a;1a;1a;1a;1a;1a;1a;1a;1a;1a;1a;1a,1,12,orbit2_fp0,wyckoff_orbit,2,1a,3,0,True,torus_fractional_coordinate,1a;1a;1a;1a;1a;1a;1a;1a;1a;1a;1a;1a;1a;1a;1a;1a;1a;1a;1a;1a;1a;1a;1a;1a;1a;1a;1a;1a
SG1|1a;1a;1a;1a;1a;1a;1a;1a;1a;1a;1a;1a;1a;1a;1a;1a;1a;1a;1a;1a;1a;1a;1a;1a;1a;1a;1a;1a,1,13,orbit2_fp1,wyckoff_orbit,2,1a,3,1,True,torus_fractional_coordinate,1a;1a;1a;1a;1a;1a;1a;1a;1a;1a;1a;1a;1a;1a;1a;1a;1a;1a;1a;1a;1a;1a;1a;1a;1a;1a;1a;1a
SG1|1a;1a;1a;1a;1a;1a;1a;1a;1a;1a;1a;1a;1a;1a;1a;1a;1a;1a;1a;1a;1a;1a;1a;1a;1a;1a;1a;1a,1,14,orbit2_fp2,wyckoff_orbit,2,1a,3,2,True,torus_fractional_coordinate,1a;1a;1a;1a;1a;1a;1a;1a;1a;1a;1a;1a;1a;1a;1a;1a;1a;1a;1a;1a;1a;1a;1a;1a;1a;1a;1a;1a
SG1|1a;1a;1a;1a;1a;1a;1a;1a;1a;1a;1a;1a;1a;1a;1a;1a;1a;1a;1a;1a;1a;1a;1a;1a;1a;1a;1a;1a,1,15,orbit3_fp0,wyckoff_orbit,3,1a,3,0,True,torus_fractional_coordinate,1a;1a;1a;1a;1a;1a;1a;1a;1a;1a;1a;1a;1a;1a;1a;1a;1a;1a;1a;1a;1a;1a;1a;1a;1a;1a;1a;1a
SG1|1a;1a;1a;1a;1a;1a;1a;1a;1a;1a;1a;1a;1a;1a;1a;1a;1a;1a;1a;1a;1a;1a;1a;1a;1a;1a;1a;1a,1,16,orbit3_fp1,wyckoff_orbit,3,1a,3,1,True,torus_fractional_coordinate,1a;1a;1a;1a;1a;1a;1a;1a;1a;1a;1a;1a;1a;1a;1a;1a;1a;1a;1a;1a;1a;1a;1a;1a;1a;1a;1a;1a
SG1|1a;1a;1a;1a;1a;1a;1a;1a;1a;1a;1a;1a;1a;1a;1a;1a;1a;1a;1a;1a;1a;1a;1a;1a;1a;1a;1a;1a,1,17,orbit3_fp2,wyckoff_orbit,3,1a,3,2,True,torus_fractional_coordinate,1a;1a;1a;1a;1a;1a;1a;1a;1a;1a;1a;1a;1a;1a;1a;1a;1a;1a;1a;1a;1a;1a;1a;1a;1a;1a;1a;1a
SG1|1a;1a;1a;1a;1a;1a;1a;1a;1a;1a;1a;1a;1a;1a;1a;1a;1a;1a;1a;1a;1a;1a;1a;1a;1a;1a;1a;1a,1,18,orbit4_fp0,wyckoff_orbit,4,1a,3,0,True,torus_fractional_coordinate,1a;1a;1a;1a;1a;1a;1a;1a;1a;1a;1a;1a;1a;1a;1a;1a;1a;1a;1a;1a;1a;1a;1a;1a;1a;1a;1a;1a
SG1|1a;1a;1a;1a;1a;1a;1a;1a;1a;1a;1a;1a;1a;1a;1a;1a;1a;1a;1a;1a;1a;1a;1a;1a;1a;1a;1a;1a,1,19,orbit4_fp1,wyckoff_orbit,4,1a,3,1,True,torus_fractional_coordinate,1a;1a;1a;1a;1a;1a;1a;1a;1a;1a;1a;1a;1a;1a;1a;1a;1a;1a;1a;1a;1a;1a;1a;1a;1a;1a;1a;1a
SG1|1a;1a;1a;1a;1a;1a;1a;1a;1a;1a;1a;1a;1a;1a;1a;1a;1a;1a;1a;1a;1a;1a;1a;1a;1a;1a;1a;1a,1,20,orbit4_fp2,wyckoff_orbit,4,1a,3,2,True,torus_fractional_coordinate,1a;1a;1a;1a;1a;1a;1a;1a;1a;1a;1a;1a;1a;1a;1a;1a;1a;1a;1a;1a;1a;1a;1a;1a;1a;1a;1a;1a
SG1|1a;1a;1a;1a;1a;1a;1a;1a;1a;1a;1a;1a;1a;1a;1a;1a;1a;1a;1a;1a;1a;1a;1a;1a;1a;1a;1a;1a,1,21,orbit5_fp0,wyckoff_orbit,5,1a,3,0,True,torus_fractional_coordinate,1a;1a;1a;1a;1a;1a;1a;1a;1a;1a;1a;1a;1a;1a;1a;1a;1a;1a;1a;1a;1a;1a;1a;1a;1a;1a;1a;1a
SG1|1a;1a;1a;1a;1a;1a;1a;1a;1a;1a;1a;1a;1a;1a;1a;1a;1a;1a;1a;1a;1a;1a;1a;1a;1a;1a;1a;1a,1,22,orbit5_fp1,wyckoff_orbit,5,1a,3,1,True,torus_fractional_coordinate,1a;1a;1a;1a;1a;1a;1a;1a;1a;1a;1a;1a;1a;1a;1a;1a;1a;1a;1a;1a;1a;1a;1a;1a;1a;1a;1a;1a
SG1|1a;1a;1a;1a;1a;1a;1a;1a;1a;1a;1a;1a;1a;1a;1a;1a;1a;1a;1a;1a;1a;1a;1a;1a;1a;1a;1a;1a,1,23,orbit5_fp2,wyckoff_orbit,5,1a,3,2,True,torus_fractional_coordinate,1a;1a;1a;1a;1a;1a;1a;1a;1a;1a;1a;1a;1a;1a;1a;1a;1a;1a;1a;1a;1a;1a;1a;1a;1a;1a;1a;1a
SG1|1a;1a;1a;1a;1a;1a;1a;1a;1a;1a;1a;1a;1a;1a;1a;1a;1a;1a;1a;1a;1a;1a;1a;1a;1a;1a;1a;1a,1,24,orbit6_fp0,wyckoff_orbit,6,1a,3,0,True,torus_fractional_coordinate,1a;1a;1a;1a;1a;1a;1a;1a;1a;1a;1a;1a;1a;1a;1a;1a;1a;1a;1a;1a;1a;1a;1a;1a;1a;1a;1a;1a
SG1|1a;1a;1a;1a;1a;1a;1a;1a;1a;1a;1a;1a;1a;1a;1a;1a;1a;1a;1a;1a;1a;1a;1a;1a;1a;1a;1a;1a,1,25,orbit6_fp1,wyckoff_orbit,6,1a,3,1,True,torus_fractional_coordinate,1a;1a;1a;1a;1a;1a;1a;1a;1a;1a;1a;1a;1a;1a;1a;1a;1a;1a;1a;1a;1a;1a;1a;1a;1a;1a;1a;1a
SG1|1a;1a;1a;1a;1a;1a;1a;1a;1a;1a;1a;1a;1a;1a;1a;1a;1a;1a;1a;1a;1a;1a;1a;1a;1a;1a;1a;1a,1,26,orbit6_fp2,wyckoff_orbit,6,1a,3,2,True,torus_fractional_coordinate,1a;1a;1a;1a;1a;1a;1a;1a;1a;1a;1a;1a;1a;1a;1a;1a;1a;1a;1a;1a;1a;1a;1a;1a;1a;1a;1a;1a
SG1|1a;1a;1a;1a;1a;1a;1a;1a;1a;1a;1a;1a;1a;1a;1a;1a;1a;1a;1a;1a;1a;1a;1a;1a;1a;1a;1a;1a,1,27,orbit7_fp0,wyckoff_orbit,7,1a,3,0,True,torus_fractional_coordinate,1a;1a;1a;1a;1a;1a;1a;1a;1a;1a;1a;1a;1a;1a;1a;1a;1a;1a;1a;1a;1a;1a;1a;1a;1a;1a;1a;1a
SG1|1a;1a;1a;1a;1a;1a;1a;1a;1a;1a;1a;1a;1a;1a;1a;1a;1a;1a;1a;1a;1a;1a;1a;1a;1a;1a;1a;1a,1,28,orbit7_fp1,wyckoff_orbit,7,1a,3,1,True,torus_fractional_coordinate,1a;1a;1a;1a;1a;1a;1a;1a;1a;1a;1a;1a;1a;1a;1a;1a;1a;1a;1a;1a;1a;1a;1a;1a;1a;1a;1a;1a
SG1|1a;1a;1a;1a;1a;1a;1a;1a;1a;1a;1a;1a;1a;1a;1a;1a;1a;1a;1a;1a;1a;1a;1a;1a;1a;1a;1a;1a,1,29,orbit7_fp2,wyckoff_orbit,7,1a,3,2,True,torus_fractional_coordinate,1a;1a;1a;1a;1a;1a;1a;1a;1a;1a;1a;1a;1a;1a;1a;1a;1a;1a;1a;1a;1a;1a;1a;1a;1a;1a;1a;1a
SG1|1a;1a;1a;1a;1a;1a;1a;1a;1a;1a;1a;1a;1a;1a;1a;1a;1a;1a;1a;1a;1a;1a;1a;1a;1a;1a;1a;1a,1,30,orbit8_fp0,wyckoff_orbit,8,1a,3,0,True,torus_fractional_coordinate,1a;1a;1a;1a;1a;1a;1a;1a;1a;1a;1a;1a;1a;1a;1a;1a;1a;1a;1a;1a;1a;1a;1a;1a;1a;1a;1a;1a
SG1|1a;1a;1a;1a;1a;1a;1a;1a;1a;1a;1a;1a;1a;1a;1a;1a;1a;1a;1a;1a;1a;1a;1a;1a;1a;1a;1a;1a,1,31,orbit8_fp1,wyckoff_orbit,8,1a,3,1,True,torus_fractional_coordinate,1a;1a;1a;1a;1a;1a;1a;1a;1a;1a;1a;1a;1a;1a;1a;1a;1a;1a;1a;1a;1a;1a;1a;1a;1a;1a;1a;1a
SG1|1a;1a;1a;1a;1a;1a;1a;1a;1a;1a;1a;1a;1a;1a;1a;1a;1a;1a;1a;1a;1a;1a;1a;1a;1a;1a;1a;1a,1,32,orbit8_fp2,wyckoff_orbit,8,1a,3,2,True,torus_fractional_coordinate,1a;1a;1a;1a;1a;1a;1a;1a;1a;1a;1a;1a;1a;1a;1a;1a;1a;1a;1a;1a;1a;1a;1a;1a;1a;1a;1a;1a
SG1|1a;1a;1a;1a;1a;1a;1a;1a;1a;1a;1a;1a;1a;1a;1a;1a;1a;1a;1a;1a;1a;1a;1a;1a;1a;1a;1a;1a,1,33,orbit9_fp0,wyckoff_orbit,9,1a,3,0,True,torus_fractional_coordinate,1a;1a;1a;1a;1a;1a;1a;1a;1a;1a;1a;1a;1a;1a;1a;1a;1a;1a;1a;1a;1a;1a;1a;1a;1a;1a;1a;1a
SG1|1a;1a;1a;1a;1a;1a;1a;1a;1a;1a;1a;1a;1a;1a;1a;1a;1a;1a;1a;1a;1a;1a;1a;1a;1a;1a;1a;1a,1,34,orbit9_fp1,wyckoff_orbit,9,1a,3,1,True,torus_fractional_coordinate,1a;1a;1a;1a;1a;1a;1a;1a;1a;1a;1a;1a;1a;1a;1a;1a;1a;1a;1a;1a;1a;1a;1a;1a;1a;1a;1a;1a
SG1|1a;1a;1a;1a;1a;1a;1a;1a;1a;1a;1a;1a;1a;1a;1a;1a;1a;1a;1a;1a;1a;1a;1a;1a;1a;1a;1a;1a,1,35,orbit9_fp2,wyckoff_orbit,9,1a,3,2,True,torus_fractional_coordinate,1a;1a;1a;1a;1a;1a;1a;1a;1a;1a;1a;1a;1a;1a;1a;1a;1a;1a;1a;1a;1a;1a;1a;1a;1a;1a;1a;1a
SG1|1a;1a;1a;1a;1a;1a;1a;1a;1a;1a;1a;1a;1a;1a;1a;1a;1a;1a;1a;1a;1a;1a;1a;1a;1a;1a;1a;1a,1,36,orbit10_fp0,wyckoff_orbit,10,1a,3,0,True,torus_fractional_coordinate,1a;1a;1a;1a;1a;1a;1a;1a;1a;1a;1a;1a;1a;1a;1a;1a;1a;1a;1a;1a;1a;1a;1a;1a;1a;1a;1a;1a
SG1|1a;1a;1a;1a;1a;1a;1a;1a;1a;1a;1a;1a;1a;1a;1a;1a;1a;1a;1a;1a;1a;1a;1a;1a;1a;1a;1a;1a,1,37,orbit10_fp1,wyckoff_orbit,10,1a,3,1,True,torus_fractional_coordinate,1a;1a;1a;1a;1a;1a;1a;1a;1a;1a;1a;1a;1a;1a;1a;1a;1a;1a;1a;1a;1a;1a;1a;1a;1a;1a;1a;1a
SG1|1a;1a;1a;1a;1a;1a;1a;1a;1a;1a;1a;1a;1a;1a;1a;1a;1a;1a;1a;1a;1a;1a;1a;1a;1a;1a;1a;1a,1,38,orbit10_fp2,wyckoff_orbit,10,1a,3,2,True,torus_fractional_coordinate,1a;1a;1a;1a;1a;1a;1a;1a;1a;1a;1a;1a;1a;1a;1a;1a;1a;1a;1a;1a;1a;1a;1a;1a;1a;1a;1a;1a
SG1|1a;1a;1a;1a;1a;1a;1a;1a;1a;1a;1a;1a;1a;1a;1a;1a;1a;1a;1a;1a;1a;1a;1a;1a;1a;1a;1a;1a,1,39,orbit11_fp0,wyckoff_orbit,11,1a,3,0,True,torus_fractional_coordinate,1a;1a;1a;1a;1a;1a;1a;1a;1a;1a;1a;1a;1a;1a;1a;1a;1a;1a;1a;1a;1a;1a;1a;1a;1a;1a;1a;1a
SG1|1a;1a;1a;1a;1a;1a;1a;1a;1a;1a;1a;1a;1a;1a;1a;1a;1a;1a;1a;1a;1a;1a;1a;1a;1a;1a;1a;1a,1,40,orbit11_fp1,wyckoff_orbit,11,1a,3,1,True,torus_fractional_coordinate,1a;1a;1a;1a;1a;1a;1a;1a;1a;1a;1a;1a;1a;1a;1a;1a;1a;1a;1a;1a;1a;1a;1a;1a;1a;1a;1a;1a
SG1|1a;1a;1a;1a;1a;1a;1a;1a;1a;1a;1a;1a;1a;1a;1a;1a;1a;1a;1a;1a;1a;1a;1a;1a;1a;1a;1a;1a,1,41,orbit11_fp2,wyckoff_orbit,11,1a,3,2,True,torus_fractional_coordinate,1a;1a;1a;1a;1a;1a;1a;1a;1a;1a;1a;1a;1a;1a;1a;1a;1a;1a;1a;1a;1a;1a;1a;1a;1a;1a;1a;1a
SG1|1a;1a;1a;1a;1a;1a;1a;1a;1a;1a;1a;1a;1a;1a;1a;1a;1a;1a;1a;1a;1a;1a;1a;1a;1a;1a;1a;1a,1,42,orbit12_fp0,wyckoff_orbit,12,1a,3,0,True,torus_fractional_coordinate,1a;1a;1a;1a;1a;1a;1a;1a;1a;1a;1a;1a;1a;1a;1a;1a;1a;1a;1a;1a;1a;1a;1a;1a;1a;1a;1a;1a
SG1|1a;1a;1a;1a;1a;1a;1a;1a;1a;1a;1a;1a;1a;1a;1a;1a;1a;1a;1a;1a;1a;1a;1a;1a;1a;1a;1a;1a,1,43,orbit12_fp1,wyckoff_orbit,12,1a,3,1,True,torus_fractional_coordinate,1a;1a;1a;1a;1a;1a;1a;1a;1a;1a;1a;1a;1a;1a;1a;1a;1a;1a;1a;1a;1a;1a;1a;1a;1a;1a;1a;1a
SG1|1a;1a;1a;1a;1a;1a;1a;1a;1a;1a;1a;1a;1a;1a;1a;1a;1a;1a;1a;1a;1a;1a;1a;1a;1a;1a;1a;1a,1,44,orbit12_fp2,wyckoff_orbit,12,1a,3,2,True,torus_fractional_coordinate,1a;1a;1a;1a;1a;1a;1a;1a;1a;1a;1a;1a;1a;1a;1a;1a;1a;1a;1a;1a;1a;1a;1a;1a;1a;1a;1a;1a
SG1|1a;1a;1a;1a;1a;1a;1a;1a;1a;1a;1a;1a;1a;1a;1a;1a;1a;1a;1a;1a;1a;1a;1a;1a;1a;1a;1a;1a,1,45,orbit13_fp0,wyckoff_orbit,13,1a,3,0,True,torus_fractional_coordinate,1a;1a;1a;1a;1a;1a;1a;1a;1a;1a;1a;1a;1a;1a;1a;1a;1a;1a;1a;1a;1a;1a;1a;1a;1a;1a;1a;1a
SG1|1a;1a;1a;1a;1a;1a;1a;1a;1a;1a;1a;1a;1a;1a;1a;1a;1a;1a;1a;1a;1a;1a;1a;1a;1a;1a;1a;1a,1,46,orbit13_fp1,wyckoff_orbit,13,1a,3,1,True,torus_fractional_coordinate,1a;1a;1a;1a;1a;1a;1a;1a;1a;1a;1a;1a;1a;1a;1a;1a;1a;1a;1a;1a;1a;1a;1a;1a;1a;1a;1a;1a
SG1|1a;1a;1a;1a;1a;1a;1a;1a;1a;1a;1a;1a;1a;1a;1a;1a;1a;1a;1a;1a;1a;1a;1a;1a;1a;1a;1a;1a,1,47,orbit13_fp2,wyckoff_orbit,13,1a,3,2,True,torus_fractional_coordinate,1a;1a;1a;1a;1a;1a;1a;1a;1a;1a;1a;1a;1a;1a;1a;1a;1a;1a;1a;1a;1a;1a;1a;1a;1a;1a;1a;1a
SG1|1a;1a;1a;1a;1a;1a;1a;1a;1a;1a;1a;1a;1a;1a;1a;1a;1a;1a;1a;1a;1a;1a;1a;1a;1a;1a;1a;1a,1,48,orbit14_fp0,wyckoff_orbit,14,1a,3,0,True,torus_fractional_coordinate,1a;1a;1a;1a;1a;1a;1a;1a;1a;1a;1a;1a;1a;1a;1a;1a;1a;1a;1a;1a;1a;1a;1a;1a;1a;1a;1a;1a
SG1|1a;1a;1a;1a;1a;1a;1a;1a;1a;1a;1a;1a;1a;1a;1a;1a;1a;1a;1a;1a;1a;1a;1a;1a;1a;1a;1a;1a,1,49,orbit14_fp1,wyckoff_orbit,14,1a,3,1,True,torus_fractional_coordinate,1a;1a;1a;1a;1a;1a;1a;1a;1a;1a;1a;1a;1a;1a;1a;1a;1a;1a;1a;1a;1a;1a;1a;1a;1a;1a;1a;1a
SG1|1a;1a;1a;1a;1a;1a;1a;1a;1a;1a;1a;1a;1a;1a;1a;1a;1a;1a;1a;1a;1a;1a;1a;1a;1a;1a;1a;1a,1,50,orbit14_fp2,wyckoff_orbit,14,1a,3,2,True,torus_fractional_coordinate,1a;1a;1a;1a;1a;1a;1a;1a;1a;1a;1a;1a;1a;1a;1a;1a;1a;1a;1a;1a;1a;1a;1a;1a;1a;1a;1a;1a
SG1|1a;1a;1a;1a;1a;1a;1a;1a;1a;1a;1a;1a;1a;1a;1a;1a;1a;1a;1a;1a;1a;1a;1a;1a;1a;1a;1a;1a,1,51,orbit15_fp0,wyckoff_orbit,15,1a,3,0,True,torus_fractional_coordinate,1a;1a;1a;1a;1a;1a;1a;1a;1a;1a;1a;1a;1a;1a;1a;1a;1a;1a;1a;1a;1a;1a;1a;1a;1a;1a;1a;1a
SG1|1a;1a;1a;1a;1a;1a;1a;1a;1a;1a;1a;1a;1a;1a;1a;1a;1a;1a;1a;1a;1a;1a;1a;1a;1a;1a;1a;1a,1,52,orbit15_fp1,wyckoff_orbit,15,1a,3,1,True,torus_fractional_coordinate,1a;1a;1a;1a;1a;1a;1a;1a;1a;1a;1a;1a;1a;1a;1a;1a;1a;1a;1a;1a;1a;1a;1a;1a;1a;1a;1a;1a
SG1|1a;1a;1a;1a;1a;1a;1a;1a;1a;1a;1a;1a;1a;1a;1a;1a;1a;1a;1a;1a;1a;1a;1a;1a;1a;1a;1a;1a,1,53,orbit15_fp2,wyckoff_orbit,15,1a,3,2,True,torus_fractional_coordinate,1a;1a;1a;1a;1a;1a;1a;1a;1a;1a;1a;1a;1a;1a;1a;1a;1a;1a;1a;1a;1a;1a;1a;1a;1a;1a;1a;1a
SG1|1a;1a;1a;1a;1a;1a;1a;1a;1a;1a;1a;1a;1a;1a;1a;1a;1a;1a;1a;1a;1a;1a;1a;1a;1a;1a;1a;1a,1,54,orbit16_fp0,wyckoff_orbit,16,1a,3,0,True,torus_fractional_coordinate,1a;1a;1a;1a;1a;1a;1a;1a;1a;1a;1a;1a;1a;1a;1a;1a;1a;1a;1a;1a;1a;1a;1a;1a;1a;1a;1a;1a
SG1|1a;1a;1a;1a;1a;1a;1a;1a;1a;1a;1a;1a;1a;1a;1a;1a;1a;1a;1a;1a;1a;1a;1a;1a;1a;1a;1a;1a,1,55,orbit16_fp1,wyckoff_orbit,16,1a,3,1,True,torus_fractional_coordinate,1a;1a;1a;1a;1a;1a;1a;1a;1a;1a;1a;1a;1a;1a;1a;1a;1a;1a;1a;1a;1a;1a;1a;1a;1a;1a;1a;1a
SG1|1a;1a;1a;1a;1a;1a;1a;1a;1a;1a;1a;1a;1a;1a;1a;1a;1a;1a;1a;1a;1a;1a;1a;1a;1a;1a;1a;1a,1,56,orbit16_fp2,wyckoff_orbit,16,1a,3,2,True,torus_fractional_coordinate,1a;1a;1a;1a;1a;1a;1a;1a;1a;1a;1a;1a;1a;1a;1a;1a;1a;1a;1a;1a;1a;1a;1a;1a;1a;1a;1a;1a
SG1|1a;1a;1a;1a;1a;1a;1a;1a;1a;1a;1a;1a;1a;1a;1a;1a;1a;1a;1a;1a;1a;1a;1a;1a;1a;1a;1a;1a,1,57,orbit17_fp0,wyckoff_orbit,17,1a,3,0,True,torus_fractional_coordinate,1a;1a;1a;1a;1a;1a;1a;1a;1a;1a;1a;1a;1a;1a;1a;1a;1a;1a;1a;1a;1a;1a;1a;1a;1a;1a;1a;1a
SG1|1a;1a;1a;1a;1a;1a;1a;1a;1a;1a;1a;1a;1a;1a;1a;1a;1a;1a;1a;1a;1a;1a;1a;1a;1a;1a;1a;1a,1,58,orbit17_fp1,wyckoff_orbit,17,1a,3,1,True,torus_fractional_coordinate,1a;1a;1a;1a;1a;1a;1a;1a;1a;1a;1a;1a;1a;1a;1a;1a;1a;1a;1a;1a;1a;1a;1a;1a;1a;1a;1a;1a
SG1|1a;1a;1a;1a;1a;1a;1a;1a;1a;1a;1a;1a;1a;1a;1a;1a;1a;1a;1a;1a;1a;1a;1a;1a;1a;1a;1a;1a,1,59,orbit17_fp2,wyckoff_orbit,17,1a,3,2,True,torus_fractional_coordinate,1a;1a;1a;1a;1a;1a;1a;1a;1a;1a;1a;1a;1a;1a;1a;1a;1a;1a;1a;1a;1a;1a;1a;1a;1a;1a;1a;1a
SG1|1a;1a;1a;1a;1a;1a;1a;1a;1a;1a;1a;1a;1a;1a;1a;1a;1a;1a;1a;1a;1a;1a;1a;1a;1a;1a;1a;1a,1,60,orbit18_fp0,wyckoff_orbit,18,1a,3,0,True,torus_fractional_coordinate,1a;1a;1a;1a;1a;1a;1a;1a;1a;1a;1a;1a;1a;1a;1a;1a;1a;1a;1a;1a;1a;1a;1a;1a;1a;1a;1a;1a
SG1|1a;1a;1a;1a;1a;1a;1a;1a;1a;1a;1a;1a;1a;1a;1a;1a;1a;1a;1a;1a;1a;1a;1a;1a;1a;1a;1a;1a,1,61,orbit18_fp1,wyckoff_orbit,18,1a,3,1,True,torus_fractional_coordinate,1a;1a;1a;1a;1a;1a;1a;1a;1a;1a;1a;1a;1a;1a;1a;1a;1a;1a;1a;1a;1a;1a;1a;1a;1a;1a;1a;1a
SG1|1a;1a;1a;1a;1a;1a;1a;1a;1a;1a;1a;1a;1a;1a;1a;1a;1a;1a;1a;1a;1a;1a;1a;1a;1a;1a;1a;1a,1,62,orbit18_fp2,wyckoff_orbit,18,1a,3,2,True,torus_fractional_coordinate,1a;1a;1a;1a;1a;1a;1a;1a;1a;1a;1a;1a;1a;1a;1a;1a;1a;1a;1a;1a;1a;1a;1a;1a;1a;1a;1a;1a
SG1|1a;1a;1a;1a;1a;1a;1a;1a;1a;1a;1a;1a;1a;1a;1a;1a;1a;1a;1a;1a;1a;1a;1a;1a;1a;1a;1a;1a,1,63,orbit19_fp0,wyckoff_orbit,19,1a,3,0,True,torus_fractional_coordinate,1a;1a;1a;1a;1a;1a;1a;1a;1a;1a;1a;1a;1a;1a;1a;1a;1a;1a;1a;1a;1a;1a;1a;1a;1a;1a;1a;1a
SG1|1a;1a;1a;1a;1a;1a;1a;1a;1a;1a;1a;1a;1a;1a;1a;1a;1a;1a;1a;1a;1a;1a;1a;1a;1a;1a;1a;1a,1,64,orbit19_fp1,wyckoff_orbit,19,1a,3,1,True,torus_fractional_coordinate,1a;1a;1a;1a;1a;1a;1a;1a;1a;1a;1a;1a;1a;1a;1a;1a;1a;1a;1a;1a;1a;1a;1a;1a;1a;1a;1a;1a
SG1|1a;1a;1a;1a;1a;1a;1a;1a;1a;1a;1a;1a;1a;1a;1a;1a;1a;1a;1a;1a;1a;1a;1a;1a;1a;1a;1a;1a,1,65,orbit19_fp2,wyckoff_orbit,19,1a,3,2,True,torus_fractional_coordinate,1a;1a;1a;1a;1a;1a;1a;1a;1a;1a;1a;1a;1a;1a;1a;1a;1a;1a;1a;1a;1a;1a;1a;1a;1a;1a;1a;1a
SG1|1a;1a;1a;1a;1a;1a;1a;1a;1a;1a;1a;1a;1a;1a;1a;1a;1a;1a;1a;1a;1a;1a;1a;1a;1a;1a;1a;1a,1,66,orbit20_fp0,wyckoff_orbit,20,1a,3,0,True,torus_fractional_coordinate,1a;1a;1a;1a;1a;1a;1a;1a;1a;1a;1a;1a;1a;1a;1a;1a;1a;1a;1a;1a;1a;1a;1a;1a;1a;1a;1a;1a
SG1|1a;1a;1a;1a;1a;1a;1a;1a;1a;1a;1a;1a;1a;1a;1a;1a;1a;1a;1a;1a;1a;1a;1a;1a;1a;1a;1a;1a,1,67,orbit20_fp1,wyckoff_orbit,20,1a,3,1,True,torus_fractional_coordinate,1a;1a;1a;1a;1a;1a;1a;1a;1a;1a;1a;1a;1a;1a;1a;1a;1a;1a;1a;1a;1a;1a;1a;1a;1a;1a;1a;1a
SG1|1a;1a;1a;1a;1a;1a;1a;1a;1a;1a;1a;1a;1a;1a;1a;1a;1a;1a;1a;1a;1a;1a;1a;1a;1a;1a;1a;1a,1,68,orbit20_fp2,wyckoff_orbit,20,1a,3,2,True,torus_fractional_coordinate,1a;1a;1a;1a;1a;1a;1a;1a;1a;1a;1a;1a;1a;1a;1a;1a;1a;1a;1a;1a;1a;1a;1a;1a;1a;1a;1a;1a
SG1|1a;1a;1a;1a;1a;1a;1a;1a;1a;1a;1a;1a;1a;1a;1a;1a;1a;1a;1a;1a;1a;1a;1a;1a;1a;1a;1a;1a,1,69,orbit21_fp0,wyckoff_orbit,21,1a,3,0,True,torus_fractional_coordinate,1a;1a;1a;1a;1a;1a;1a;1a;1a;1a;1a;1a;1a;1a;1a;1a;1a;1a;1a;1a;1a;1a;1a;1a;1a;1a;1a;1a
SG1|1a;1a;1a;1a;1a;1a;1a;1a;1a;1a;1a;1a;1a;1a;1a;1a;1a;1a;1a;1a;1a;1a;1a;1a;1a;1a;1a;1a,1,70,orbit21_fp1,wyckoff_orbit,21,1a,3,1,True,torus_fractional_coordinate,1a;1a;1a;1a;1a;1a;1a;1a;1a;1a;1a;1a;1a;1a;1a;1a;1a;1a;1a;1a;1a;1a;1a;1a;1a;1a;1a;1a
SG1|1a;1a;1a;1a;1a;1a;1a;1a;1a;1a;1a;1a;1a;1a;1a;1a;1a;1a;1a;1a;1a;1a;1a;1a;1a;1a;1a;1a,1,71,orbit21_fp2,wyckoff_orbit,21,1a,3,2,True,torus_fractional_coordinate,1a;1a;1a;1a;1a;1a;1a;1a;1a;1a;1a;1a;1a;1a;1a;1a;1a;1a;1a;1a;1a;1a;1a;1a;1a;1a;1a;1a
SG1|1a;1a;1a;1a;1a;1a;1a;1a;1a;1a;1a;1a;1a;1a;1a;1a;1a;1a;1a;1a;1a;1a;1a;1a;1a;1a;1a;1a,1,72,orbit22_fp0,wyckoff_orbit,22,1a,3,0,True,torus_fractional_coordinate,1a;1a;1a;1a;1a;1a;1a;1a;1a;1a;1a;1a;1a;1a;1a;1a;1a;1a;1a;1a;1a;1a;1a;1a;1a;1a;1a;1a
SG1|1a;1a;1a;1a;1a;1a;1a;1a;1a;1a;1a;1a;1a;1a;1a;1a;1a;1a;1a;1a;1a;1a;1a;1a;1a;1a;1a;1a,1,73,orbit22_fp1,wyckoff_orbit,22,1a,3,1,True,torus_fractional_coordinate,1a;1a;1a;1a;1a;1a;1a;1a;1a;1a;1a;1a;1a;1a;1a;1a;1a;1a;1a;1a;1a;1a;1a;1a;1a;1a;1a;1a
SG1|1a;1a;1a;1a;1a;1a;1a;1a;1a;1a;1a;1a;1a;1a;1a;1a;1a;1a;1a;1a;1a;1a;1a;1a;1a;1a;1a;1a,1,74,orbit22_fp2,wyckoff_orbit,22,1a,3,2,True,torus_fractional_coordinate,1a;1a;1a;1a;1a;1a;1a;1a;1a;1a;1a;1a;1a;1a;1a;1a;1a;1a;1a;1a;1a;1a;1a;1a;1a;1a;1a;1a
SG1|1a;1a;1a;1a;1a;1a;1a;1a;1a;1a;1a;1a;1a;1a;1a;1a;1a;1a;1a;1a;1a;1a;1a;1a;1a;1a;1a;1a,1,75,orbit23_fp0,wyckoff_orbit,23,1a,3,0,True,torus_fractional_coordinate,1a;1a;1a;1a;1a;1a;1a;1a;1a;1a;1a;1a;1a;1a;1a;1a;1a;1a;1a;1a;1a;1a;1a;1a;1a;1a;1a;1a
SG1|1a;1a;1a;1a;1a;1a;1a;1a;1a;1a;1a;1a;1a;1a;1a;1a;1a;1a;1a;1a;1a;1a;1a;1a;1a;1a;1a;1a,1,76,orbit23_fp1,wyckoff_orbit,23,1a,3,1,True,torus_fractional_coordinate,1a;1a;1a;1a;1a;1a;1a;1a;1a;1a;1a;1a;1a;1a;1a;1a;1a;1a;1a;1a;1a;1a;1a;1a;1a;1a;1a;1a
SG1|1a;1a;1a;1a;1a;1a;1a;1a;1a;1a;1a;1a;1a;1a;1a;1a;1a;1a;1a;1a;1a;1a;1a;1a;1a;1a;1a;1a,1,77,orbit23_fp2,wyckoff_orbit,23,1a,3,2,True,torus_fractional_coordinate,1a;1a;1a;1a;1a;1a;1a;1a;1a;1a;1a;1a;1a;1a;1a;1a;1a;1a;1a;1a;1a;1a;1a;1a;1a;1a;1a;1a
SG1|1a;1a;1a;1a;1a;1a;1a;1a;1a;1a;1a;1a;1a;1a;1a;1a;1a;1a;1a;1a;1a;1a;1a;1a;1a;1a;1a;1a,1,78,orbit24_fp0,wyckoff_orbit,24,1a,3,0,True,torus_fractional_coordinate,1a;1a;1a;1a;1a;1a;1a;1a;1a;1a;1a;1a;1a;1a;1a;1a;1a;1a;1a;1a;1a;1a;1a;1a;1a;1a;1a;1a
SG1|1a;1a;1a;1a;1a;1a;1a;1a;1a;1a;1a;1a;1a;1a;1a;1a;1a;1a;1a;1a;1a;1a;1a;1a;1a;1a;1a;1a,1,79,orbit24_fp1,wyckoff_orbit,24,1a,3,1,True,torus_fractional_coordinate,1a;1a;1a;1a;1a;1a;1a;1a;1a;1a;1a;1a;1a;1a;1a;1a;1a;1a;1a;1a;1a;1a;1a;1a;1a;1a;1a;1a
SG1|1a;1a;1a;1a;1a;1a;1a;1a;1a;1a;1a;1a;1a;1a;1a;1a;1a;1a;1a;1a;1a;1a;1a;1a;1a;1a;1a;1a,1,80,orbit24_fp2,wyckoff_orbit,24,1a,3,2,True,torus_fractional_coordinate,1a;1a;1a;1a;1a;1a;1a;1a;1a;1a;1a;1a;1a;1a;1a;1a;1a;1a;1a;1a;1a;1a;1a;1a;1a;1a;1a;1a
SG1|1a;1a;1a;1a;1a;1a;1a;1a;1a;1a;1a;1a;1a;1a;1a;1a;1a;1a;1a;1a;1a;1a;1a;1a;1a;1a;1a;1a,1,81,orbit25_fp0,wyckoff_orbit,25,1a,3,0,True,torus_fractional_coordinate,1a;1a;1a;1a;1a;1a;1a;1a;1a;1a;1a;1a;1a;1a;1a;1a;1a;1a;1a;1a;1a;1a;1a;1a;1a;1a;1a;1a
SG1|1a;1a;1a;1a;1a;1a;1a;1a;1a;1a;1a;1a;1a;1a;1a;1a;1a;1a;1a;1a;1a;1a;1a;1a;1a;1a;1a;1a,1,82,orbit25_fp1,wyckoff_orbit,25,1a,3,1,True,torus_fractional_coordinate,1a;1a;1a;1a;1a;1a;1a;1a;1a;1a;1a;1a;1a;1a;1a;1a;1a;1a;1a;1a;1a;1a;1a;1a;1a;1a;1a;1a
SG1|1a;1a;1a;1a;1a;1a;1a;1a;1a;1a;1a;1a;1a;1a;1a;1a;1a;1a;1a;1a;1a;1a;1a;1a;1a;1a;1a;1a,1,83,orbit25_fp2,wyckoff_orbit,25,1a,3,2,True,torus_fractional_coordinate,1a;1a;1a;1a;1a;1a;1a;1a;1a;1a;1a;1a;1a;1a;1a;1a;1a;1a;1a;1a;1a;1a;1a;1a;1a;1a;1a;1a
SG1|1a;1a;1a;1a;1a;1a;1a;1a;1a;1a;1a;1a;1a;1a;1a;1a;1a;1a;1a;1a;1a;1a;1a;1a;1a;1a;1a;1a,1,84,orbit26_fp0,wyckoff_orbit,26,1a,3,0,True,torus_fractional_coordinate,1a;1a;1a;1a;1a;1a;1a;1a;1a;1a;1a;1a;1a;1a;1a;1a;1a;1a;1a;1a;1a;1a;1a;1a;1a;1a;1a;1a
SG1|1a;1a;1a;1a;1a;1a;1a;1a;1a;1a;1a;1a;1a;1a;1a;1a;1a;1a;1a;1a;1a;1a;1a;1a;1a;1a;1a;1a,1,85,orbit26_fp1,wyckoff_orbit,26,1a,3,1,True,torus_fractional_coordinate,1a;1a;1a;1a;1a;1a;1a;1a;1a;1a;1a;1a;1a;1a;1a;1a;1a;1a;1a;1a;1a;1a;1a;1a;1a;1a;1a;1a
SG1|1a;1a;1a;1a;1a;1a;1a;1a;1a;1a;1a;1a;1a;1a;1a;1a;1a;1a;1a;1a;1a;1a;1a;1a;1a;1a;1a;1a,1,86,orbit26_fp2,wyckoff_orbit,26,1a,3,2,True,torus_fractional_coordinate,1a;1a;1a;1a;1a;1a;1a;1a;1a;1a;1a;1a;1a;1a;1a;1a;1a;1a;1a;1a;1a;1a;1a;1a;1a;1a;1a;1a
SG1|1a;1a;1a;1a;1a;1a;1a;1a;1a;1a;1a;1a;1a;1a;1a;1a;1a;1a;1a;1a;1a;1a;1a;1a;1a;1a;1a;1a,1,87,orbit27_fp0,wyckoff_orbit,27,1a,3,0,True,torus_fractional_coordinate,1a;1a;1a;1a;1a;1a;1a;1a;1a;1a;1a;1a;1a;1a;1a;1a;1a;1a;1a;1a;1a;1a;1a;1a;1a;1a;1a;1a
SG1|1a;1a;1a;1a;1a;1a;1a;1a;1a;1a;1a;1a;1a;1a;1a;1a;1a;1a;1a;1a;1a;1a;1a;1a;1a;1a;1a;1a,1,88,orbit27_fp1,wyckoff_orbit,27,1a,3,1,True,torus_fractional_coordinate,1a;1a;1a;1a;1a;1a;1a;1a;1a;1a;1a;1a;1a;1a;1a;1a;1a;1a;1a;1a;1a;1a;1a;1a;1a;1a;1a;1a
SG1|1a;1a;1a;1a;1a;1a;1a;1a;1a;1a;1a;1a;1a;1a;1a;1a;1a;1a;1a;1a;1a;1a;1a;1a;1a;1a;1a;1a,1,89,orbit27_fp2,wyckoff_orbit,27,1a,3,2,True,torus_fractional_coordinate,1a;1a;1a;1a;1a;1a;1a;1a;1a;1a;1a;1a;1a;1a;1a;1a;1a;1a;1a;1a;1a;1a;1a;1a;1a;1a;1a;1a
SG1|1a;1a;1a;1a;1a;1a;1a;1a;1a;1a;1a;1a;1a;1a;1a;1a;1a;1a;1a;1a;1a;1a;1a;1a;1a;1a,1,0,lattice_a,lattice,-1,,0,-1,False,positive_length,1a;1a;1a;1a;1a;1a;1a;1a;1a;1a;1a;1a;1a;1a;1a;1a;1a;1a;1a;1a;1a;1a;1a;1a;1a;1a
SG1|1a;1a;1a;1a;1a;1a;1a;1a;1a;1a;1a;1a;1a;1a;1a;1a;1a;1a;1a;1a;1a;1a;1a;1a;1a;1a,1,1,lattice_b,lattice,-1,,0,-1,False,positive_length,1a;1a;1a;1a;1a;1a;1a;1a;1a;1a;1a;1a;1a;1a;1a;1a;1a;1a;1a;1a;1a;1a;1a;1a;1a;1a
SG1|1a;1a;1a;1a;1a;1a;1a;1a;1a;1a;1a;1a;1a;1a;1a;1a;1a;1a;1a;1a;1a;1a;1a;1a;1a;1a,1,2,lattice_c,lattice,-1,,0,-1,False,positive_length,1a;1a;1a;1a;1a;1a;1a;1a;1a;1a;1a;1a;1a;1a;1a;1a;1a;1a;1a;1a;1a;1a;1a;1a;1a;1a
SG1|1a;1a;1a;1a;1a;1a;1a;1a;1a;1a;1a;1a;1a;1a;1a;1a;1a;1a;1a;1a;1a;1a;1a;1a;1a;1a,1,3,alpha,lattice,-1,,0,-1,False,angle_degree,1a;1a;1a;1a;1a;1a;1a;1a;1a;1a;1a;1a;1a;1a;1a;1a;1a;1a;1a;1a;1a;1a;1a;1a;1a;1a
SG1|1a;1a;1a;1a;1a;1a;1a;1a;1a;1a;1a;1a;1a;1a;1a;1a;1a;1a;1a;1a;1a;1a;1a;1a;1a;1a,1,4,beta,lattice,-1,,0,-1,False,angle_degree,1a;1a;1a;1a;1a;1a;1a;1a;1a;1a;1a;1a;1a;1a;1a;1a;1a;1a;1a;1a;1a;1a;1a;1a;1a;1a
SG1|1a;1a;1a;1a;1a;1a;1a;1a;1a;1a;1a;1a;1a;1a;1a;1a;1a;1a;1a;1a;1a;1a;1a;1a;1a;1a,1,5,gamma,lattice,-1,,0,-1,False,angle_degree,1a;1a;1a;1a;1a;1a;1a;1a;1a;1a;1a;1a;1a;1a;1a;1a;1a;1a;1a;1a;1a;1a;1a;1a;1a;1a
SG1|1a;1a;1a;1a;1a;1a;1a;1a;1a;1a;1a;1a;1a;1a;1a;1a;1a;1a;1a;1a;1a;1a;1a;1a;1a;1a,1,6,orbit0_fp0,wyckoff_orbit,0,1a,3,0,True,torus_fractional_coordinate,1a;1a;1a;1a;1a;1a;1a;1a;1a;1a;1a;1a;1a;1a;1a;1a;1a;1a;1a;1a;1a;1a;1a;1a;1a;1a
SG1|1a;1a;1a;1a;1a;1a;1a;1a;1a;1a;1a;1a;1a;1a;1a;1a;1a;1a;1a;1a;1a;1a;1a;1a;1a;1a,1,7,orbit0_fp1,wyckoff_orbit,0,1a,3,1,True,torus_fractional_coordinate,1a;1a;1a;1a;1a;1a;1a;1a;1a;1a;1a;1a;1a;1a;1a;1a;1a;1a;1a;1a;1a;1a;1a;1a;1a;1a
SG1|1a;1a;1a;1a;1a;1a;1a;1a;1a;1a;1a;1a;1a;1a;1a;1a;1a;1a;1a;1a;1a;1a;1a;1a;1a;1a,1,8,orbit0_fp2,wyckoff_orbit,0,1a,3,2,True,torus_fractional_coordinate,1a;1a;1a;1a;1a;1a;1a;1a;1a;1a;1a;1a;1a;1a;1a;1a;1a;1a;1a;1a;1a;1a;1a;1a;1a;1a
SG1|1a;1a;1a;1a;1a;1a;1a;1a;1a;1a;1a;1a;1a;1a;1a;1a;1a;1a;1a;1a;1a;1a;1a;1a;1a;1a,1,9,orbit1_fp0,wyckoff_orbit,1,1a,3,0,True,torus_fractional_coordinate,1a;1a;1a;1a;1a;1a;1a;1a;1a;1a;1a;1a;1a;1a;1a;1a;1a;1a;1a;1a;1a;1a;1a;1a;1a;1a
SG1|1a;1a;1a;1a;1a;1a;1a;1a;1a;1a;1a;1a;1a;1a;1a;1a;1a;1a;1a;1a;1a;1a;1a;1a;1a;1a,1,10,orbit1_fp1,wyckoff_orbit,1,1a,3,1,True,torus_fractional_coordinate,1a;1a;1a;1a;1a;1a;1a;1a;1a;1a;1a;1a;1a;1a;1a;1a;1a;1a;1a;1a;1a;1a;1a;1a;1a;1a
SG1|1a;1a;1a;1a;1a;1a;1a;1a;1a;1a;1a;1a;1a;1a;1a;1a;1a;1a;1a;1a;1a;1a;1a;1a;1a;1a,1,11,orbit1_fp2,wyckoff_orbit,1,1a,3,2,True,torus_fractional_coordinate,1a;1a;1a;1a;1a;1a;1a;1a;1a;1a;1a;1a;1a;1a;1a;1a;1a;1a;1a;1a;1a;1a;1a;1a;1a;1a
SG1|1a;1a;1a;1a;1a;1a;1a;1a;1a;1a;1a;1a;1a;1a;1a;1a;1a;1a;1a;1a;1a;1a;1a;1a;1a;1a,1,12,orbit2_fp0,wyckoff_orbit,2,1a,3,0,True,torus_fractional_coordinate,1a;1a;1a;1a;1a;1a;1a;1a;1a;1a;1a;1a;1a;1a;1a;1a;1a;1a;1a;1a;1a;1a;1a;1a;1a;1a
SG1|1a;1a;1a;1a;1a;1a;1a;1a;1a;1a;1a;1a;1a;1a;1a;1a;1a;1a;1a;1a;1a;1a;1a;1a;1a;1a,1,13,orbit2_fp1,wyckoff_orbit,2,1a,3,1,True,torus_fractional_coordinate,1a;1a;1a;1a;1a;1a;1a;1a;1a;1a;1a;1a;1a;1a;1a;1a;1a;1a;1a;1a;1a;1a;1a;1a;1a;1a
SG1|1a;1a;1a;1a;1a;1a;1a;1a;1a;1a;1a;1a;1a;1a;1a;1a;1a;1a;1a;1a;1a;1a;1a;1a;1a;1a,1,14,orbit2_fp2,wyckoff_orbit,2,1a,3,2,True,torus_fractional_coordinate,1a;1a;1a;1a;1a;1a;1a;1a;1a;1a;1a;1a;1a;1a;1a;1a;1a;1a;1a;1a;1a;1a;1a;1a;1a;1a
SG1|1a;1a;1a;1a;1a;1a;1a;1a;1a;1a;1a;1a;1a;1a;1a;1a;1a;1a;1a;1a;1a;1a;1a;1a;1a;1a,1,15,orbit3_fp0,wyckoff_orbit,3,1a,3,0,True,torus_fractional_coordinate,1a;1a;1a;1a;1a;1a;1a;1a;1a;1a;1a;1a;1a;1a;1a;1a;1a;1a;1a;1a;1a;1a;1a;1a;1a;1a
SG1|1a;1a;1a;1a;1a;1a;1a;1a;1a;1a;1a;1a;1a;1a;1a;1a;1a;1a;1a;1a;1a;1a;1a;1a;1a;1a,1,16,orbit3_fp1,wyckoff_orbit,3,1a,3,1,True,torus_fractional_coordinate,1a;1a;1a;1a;1a;1a;1a;1a;1a;1a;1a;1a;1a;1a;1a;1a;1a;1a;1a;1a;1a;1a;1a;1a;1a;1a
SG1|1a;1a;1a;1a;1a;1a;1a;1a;1a;1a;1a;1a;1a;1a;1a;1a;1a;1a;1a;1a;1a;1a;1a;1a;1a;1a,1,17,orbit3_fp2,wyckoff_orbit,3,1a,3,2,True,torus_fractional_coordinate,1a;1a;1a;1a;1a;1a;1a;1a;1a;1a;1a;1a;1a;1a;1a;1a;1a;1a;1a;1a;1a;1a;1a;1a;1a;1a
SG1|1a;1a;1a;1a;1a;1a;1a;1a;1a;1a;1a;1a;1a;1a;1a;1a;1a;1a;1a;1a;1a;1a;1a;1a;1a;1a,1,18,orbit4_fp0,wyckoff_orbit,4,1a,3,0,True,torus_fractional_coordinate,1a;1a;1a;1a;1a;1a;1a;1a;1a;1a;1a;1a;1a;1a;1a;1a;1a;1a;1a;1a;1a;1a;1a;1a;1a;1a
SG1|1a;1a;1a;1a;1a;1a;1a;1a;1a;1a;1a;1a;1a;1a;1a;1a;1a;1a;1a;1a;1a;1a;1a;1a;1a;1a,1,19,orbit4_fp1,wyckoff_orbit,4,1a,3,1,True,torus_fractional_coordinate,1a;1a;1a;1a;1a;1a;1a;1a;1a;1a;1a;1a;1a;1a;1a;1a;1a;1a;1a;1a;1a;1a;1a;1a;1a;1a
SG1|1a;1a;1a;1a;1a;1a;1a;1a;1a;1a;1a;1a;1a;1a;1a;1a;1a;1a;1a;1a;1a;1a;1a;1a;1a;1a,1,20,orbit4_fp2,wyckoff_orbit,4,1a,3,2,True,torus_fractional_coordinate,1a;1a;1a;1a;1a;1a;1a;1a;1a;1a;1a;1a;1a;1a;1a;1a;1a;1a;1a;1a;1a;1a;1a;1a;1a;1a
SG1|1a;1a;1a;1a;1a;1a;1a;1a;1a;1a;1a;1a;1a;1a;1a;1a;1a;1a;1a;1a;1a;1a;1a;1a;1a;1a,1,21,orbit5_fp0,wyckoff_orbit,5,1a,3,0,True,torus_fractional_coordinate,1a;1a;1a;1a;1a;1a;1a;1a;1a;1a;1a;1a;1a;1a;1a;1a;1a;1a;1a;1a;1a;1a;1a;1a;1a;1a
SG1|1a;1a;1a;1a;1a;1a;1a;1a;1a;1a;1a;1a;1a;1a;1a;1a;1a;1a;1a;1a;1a;1a;1a;1a;1a;1a,1,22,orbit5_fp1,wyckoff_orbit,5,1a,3,1,True,torus_fractional_coordinate,1a;1a;1a;1a;1a;1a;1a;1a;1a;1a;1a;1a;1a;1a;1a;1a;1a;1a;1a;1a;1a;1a;1a;1a;1a;1a
SG1|1a;1a;1a;1a;1a;1a;1a;1a;1a;1a;1a;1a;1a;1a;1a;1a;1a;1a;1a;1a;1a;1a;1a;1a;1a;1a,1,23,orbit5_fp2,wyckoff_orbit,5,1a,3,2,True,torus_fractional_coordinate,1a;1a;1a;1a;1a;1a;1a;1a;1a;1a;1a;1a;1a;1a;1a;1a;1a;1a;1a;1a;1a;1a;1a;1a;1a;1a
SG1|1a;1a;1a;1a;1a;1a;1a;1a;1a;1a;1a;1a;1a;1a;1a;1a;1a;1a;1a;1a;1a;1a;1a;1a;1a;1a,1,24,orbit6_fp0,wyckoff_orbit,6,1a,3,0,True,torus_fractional_coordinate,1a;1a;1a;1a;1a;1a;1a;1a;1a;1a;1a;1a;1a;1a;1a;1a;1a;1a;1a;1a;1a;1a;1a;1a;1a;1a
SG1|1a;1a;1a;1a;1a;1a;1a;1a;1a;1a;1a;1a;1a;1a;1a;1a;1a;1a;1a;1a;1a;1a;1a;1a;1a;1a,1,25,orbit6_fp1,wyckoff_orbit,6,1a,3,1,True,torus_fractional_coordinate,1a;1a;1a;1a;1a;1a;1a;1a;1a;1a;1a;1a;1a;1a;1a;1a;1a;1a;1a;1a;1a;1a;1a;1a;1a;1a
SG1|1a;1a;1a;1a;1a;1a;1a;1a;1a;1a;1a;1a;1a;1a;1a;1a;1a;1a;1a;1a;1a;1a;1a;1a;1a;1a,1,26,orbit6_fp2,wyckoff_orbit,6,1a,3,2,True,torus_fractional_coordinate,1a;1a;1a;1a;1a;1a;1a;1a;1a;1a;1a;1a;1a;1a;1a;1a;1a;1a;1a;1a;1a;1a;1a;1a;1a;1a
SG1|1a;1a;1a;1a;1a;1a;1a;1a;1a;1a;1a;1a;1a;1a;1a;1a;1a;1a;1a;1a;1a;1a;1a;1a;1a;1a,1,27,orbit7_fp0,wyckoff_orbit,7,1a,3,0,True,torus_fractional_coordinate,1a;1a;1a;1a;1a;1a;1a;1a;1a;1a;1a;1a;1a;1a;1a;1a;1a;1a;1a;1a;1a;1a;1a;1a;1a;1a
SG1|1a;1a;1a;1a;1a;1a;1a;1a;1a;1a;1a;1a;1a;1a;1a;1a;1a;1a;1a;1a;1a;1a;1a;1a;1a;1a,1,28,orbit7_fp1,wyckoff_orbit,7,1a,3,1,True,torus_fractional_coordinate,1a;1a;1a;1a;1a;1a;1a;1a;1a;1a;1a;1a;1a;1a;1a;1a;1a;1a;1a;1a;1a;1a;1a;1a;1a;1a
SG1|1a;1a;1a;1a;1a;1a;1a;1a;1a;1a;1a;1a;1a;1a;1a;1a;1a;1a;1a;1a;1a;1a;1a;1a;1a;1a,1,29,orbit7_fp2,wyckoff_orbit,7,1a,3,2,True,torus_fractional_coordinate,1a;1a;1a;1a;1a;1a;1a;1a;1a;1a;1a;1a;1a;1a;1a;1a;1a;1a;1a;1a;1a;1a;1a;1a;1a;1a
SG1|1a;1a;1a;1a;1a;1a;1a;1a;1a;1a;1a;1a;1a;1a;1a;1a;1a;1a;1a;1a;1a;1a;1a;1a;1a;1a,1,30,orbit8_fp0,wyckoff_orbit,8,1a,3,0,True,torus_fractional_coordinate,1a;1a;1a;1a;1a;1a;1a;1a;1a;1a;1a;1a;1a;1a;1a;1a;1a;1a;1a;1a;1a;1a;1a;1a;1a;1a
SG1|1a;1a;1a;1a;1a;1a;1a;1a;1a;1a;1a;1a;1a;1a;1a;1a;1a;1a;1a;1a;1a;1a;1a;1a;1a;1a,1,31,orbit8_fp1,wyckoff_orbit,8,1a,3,1,True,torus_fractional_coordinate,1a;1a;1a;1a;1a;1a;1a;1a;1a;1a;1a;1a;1a;1a;1a;1a;1a;1a;1a;1a;1a;1a;1a;1a;1a;1a
SG1|1a;1a;1a;1a;1a;1a;1a;1a;1a;1a;1a;1a;1a;1a;1a;1a;1a;1a;1a;1a;1a;1a;1a;1a;1a;1a,1,32,orbit8_fp2,wyckoff_orbit,8,1a,3,2,True,torus_fractional_coordinate,1a;1a;1a;1a;1a;1a;1a;1a;1a;1a;1a;1a;1a;1a;1a;1a;1a;1a;1a;1a;1a;1a;1a;1a;1a;1a
SG1|1a;1a;1a;1a;1a;1a;1a;1a;1a;1a;1a;1a;1a;1a;1a;1a;1a;1a;1a;1a;1a;1a;1a;1a;1a;1a,1,33,orbit9_fp0,wyckoff_orbit,9,1a,3,0,True,torus_fractional_coordinate,1a;1a;1a;1a;1a;1a;1a;1a;1a;1a;1a;1a;1a;1a;1a;1a;1a;1a;1a;1a;1a;1a;1a;1a;1a;1a
SG1|1a;1a;1a;1a;1a;1a;1a;1a;1a;1a;1a;1a;1a;1a;1a;1a;1a;1a;1a;1a;1a;1a;1a;1a;1a;1a,1,34,orbit9_fp1,wyckoff_orbit,9,1a,3,1,True,torus_fractional_coordinate,1a;1a;1a;1a;1a;1a;1a;1a;1a;1a;1a;1a;1a;1a;1a;1a;1a;1a;1a;1a;1a;1a;1a;1a;1a;1a
SG1|1a;1a;1a;1a;1a;1a;1a;1a;1a;1a;1a;1a;1a;1a;1a;1a;1a;1a;1a;1a;1a;1a;1a;1a;1a;1a,1,35,orbit9_fp2,wyckoff_orbit,9,1a,3,2,True,torus_fractional_coordinate,1a;1a;1a;1a;1a;1a;1a;1a;1a;1a;1a;1a;1a;1a;1a;1a;1a;1a;1a;1a;1a;1a;1a;1a;1a;1a
SG1|1a;1a;1a;1a;1a;1a;1a;1a;1a;1a;1a;1a;1a;1a;1a;1a;1a;1a;1a;1a;1a;1a;1a;1a;1a;1a,1,36,orbit10_fp0,wyckoff_orbit,10,1a,3,0,True,torus_fractional_coordinate,1a;1a;1a;1a;1a;1a;1a;1a;1a;1a;1a;1a;1a;1a;1a;1a;1a;1a;1a;1a;1a;1a;1a;1a;1a;1a
SG1|1a;1a;1a;1a;1a;1a;1a;1a;1a;1a;1a;1a;1a;1a;1a;1a;1a;1a;1a;1a;1a;1a;1a;1a;1a;1a,1,37,orbit10_fp1,wyckoff_orbit,10,1a,3,1,True,torus_fractional_coordinate,1a;1a;1a;1a;1a;1a;1a;1a;1a;1a;1a;1a;1a;1a;1a;1a;1a;1a;1a;1a;1a;1a;1a;1a;1a;1a
SG1|1a;1a;1a;1a;1a;1a;1a;1a;1a;1a;1a;1a;1a;1a;1a;1a;1a;1a;1a;1a;1a;1a;1a;1a;1a;1a,1,38,orbit10_fp2,wyckoff_orbit,10,1a,3,2,True,torus_fractional_coordinate,1a;1a;1a;1a;1a;1a;1a;1a;1a;1a;1a;1a;1a;1a;1a;1a;1a;1a;1a;1a;1a;1a;1a;1a;1a;1a
SG1|1a;1a;1a;1a;1a;1a;1a;1a;1a;1a;1a;1a;1a;1a;1a;1a;1a;1a;1a;1a;1a;1a;1a;1a;1a;1a,1,39,orbit11_fp0,wyckoff_orbit,11,1a,3,0,True,torus_fractional_coordinate,1a;1a;1a;1a;1a;1a;1a;1a;1a;1a;1a;1a;1a;1a;1a;1a;1a;1a;1a;1a;1a;1a;1a;1a;1a;1a
SG1|1a;1a;1a;1a;1a;1a;1a;1a;1a;1a;1a;1a;1a;1a;1a;1a;1a;1a;1a;1a;1a;1a;1a;1a;1a;1a,1,40,orbit11_fp1,wyckoff_orbit,11,1a,3,1,True,torus_fractional_coordinate,1a;1a;1a;1a;1a;1a;1a;1a;1a;1a;1a;1a;1a;1a;1a;1a;1a;1a;1a;1a;1a;1a;1a;1a;1a;1a
SG1|1a;1a;1a;1a;1a;1a;1a;1a;1a;1a;1a;1a;1a;1a;1a;1a;1a;1a;1a;1a;1a;1a;1a;1a;1a;1a,1,41,orbit11_fp2,wyckoff_orbit,11,1a,3,2,True,torus_fractional_coordinate,1a;1a;1a;1a;1a;1a;1a;1a;1a;1a;1a;1a;1a;1a;1a;1a;1a;1a;1a;1a;1a;1a;1a;1a;1a;1a
SG1|1a;1a;1a;1a;1a;1a;1a;1a;1a;1a;1a;1a;1a;1a;1a;1a;1a;1a;1a;1a;1a;1a;1a;1a;1a;1a,1,42,orbit12_fp0,wyckoff_orbit,12,1a,3,0,True,torus_fractional_coordinate,1a;1a;1a;1a;1a;1a;1a;1a;1a;1a;1a;1a;1a;1a;1a;1a;1a;1a;1a;1a;1a;1a;1a;1a;1a;1a
SG1|1a;1a;1a;1a;1a;1a;1a;1a;1a;1a;1a;1a;1a;1a;1a;1a;1a;1a;1a;1a;1a;1a;1a;1a;1a;1a,1,43,orbit12_fp1,wyckoff_orbit,12,1a,3,1,True,torus_fractional_coordinate,1a;1a;1a;1a;1a;1a;1a;1a;1a;1a;1a;1a;1a;1a;1a;1a;1a;1a;1a;1a;1a;1a;1a;1a;1a;1a
SG1|1a;1a;1a;1a;1a;1a;1a;1a;1a;1a;1a;1a;1a;1a;1a;1a;1a;1a;1a;1a;1a;1a;1a;1a;1a;1a,1,44,orbit12_fp2,wyckoff_orbit,12,1a,3,2,True,torus_fractional_coordinate,1a;1a;1a;1a;1a;1a;1a;1a;1a;1a;1a;1a;1a;1a;1a;1a;1a;1a;1a;1a;1a;1a;1a;1a;1a;1a
SG1|1a;1a;1a;1a;1a;1a;1a;1a;1a;1a;1a;1a;1a;1a;1a;1a;1a;1a;1a;1a;1a;1a;1a;1a;1a;1a,1,45,orbit13_fp0,wyckoff_orbit,13,1a,3,0,True,torus_fractional_coordinate,1a;1a;1a;1a;1a;1a;1a;1a;1a;1a;1a;1a;1a;1a;1a;1a;1a;1a;1a;1a;1a;1a;1a;1a;1a;1a
SG1|1a;1a;1a;1a;1a;1a;1a;1a;1a;1a;1a;1a;1a;1a;1a;1a;1a;1a;1a;1a;1a;1a;1a;1a;1a;1a,1,46,orbit13_fp1,wyckoff_orbit,13,1a,3,1,True,torus_fractional_coordinate,1a;1a;1a;1a;1a;1a;1a;1a;1a;1a;1a;1a;1a;1a;1a;1a;1a;1a;1a;1a;1a;1a;1a;1a;1a;1a
SG1|1a;1a;1a;1a;1a;1a;1a;1a;1a;1a;1a;1a;1a;1a;1a;1a;1a;1a;1a;1a;1a;1a;1a;1a;1a;1a,1,47,orbit13_fp2,wyckoff_orbit,13,1a,3,2,True,torus_fractional_coordinate,1a;1a;1a;1a;1a;1a;1a;1a;1a;1a;1a;1a;1a;1a;1a;1a;1a;1a;1a;1a;1a;1a;1a;1a;1a;1a
SG1|1a;1a;1a;1a;1a;1a;1a;1a;1a;1a;1a;1a;1a;1a;1a;1a;1a;1a;1a;1a;1a;1a;1a;1a;1a;1a,1,48,orbit14_fp0,wyckoff_orbit,14,1a,3,0,True,torus_fractional_coordinate,1a;1a;1a;1a;1a;1a;1a;1a;1a;1a;1a;1a;1a;1a;1a;1a;1a;1a;1a;1a;1a;1a;1a;1a;1a;1a
SG1|1a;1a;1a;1a;1a;1a;1a;1a;1a;1a;1a;1a;1a;1a;1a;1a;1a;1a;1a;1a;1a;1a;1a;1a;1a;1a,1,49,orbit14_fp1,wyckoff_orbit,14,1a,3,1,True,torus_fractional_coordinate,1a;1a;1a;1a;1a;1a;1a;1a;1a;1a;1a;1a;1a;1a;1a;1a;1a;1a;1a;1a;1a;1a;1a;1a;1a;1a
SG1|1a;1a;1a;1a;1a;1a;1a;1a;1a;1a;1a;1a;1a;1a;1a;1a;1a;1a;1a;1a;1a;1a;1a;1a;1a;1a,1,50,orbit14_fp2,wyckoff_orbit,14,1a,3,2,True,torus_fractional_coordinate,1a;1a;1a;1a;1a;1a;1a;1a;1a;1a;1a;1a;1a;1a;1a;1a;1a;1a;1a;1a;1a;1a;1a;1a;1a;1a
SG1|1a;1a;1a;1a;1a;1a;1a;1a;1a;1a;1a;1a;1a;1a;1a;1a;1a;1a;1a;1a;1a;1a;1a;1a;1a;1a,1,51,orbit15_fp0,wyckoff_orbit,15,1a,3,0,True,torus_fractional_coordinate,1a;1a;1a;1a;1a;1a;1a;1a;1a;1a;1a;1a;1a;1a;1a;1a;1a;1a;1a;1a;1a;1a;1a;1a;1a;1a
SG1|1a;1a;1a;1a;1a;1a;1a;1a;1a;1a;1a;1a;1a;1a;1a;1a;1a;1a;1a;1a;1a;1a;1a;1a;1a;1a,1,52,orbit15_fp1,wyckoff_orbit,15,1a,3,1,True,torus_fractional_coordinate,1a;1a;1a;1a;1a;1a;1a;1a;1a;1a;1a;1a;1a;1a;1a;1a;1a;1a;1a;1a;1a;1a;1a;1a;1a;1a
SG1|1a;1a;1a;1a;1a;1a;1a;1a;1a;1a;1a;1a;1a;1a;1a;1a;1a;1a;1a;1a;1a;1a;1a;1a;1a;1a,1,53,orbit15_fp2,wyckoff_orbit,15,1a,3,2,True,torus_fractional_coordinate,1a;1a;1a;1a;1a;1a;1a;1a;1a;1a;1a;1a;1a;1a;1a;1a;1a;1a;1a;1a;1a;1a;1a;1a;1a;1a
SG1|1a;1a;1a;1a;1a;1a;1a;1a;1a;1a;1a;1a;1a;1a;1a;1a;1a;1a;1a;1a;1a;1a;1a;1a;1a;1a,1,54,orbit16_fp0,wyckoff_orbit,16,1a,3,0,True,torus_fractional_coordinate,1a;1a;1a;1a;1a;1a;1a;1a;1a;1a;1a;1a;1a;1a;1a;1a;1a;1a;1a;1a;1a;1a;1a;1a;1a;1a
SG1|1a;1a;1a;1a;1a;1a;1a;1a;1a;1a;1a;1a;1a;1a;1a;1a;1a;1a;1a;1a;1a;1a;1a;1a;1a;1a,1,55,orbit16_fp1,wyckoff_orbit,16,1a,3,1,True,torus_fractional_coordinate,1a;1a;1a;1a;1a;1a;1a;1a;1a;1a;1a;1a;1a;1a;1a;1a;1a;1a;1a;1a;1a;1a;1a;1a;1a;1a
SG1|1a;1a;1a;1a;1a;1a;1a;1a;1a;1a;1a;1a;1a;1a;1a;1a;1a;1a;1a;1a;1a;1a;1a;1a;1a;1a,1,56,orbit16_fp2,wyckoff_orbit,16,1a,3,2,True,torus_fractional_coordinate,1a;1a;1a;1a;1a;1a;1a;1a;1a;1a;1a;1a;1a;1a;1a;1a;1a;1a;1a;1a;1a;1a;1a;1a;1a;1a
SG1|1a;1a;1a;1a;1a;1a;1a;1a;1a;1a;1a;1a;1a;1a;1a;1a;1a;1a;1a;1a;1a;1a;1a;1a;1a;1a,1,57,orbit17_fp0,wyckoff_orbit,17,1a,3,0,True,torus_fractional_coordinate,1a;1a;1a;1a;1a;1a;1a;1a;1a;1a;1a;1a;1a;1a;1a;1a;1a;1a;1a;1a;1a;1a;1a;1a;1a;1a
SG1|1a;1a;1a;1a;1a;1a;1a;1a;1a;1a;1a;1a;1a;1a;1a;1a;1a;1a;1a;1a;1a;1a;1a;1a;1a;1a,1,58,orbit17_fp1,wyckoff_orbit,17,1a,3,1,True,torus_fractional_coordinate,1a;1a;1a;1a;1a;1a;1a;1a;1a;1a;1a;1a;1a;1a;1a;1a;1a;1a;1a;1a;1a;1a;1a;1a;1a;1a
SG1|1a;1a;1a;1a;1a;1a;1a;1a;1a;1a;1a;1a;1a;1a;1a;1a;1a;1a;1a;1a;1a;1a;1a;1a;1a;1a,1,59,orbit17_fp2,wyckoff_orbit,17,1a,3,2,True,torus_fractional_coordinate,1a;1a;1a;1a;1a;1a;1a;1a;1a;1a;1a;1a;1a;1a;1a;1a;1a;1a;1a;1a;1a;1a;1a;1a;1a;1a
SG1|1a;1a;1a;1a;1a;1a;1a;1a;1a;1a;1a;1a;1a;1a;1a;1a;1a;1a;1a;1a;1a;1a;1a;1a;1a;1a,1,60,orbit18_fp0,wyckoff_orbit,18,1a,3,0,True,torus_fractional_coordinate,1a;1a;1a;1a;1a;1a;1a;1a;1a;1a;1a;1a;1a;1a;1a;1a;1a;1a;1a;1a;1a;1a;1a;1a;1a;1a
SG1|1a;1a;1a;1a;1a;1a;1a;1a;1a;1a;1a;1a;1a;1a;1a;1a;1a;1a;1a;1a;1a;1a;1a;1a;1a;1a,1,61,orbit18_fp1,wyckoff_orbit,18,1a,3,1,True,torus_fractional_coordinate,1a;1a;1a;1a;1a;1a;1a;1a;1a;1a;1a;1a;1a;1a;1a;1a;1a;1a;1a;1a;1a;1a;1a;1a;1a;1a
SG1|1a;1a;1a;1a;1a;1a;1a;1a;1a;1a;1a;1a;1a;1a;1a;1a;1a;1a;1a;1a;1a;1a;1a;1a;1a;1a,1,62,orbit18_fp2,wyckoff_orbit,18,1a,3,2,True,torus_fractional_coordinate,1a;1a;1a;1a;1a;1a;1a;1a;1a;1a;1a;1a;1a;1a;1a;1a;1a;1a;1a;1a;1a;1a;1a;1a;1a;1a
SG1|1a;1a;1a;1a;1a;1a;1a;1a;1a;1a;1a;1a;1a;1a;1a;1a;1a;1a;1a;1a;1a;1a;1a;1a;1a;1a,1,63,orbit19_fp0,wyckoff_orbit,19,1a,3,0,True,torus_fractional_coordinate,1a;1a;1a;1a;1a;1a;1a;1a;1a;1a;1a;1a;1a;1a;1a;1a;1a;1a;1a;1a;1a;1a;1a;1a;1a;1a
SG1|1a;1a;1a;1a;1a;1a;1a;1a;1a;1a;1a;1a;1a;1a;1a;1a;1a;1a;1a;1a;1a;1a;1a;1a;1a;1a,1,64,orbit19_fp1,wyckoff_orbit,19,1a,3,1,True,torus_fractional_coordinate,1a;1a;1a;1a;1a;1a;1a;1a;1a;1a;1a;1a;1a;1a;1a;1a;1a;1a;1a;1a;1a;1a;1a;1a;1a;1a
SG1|1a;1a;1a;1a;1a;1a;1a;1a;1a;1a;1a;1a;1a;1a;1a;1a;1a;1a;1a;1a;1a;1a;1a;1a;1a;1a,1,65,orbit19_fp2,wyckoff_orbit,19,1a,3,2,True,torus_fractional_coordinate,1a;1a;1a;1a;1a;1a;1a;1a;1a;1a;1a;1a;1a;1a;1a;1a;1a;1a;1a;1a;1a;1a;1a;1a;1a;1a
SG1|1a;1a;1a;1a;1a;1a;1a;1a;1a;1a;1a;1a;1a;1a;1a;1a;1a;1a;1a;1a;1a;1a;1a;1a;1a;1a,1,66,orbit20_fp0,wyckoff_orbit,20,1a,3,0,True,torus_fractional_coordinate,1a;1a;1a;1a;1a;1a;1a;1a;1a;1a;1a;1a;1a;1a;1a;1a;1a;1a;1a;1a;1a;1a;1a;1a;1a;1a
SG1|1a;1a;1a;1a;1a;1a;1a;1a;1a;1a;1a;1a;1a;1a;1a;1a;1a;1a;1a;1a;1a;1a;1a;1a;1a;1a,1,67,orbit20_fp1,wyckoff_orbit,20,1a,3,1,True,torus_fractional_coordinate,1a;1a;1a;1a;1a;1a;1a;1a;1a;1a;1a;1a;1a;1a;1a;1a;1a;1a;1a;1a;1a;1a;1a;1a;1a;1a
SG1|1a;1a;1a;1a;1a;1a;1a;1a;1a;1a;1a;1a;1a;1a;1a;1a;1a;1a;1a;1a;1a;1a;1a;1a;1a;1a,1,68,orbit20_fp2,wyckoff_orbit,20,1a,3,2,True,torus_fractional_coordinate,1a;1a;1a;1a;1a;1a;1a;1a;1a;1a;1a;1a;1a;1a;1a;1a;1a;1a;1a;1a;1a;1a;1a;1a;1a;1a
SG1|1a;1a;1a;1a;1a;1a;1a;1a;1a;1a;1a;1a;1a;1a;1a;1a;1a;1a;1a;1a;1a;1a;1a;1a;1a;1a,1,69,orbit21_fp0,wyckoff_orbit,21,1a,3,0,True,torus_fractional_coordinate,1a;1a;1a;1a;1a;1a;1a;1a;1a;1a;1a;1a;1a;1a;1a;1a;1a;1a;1a;1a;1a;1a;1a;1a;1a;1a
SG1|1a;1a;1a;1a;1a;1a;1a;1a;1a;1a;1a;1a;1a;1a;1a;1a;1a;1a;1a;1a;1a;1a;1a;1a;1a;1a,1,70,orbit21_fp1,wyckoff_orbit,21,1a,3,1,True,torus_fractional_coordinate,1a;1a;1a;1a;1a;1a;1a;1a;1a;1a;1a;1a;1a;1a;1a;1a;1a;1a;1a;1a;1a;1a;1a;1a;1a;1a
SG1|1a;1a;1a;1a;1a;1a;1a;1a;1a;1a;1a;1a;1a;1a;1a;1a;1a;1a;1a;1a;1a;1a;1a;1a;1a;1a,1,71,orbit21_fp2,wyckoff_orbit,21,1a,3,2,True,torus_fractional_coordinate,1a;1a;1a;1a;1a;1a;1a;1a;1a;1a;1a;1a;1a;1a;1a;1a;1a;1a;1a;1a;1a;1a;1a;1a;1a;1a
SG1|1a;1a;1a;1a;1a;1a;1a;1a;1a;1a;1a;1a;1a;1a;1a;1a;1a;1a;1a;1a;1a;1a;1a;1a;1a;1a,1,72,orbit22_fp0,wyckoff_orbit,22,1a,3,0,True,torus_fractional_coordinate,1a;1a;1a;1a;1a;1a;1a;1a;1a;1a;1a;1a;1a;1a;1a;1a;1a;1a;1a;1a;1a;1a;1a;1a;1a;1a
SG1|1a;1a;1a;1a;1a;1a;1a;1a;1a;1a;1a;1a;1a;1a;1a;1a;1a;1a;1a;1a;1a;1a;1a;1a;1a;1a,1,73,orbit22_fp1,wyckoff_orbit,22,1a,3,1,True,torus_fractional_coordinate,1a;1a;1a;1a;1a;1a;1a;1a;1a;1a;1a;1a;1a;1a;1a;1a;1a;1a;1a;1a;1a;1a;1a;1a;1a;1a
SG1|1a;1a;1a;1a;1a;1a;1a;1a;1a;1a;1a;1a;1a;1a;1a;1a;1a;1a;1a;1a;1a;1a;1a;1a;1a;1a,1,74,orbit22_fp2,wyckoff_orbit,22,1a,3,2,True,torus_fractional_coordinate,1a;1a;1a;1a;1a;1a;1a;1a;1a;1a;1a;1a;1a;1a;1a;1a;1a;1a;1a;1a;1a;1a;1a;1a;1a;1a
SG1|1a;1a;1a;1a;1a;1a;1a;1a;1a;1a;1a;1a;1a;1a;1a;1a;1a;1a;1a;1a;1a;1a;1a;1a;1a;1a,1,75,orbit23_fp0,wyckoff_orbit,23,1a,3,0,True,torus_fractional_coordinate,1a;1a;1a;1a;1a;1a;1a;1a;1a;1a;1a;1a;1a;1a;1a;1a;1a;1a;1a;1a;1a;1a;1a;1a;1a;1a
SG1|1a;1a;1a;1a;1a;1a;1a;1a;1a;1a;1a;1a;1a;1a;1a;1a;1a;1a;1a;1a;1a;1a;1a;1a;1a;1a,1,76,orbit23_fp1,wyckoff_orbit,23,1a,3,1,True,torus_fractional_coordinate,1a;1a;1a;1a;1a;1a;1a;1a;1a;1a;1a;1a;1a;1a;1a;1a;1a;1a;1a;1a;1a;1a;1a;1a;1a;1a
SG1|1a;1a;1a;1a;1a;1a;1a;1a;1a;1a;1a;1a;1a;1a;1a;1a;1a;1a;1a;1a;1a;1a;1a;1a;1a;1a,1,77,orbit23_fp2,wyckoff_orbit,23,1a,3,2,True,torus_fractional_coordinate,1a;1a;1a;1a;1a;1a;1a;1a;1a;1a;1a;1a;1a;1a;1a;1a;1a;1a;1a;1a;1a;1a;1a;1a;1a;1a
SG1|1a;1a;1a;1a;1a;1a;1a;1a;1a;1a;1a;1a;1a;1a;1a;1a;1a;1a;1a;1a;1a;1a;1a;1a;1a;1a,1,78,orbit24_fp0,wyckoff_orbit,24,1a,3,0,True,torus_fractional_coordinate,1a;1a;1a;1a;1a;1a;1a;1a;1a;1a;1a;1a;1a;1a;1a;1a;1a;1a;1a;1a;1a;1a;1a;1a;1a;1a
SG1|1a;1a;1a;1a;1a;1a;1a;1a;1a;1a;1a;1a;1a;1a;1a;1a;1a;1a;1a;1a;1a;1a;1a;1a;1a;1a,1,79,orbit24_fp1,wyckoff_orbit,24,1a,3,1,True,torus_fractional_coordinate,1a;1a;1a;1a;1a;1a;1a;1a;1a;1a;1a;1a;1a;1a;1a;1a;1a;1a;1a;1a;1a;1a;1a;1a;1a;1a
SG1|1a;1a;1a;1a;1a;1a;1a;1a;1a;1a;1a;1a;1a;1a;1a;1a;1a;1a;1a;1a;1a;1a;1a;1a;1a;1a,1,80,orbit24_fp2,wyckoff_orbit,24,1a,3,2,True,torus_fractional_coordinate,1a;1a;1a;1a;1a;1a;1a;1a;1a;1a;1a;1a;1a;1a;1a;1a;1a;1a;1a;1a;1a;1a;1a;1a;1a;1a
SG1|1a;1a;1a;1a;1a;1a;1a;1a;1a;1a;1a;1a;1a;1a;1a;1a;1a;1a;1a;1a;1a;1a;1a;1a;1a;1a,1,81,orbit25_fp0,wyckoff_orbit,25,1a,3,0,True,torus_fractional_coordinate,1a;1a;1a;1a;1a;1a;1a;1a;1a;1a;1a;1a;1a;1a;1a;1a;1a;1a;1a;1a;1a;1a;1a;1a;1a;1a
SG1|1a;1a;1a;1a;1a;1a;1a;1a;1a;1a;1a;1a;1a;1a;1a;1a;1a;1a;1a;1a;1a;1a;1a;1a;1a;1a,1,82,orbit25_fp1,wyckoff_orbit,25,1a,3,1,True,torus_fractional_coordinate,1a;1a;1a;1a;1a;1a;1a;1a;1a;1a;1a;1a;1a;1a;1a;1a;1a;1a;1a;1a;1a;1a;1a;1a;1a;1a
SG1|1a;1a;1a;1a;1a;1a;1a;1a;1a;1a;1a;1a;1a;1a;1a;1a;1a;1a;1a;1a;1a;1a;1a;1a;1a;1a,1,83,orbit25_fp2,wyckoff_orbit,25,1a,3,2,True,torus_fractional_coordinate,1a;1a;1a;1a;1a;1a;1a;1a;1a;1a;1a;1a;1a;1a;1a;1a;1a;1a;1a;1a;1a;1a;1a;1a;1a;1a
SG1|1a;1a;1a;1a;1a;1a;1a;1a;1a;1a;1a;1a;1a;1a;1a;1a;1a;1a;1a;1a;1a;1a;1a;1a;1a,1,0,lattice_a,lattice,-1,,0,-1,False,positive_length,1a;1a;1a;1a;1a;1a;1a;1a;1a;1a;1a;1a;1a;1a;1a;1a;1a;1a;1a;1a;1a;1a;1a;1a;1a
SG1|1a;1a;1a;1a;1a;1a;1a;1a;1a;1a;1a;1a;1a;1a;1a;1a;1a;1a;1a;1a;1a;1a;1a;1a;1a,1,1,lattice_b,lattice,-1,,0,-1,False,positive_length,1a;1a;1a;1a;1a;1a;1a;1a;1a;1a;1a;1a;1a;1a;1a;1a;1a;1a;1a;1a;1a;1a;1a;1a;1a
SG1|1a;1a;1a;1a;1a;1a;1a;1a;1a;1a;1a;1a;1a;1a;1a;1a;1a;1a;1a;1a;1a;1a;1a;1a;1a,1,2,lattice_c,lattice,-1,,0,-1,False,positive_length,1a;1a;1a;1a;1a;1a;1a;1a;1a;1a;1a;1a;1a;1a;1a;1a;1a;1a;1a;1a;1a;1a;1a;1a;1a
SG1|1a;1a;1a;1a;1a;1a;1a;1a;1a;1a;1a;1a;1a;1a;1a;1a;1a;1a;1a;1a;1a;1a;1a;1a;1a,1,3,alpha,lattice,-1,,0,-1,False,angle_degree,1a;1a;1a;1a;1a;1a;1a;1a;1a;1a;1a;1a;1a;1a;1a;1a;1a;1a;1a;1a;1a;1a;1a;1a;1a
SG1|1a;1a;1a;1a;1a;1a;1a;1a;1a;1a;1a;1a;1a;1a;1a;1a;1a;1a;1a;1a;1a;1a;1a;1a;1a,1,4,beta,lattice,-1,,0,-1,False,angle_degree,1a;1a;1a;1a;1a;1a;1a;1a;1a;1a;1a;1a;1a;1a;1a;1a;1a;1a;1a;1a;1a;1a;1a;1a;1a
SG1|1a;1a;1a;1a;1a;1a;1a;1a;1a;1a;1a;1a;1a;1a;1a;1a;1a;1a;1a;1a;1a;1a;1a;1a;1a,1,5,gamma,lattice,-1,,0,-1,False,angle_degree,1a;1a;1a;1a;1a;1a;1a;1a;1a;1a;1a;1a;1a;1a;1a;1a;1a;1a;1a;1a;1a;1a;1a;1a;1a
SG1|1a;1a;1a;1a;1a;1a;1a;1a;1a;1a;1a;1a;1a;1a;1a;1a;1a;1a;1a;1a;1a;1a;1a;1a;1a,1,6,orbit0_fp0,wyckoff_orbit,0,1a,3,0,True,torus_fractional_coordinate,1a;1a;1a;1a;1a;1a;1a;1a;1a;1a;1a;1a;1a;1a;1a;1a;1a;1a;1a;1a;1a;1a;1a;1a;1a
SG1|1a;1a;1a;1a;1a;1a;1a;1a;1a;1a;1a;1a;1a;1a;1a;1a;1a;1a;1a;1a;1a;1a;1a;1a;1a,1,7,orbit0_fp1,wyckoff_orbit,0,1a,3,1,True,torus_fractional_coordinate,1a;1a;1a;1a;1a;1a;1a;1a;1a;1a;1a;1a;1a;1a;1a;1a;1a;1a;1a;1a;1a;1a;1a;1a;1a
SG1|1a;1a;1a;1a;1a;1a;1a;1a;1a;1a;1a;1a;1a;1a;1a;1a;1a;1a;1a;1a;1a;1a;1a;1a;1a,1,8,orbit0_fp2,wyckoff_orbit,0,1a,3,2,True,torus_fractional_coordinate,1a;1a;1a;1a;1a;1a;1a;1a;1a;1a;1a;1a;1a;1a;1a;1a;1a;1a;1a;1a;1a;1a;1a;1a;1a
SG1|1a;1a;1a;1a;1a;1a;1a;1a;1a;1a;1a;1a;1a;1a;1a;1a;1a;1a;1a;1a;1a;1a;1a;1a;1a,1,9,orbit1_fp0,wyckoff_orbit,1,1a,3,0,True,torus_fractional_coordinate,1a;1a;1a;1a;1a;1a;1a;1a;1a;1a;1a;1a;1a;1a;1a;1a;1a;1a;1a;1a;1a;1a;1a;1a;1a
SG1|1a;1a;1a;1a;1a;1a;1a;1a;1a;1a;1a;1a;1a;1a;1a;1a;1a;1a;1a;1a;1a;1a;1a;1a;1a,1,10,orbit1_fp1,wyckoff_orbit,1,1a,3,1,True,torus_fractional_coordinate,1a;1a;1a;1a;1a;1a;1a;1a;1a;1a;1a;1a;1a;1a;1a;1a;1a;1a;1a;1a;1a;1a;1a;1a;1a
SG1|1a;1a;1a;1a;1a;1a;1a;1a;1a;1a;1a;1a;1a;1a;1a;1a;1a;1a;1a;1a;1a;1a;1a;1a;1a,1,11,orbit1_fp2,wyckoff_orbit,1,1a,3,2,True,torus_fractional_coordinate,1a;1a;1a;1a;1a;1a;1a;1a;1a;1a;1a;1a;1a;1a;1a;1a;1a;1a;1a;1a;1a;1a;1a;1a;1a
SG1|1a;1a;1a;1a;1a;1a;1a;1a;1a;1a;1a;1a;1a;1a;1a;1a;1a;1a;1a;1a;1a;1a;1a;1a;1a,1,12,orbit2_fp0,wyckoff_orbit,2,1a,3,0,True,torus_fractional_coordinate,1a;1a;1a;1a;1a;1a;1a;1a;1a;1a;1a;1a;1a;1a;1a;1a;1a;1a;1a;1a;1a;1a;1a;1a;1a
SG1|1a;1a;1a;1a;1a;1a;1a;1a;1a;1a;1a;1a;1a;1a;1a;1a;1a;1a;1a;1a;1a;1a;1a;1a;1a,1,13,orbit2_fp1,wyckoff_orbit,2,1a,3,1,True,torus_fractional_coordinate,1a;1a;1a;1a;1a;1a;1a;1a;1a;1a;1a;1a;1a;1a;1a;1a;1a;1a;1a;1a;1a;1a;1a;1a;1a
SG1|1a;1a;1a;1a;1a;1a;1a;1a;1a;1a;1a;1a;1a;1a;1a;1a;1a;1a;1a;1a;1a;1a;1a;1a;1a,1,14,orbit2_fp2,wyckoff_orbit,2,1a,3,2,True,torus_fractional_coordinate,1a;1a;1a;1a;1a;1a;1a;1a;1a;1a;1a;1a;1a;1a;1a;1a;1a;1a;1a;1a;1a;1a;1a;1a;1a
SG1|1a;1a;1a;1a;1a;1a;1a;1a;1a;1a;1a;1a;1a;1a;1a;1a;1a;1a;1a;1a;1a;1a;1a;1a;1a,1,15,orbit3_fp0,wyckoff_orbit,3,1a,3,0,True,torus_fractional_coordinate,1a;1a;1a;1a;1a;1a;1a;1a;1a;1a;1a;1a;1a;1a;1a;1a;1a;1a;1a;1a;1a;1a;1a;1a;1a
SG1|1a;1a;1a;1a;1a;1a;1a;1a;1a;1a;1a;1a;1a;1a;1a;1a;1a;1a;1a;1a;1a;1a;1a;1a;1a,1,16,orbit3_fp1,wyckoff_orbit,3,1a,3,1,True,torus_fractional_coordinate,1a;1a;1a;1a;1a;1a;1a;1a;1a;1a;1a;1a;1a;1a;1a;1a;1a;1a;1a;1a;1a;1a;1a;1a;1a
SG1|1a;1a;1a;1a;1a;1a;1a;1a;1a;1a;1a;1a;1a;1a;1a;1a;1a;1a;1a;1a;1a;1a;1a;1a;1a,1,17,orbit3_fp2,wyckoff_orbit,3,1a,3,2,True,torus_fractional_coordinate,1a;1a;1a;1a;1a;1a;1a;1a;1a;1a;1a;1a;1a;1a;1a;1a;1a;1a;1a;1a;1a;1a;1a;1a;1a
SG1|1a;1a;1a;1a;1a;1a;1a;1a;1a;1a;1a;1a;1a;1a;1a;1a;1a;1a;1a;1a;1a;1a;1a;1a;1a,1,18,orbit4_fp0,wyckoff_orbit,4,1a,3,0,True,torus_fractional_coordinate,1a;1a;1a;1a;1a;1a;1a;1a;1a;1a;1a;1a;1a;1a;1a;1a;1a;1a;1a;1a;1a;1a;1a;1a;1a
SG1|1a;1a;1a;1a;1a;1a;1a;1a;1a;1a;1a;1a;1a;1a;1a;1a;1a;1a;1a;1a;1a;1a;1a;1a;1a,1,19,orbit4_fp1,wyckoff_orbit,4,1a,3,1,True,torus_fractional_coordinate,1a;1a;1a;1a;1a;1a;1a;1a;1a;1a;1a;1a;1a;1a;1a;1a;1a;1a;1a;1a;1a;1a;1a;1a;1a
SG1|1a;1a;1a;1a;1a;1a;1a;1a;1a;1a;1a;1a;1a;1a;1a;1a;1a;1a;1a;1a;1a;1a;1a;1a;1a,1,20,orbit4_fp2,wyckoff_orbit,4,1a,3,2,True,torus_fractional_coordinate,1a;1a;1a;1a;1a;1a;1a;1a;1a;1a;1a;1a;1a;1a;1a;1a;1a;1a;1a;1a;1a;1a;1a;1a;1a
SG1|1a;1a;1a;1a;1a;1a;1a;1a;1a;1a;1a;1a;1a;1a;1a;1a;1a;1a;1a;1a;1a;1a;1a;1a;1a,1,21,orbit5_fp0,wyckoff_orbit,5,1a,3,0,True,torus_fractional_coordinate,1a;1a;1a;1a;1a;1a;1a;1a;1a;1a;1a;1a;1a;1a;1a;1a;1a;1a;1a;1a;1a;1a;1a;1a;1a
SG1|1a;1a;1a;1a;1a;1a;1a;1a;1a;1a;1a;1a;1a;1a;1a;1a;1a;1a;1a;1a;1a;1a;1a;1a;1a,1,22,orbit5_fp1,wyckoff_orbit,5,1a,3,1,True,torus_fractional_coordinate,1a;1a;1a;1a;1a;1a;1a;1a;1a;1a;1a;1a;1a;1a;1a;1a;1a;1a;1a;1a;1a;1a;1a;1a;1a
SG1|1a;1a;1a;1a;1a;1a;1a;1a;1a;1a;1a;1a;1a;1a;1a;1a;1a;1a;1a;1a;1a;1a;1a;1a;1a,1,23,orbit5_fp2,wyckoff_orbit,5,1a,3,2,True,torus_fractional_coordinate,1a;1a;1a;1a;1a;1a;1a;1a;1a;1a;1a;1a;1a;1a;1a;1a;1a;1a;1a;1a;1a;1a;1a;1a;1a
SG1|1a;1a;1a;1a;1a;1a;1a;1a;1a;1a;1a;1a;1a;1a;1a;1a;1a;1a;1a;1a;1a;1a;1a;1a;1a,1,24,orbit6_fp0,wyckoff_orbit,6,1a,3,0,True,torus_fractional_coordinate,1a;1a;1a;1a;1a;1a;1a;1a;1a;1a;1a;1a;1a;1a;1a;1a;1a;1a;1a;1a;1a;1a;1a;1a;1a
SG1|1a;1a;1a;1a;1a;1a;1a;1a;1a;1a;1a;1a;1a;1a;1a;1a;1a;1a;1a;1a;1a;1a;1a;1a;1a,1,25,orbit6_fp1,wyckoff_orbit,6,1a,3,1,True,torus_fractional_coordinate,1a;1a;1a;1a;1a;1a;1a;1a;1a;1a;1a;1a;1a;1a;1a;1a;1a;1a;1a;1a;1a;1a;1a;1a;1a
SG1|1a;1a;1a;1a;1a;1a;1a;1a;1a;1a;1a;1a;1a;1a;1a;1a;1a;1a;1a;1a;1a;1a;1a;1a;1a,1,26,orbit6_fp2,wyckoff_orbit,6,1a,3,2,True,torus_fractional_coordinate,1a;1a;1a;1a;1a;1a;1a;1a;1a;1a;1a;1a;1a;1a;1a;1a;1a;1a;1a;1a;1a;1a;1a;1a;1a
SG1|1a;1a;1a;1a;1a;1a;1a;1a;1a;1a;1a;1a;1a;1a;1a;1a;1a;1a;1a;1a;1a;1a;1a;1a;1a,1,27,orbit7_fp0,wyckoff_orbit,7,1a,3,0,True,torus_fractional_coordinate,1a;1a;1a;1a;1a;1a;1a;1a;1a;1a;1a;1a;1a;1a;1a;1a;1a;1a;1a;1a;1a;1a;1a;1a;1a
SG1|1a;1a;1a;1a;1a;1a;1a;1a;1a;1a;1a;1a;1a;1a;1a;1a;1a;1a;1a;1a;1a;1a;1a;1a;1a,1,28,orbit7_fp1,wyckoff_orbit,7,1a,3,1,True,torus_fractional_coordinate,1a;1a;1a;1a;1a;1a;1a;1a;1a;1a;1a;1a;1a;1a;1a;1a;1a;1a;1a;1a;1a;1a;1a;1a;1a
SG1|1a;1a;1a;1a;1a;1a;1a;1a;1a;1a;1a;1a;1a;1a;1a;1a;1a;1a;1a;1a;1a;1a;1a;1a;1a,1,29,orbit7_fp2,wyckoff_orbit,7,1a,3,2,True,torus_fractional_coordinate,1a;1a;1a;1a;1a;1a;1a;1a;1a;1a;1a;1a;1a;1a;1a;1a;1a;1a;1a;1a;1a;1a;1a;1a;1a
SG1|1a;1a;1a;1a;1a;1a;1a;1a;1a;1a;1a;1a;1a;1a;1a;1a;1a;1a;1a;1a;1a;1a;1a;1a;1a,1,30,orbit8_fp0,wyckoff_orbit,8,1a,3,0,True,torus_fractional_coordinate,1a;1a;1a;1a;1a;1a;1a;1a;1a;1a;1a;1a;1a;1a;1a;1a;1a;1a;1a;1a;1a;1a;1a;1a;1a
SG1|1a;1a;1a;1a;1a;1a;1a;1a;1a;1a;1a;1a;1a;1a;1a;1a;1a;1a;1a;1a;1a;1a;1a;1a;1a,1,31,orbit8_fp1,wyckoff_orbit,8,1a,3,1,True,torus_fractional_coordinate,1a;1a;1a;1a;1a;1a;1a;1a;1a;1a;1a;1a;1a;1a;1a;1a;1a;1a;1a;1a;1a;1a;1a;1a;1a
SG1|1a;1a;1a;1a;1a;1a;1a;1a;1a;1a;1a;1a;1a;1a;1a;1a;1a;1a;1a;1a;1a;1a;1a;1a;1a,1,32,orbit8_fp2,wyckoff_orbit,8,1a,3,2,True,torus_fractional_coordinate,1a;1a;1a;1a;1a;1a;1a;1a;1a;1a;1a;1a;1a;1a;1a;1a;1a;1a;1a;1a;1a;1a;1a;1a;1a
SG1|1a;1a;1a;1a;1a;1a;1a;1a;1a;1a;1a;1a;1a;1a;1a;1a;1a;1a;1a;1a;1a;1a;1a;1a;1a,1,33,orbit9_fp0,wyckoff_orbit,9,1a,3,0,True,torus_fractional_coordinate,1a;1a;1a;1a;1a;1a;1a;1a;1a;1a;1a;1a;1a;1a;1a;1a;1a;1a;1a;1a;1a;1a;1a;1a;1a
SG1|1a;1a;1a;1a;1a;1a;1a;1a;1a;1a;1a;1a;1a;1a;1a;1a;1a;1a;1a;1a;1a;1a;1a;1a;1a,1,34,orbit9_fp1,wyckoff_orbit,9,1a,3,1,True,torus_fractional_coordinate,1a;1a;1a;1a;1a;1a;1a;1a;1a;1a;1a;1a;1a;1a;1a;1a;1a;1a;1a;1a;1a;1a;1a;1a;1a
SG1|1a;1a;1a;1a;1a;1a;1a;1a;1a;1a;1a;1a;1a;1a;1a;1a;1a;1a;1a;1a;1a;1a;1a;1a;1a,1,35,orbit9_fp2,wyckoff_orbit,9,1a,3,2,True,torus_fractional_coordinate,1a;1a;1a;1a;1a;1a;1a;1a;1a;1a;1a;1a;1a;1a;1a;1a;1a;1a;1a;1a;1a;1a;1a;1a;1a
SG1|1a;1a;1a;1a;1a;1a;1a;1a;1a;1a;1a;1a;1a;1a;1a;1a;1a;1a;1a;1a;1a;1a;1a;1a;1a,1,36,orbit10_fp0,wyckoff_orbit,10,1a,3,0,True,torus_fractional_coordinate,1a;1a;1a;1a;1a;1a;1a;1a;1a;1a;1a;1a;1a;1a;1a;1a;1a;1a;1a;1a;1a;1a;1a;1a;1a
SG1|1a;1a;1a;1a;1a;1a;1a;1a;1a;1a;1a;1a;1a;1a;1a;1a;1a;1a;1a;1a;1a;1a;1a;1a;1a,1,37,orbit10_fp1,wyckoff_orbit,10,1a,3,1,True,torus_fractional_coordinate,1a;1a;1a;1a;1a;1a;1a;1a;1a;1a;1a;1a;1a;1a;1a;1a;1a;1a;1a;1a;1a;1a;1a;1a;1a
SG1|1a;1a;1a;1a;1a;1a;1a;1a;1a;1a;1a;1a;1a;1a;1a;1a;1a;1a;1a;1a;1a;1a;1a;1a;1a,1,38,orbit10_fp2,wyckoff_orbit,10,1a,3,2,True,torus_fractional_coordinate,1a;1a;1a;1a;1a;1a;1a;1a;1a;1a;1a;1a;1a;1a;1a;1a;1a;1a;1a;1a;1a;1a;1a;1a;1a
SG1|1a;1a;1a;1a;1a;1a;1a;1a;1a;1a;1a;1a;1a;1a;1a;1a;1a;1a;1a;1a;1a;1a;1a;1a;1a,1,39,orbit11_fp0,wyckoff_orbit,11,1a,3,0,True,torus_fractional_coordinate,1a;1a;1a;1a;1a;1a;1a;1a;1a;1a;1a;1a;1a;1a;1a;1a;1a;1a;1a;1a;1a;1a;1a;1a;1a
SG1|1a;1a;1a;1a;1a;1a;1a;1a;1a;1a;1a;1a;1a;1a;1a;1a;1a;1a;1a;1a;1a;1a;1a;1a;1a,1,40,orbit11_fp1,wyckoff_orbit,11,1a,3,1,True,torus_fractional_coordinate,1a;1a;1a;1a;1a;1a;1a;1a;1a;1a;1a;1a;1a;1a;1a;1a;1a;1a;1a;1a;1a;1a;1a;1a;1a
SG1|1a;1a;1a;1a;1a;1a;1a;1a;1a;1a;1a;1a;1a;1a;1a;1a;1a;1a;1a;1a;1a;1a;1a;1a;1a,1,41,orbit11_fp2,wyckoff_orbit,11,1a,3,2,True,torus_fractional_coordinate,1a;1a;1a;1a;1a;1a;1a;1a;1a;1a;1a;1a;1a;1a;1a;1a;1a;1a;1a;1a;1a;1a;1a;1a;1a
SG1|1a;1a;1a;1a;1a;1a;1a;1a;1a;1a;1a;1a;1a;1a;1a;1a;1a;1a;1a;1a;1a;1a;1a;1a;1a,1,42,orbit12_fp0,wyckoff_orbit,12,1a,3,0,True,torus_fractional_coordinate,1a;1a;1a;1a;1a;1a;1a;1a;1a;1a;1a;1a;1a;1a;1a;1a;1a;1a;1a;1a;1a;1a;1a;1a;1a
SG1|1a;1a;1a;1a;1a;1a;1a;1a;1a;1a;1a;1a;1a;1a;1a;1a;1a;1a;1a;1a;1a;1a;1a;1a;1a,1,43,orbit12_fp1,wyckoff_orbit,12,1a,3,1,True,torus_fractional_coordinate,1a;1a;1a;1a;1a;1a;1a;1a;1a;1a;1a;1a;1a;1a;1a;1a;1a;1a;1a;1a;1a;1a;1a;1a;1a
SG1|1a;1a;1a;1a;1a;1a;1a;1a;1a;1a;1a;1a;1a;1a;1a;1a;1a;1a;1a;1a;1a;1a;1a;1a;1a,1,44,orbit12_fp2,wyckoff_orbit,12,1a,3,2,True,torus_fractional_coordinate,1a;1a;1a;1a;1a;1a;1a;1a;1a;1a;1a;1a;1a;1a;1a;1a;1a;1a;1a;1a;1a;1a;1a;1a;1a
SG1|1a;1a;1a;1a;1a;1a;1a;1a;1a;1a;1a;1a;1a;1a;1a;1a;1a;1a;1a;1a;1a;1a;1a;1a;1a,1,45,orbit13_fp0,wyckoff_orbit,13,1a,3,0,True,torus_fractional_coordinate,1a;1a;1a;1a;1a;1a;1a;1a;1a;1a;1a;1a;1a;1a;1a;1a;1a;1a;1a;1a;1a;1a;1a;1a;1a
SG1|1a;1a;1a;1a;1a;1a;1a;1a;1a;1a;1a;1a;1a;1a;1a;1a;1a;1a;1a;1a;1a;1a;1a;1a;1a,1,46,orbit13_fp1,wyckoff_orbit,13,1a,3,1,True,torus_fractional_coordinate,1a;1a;1a;1a;1a;1a;1a;1a;1a;1a;1a;1a;1a;1a;1a;1a;1a;1a;1a;1a;1a;1a;1a;1a;1a
SG1|1a;1a;1a;1a;1a;1a;1a;1a;1a;1a;1a;1a;1a;1a;1a;1a;1a;1a;1a;1a;1a;1a;1a;1a;1a,1,47,orbit13_fp2,wyckoff_orbit,13,1a,3,2,True,torus_fractional_coordinate,1a;1a;1a;1a;1a;1a;1a;1a;1a;1a;1a;1a;1a;1a;1a;1a;1a;1a;1a;1a;1a;1a;1a;1a;1a
SG1|1a;1a;1a;1a;1a;1a;1a;1a;1a;1a;1a;1a;1a;1a;1a;1a;1a;1a;1a;1a;1a;1a;1a;1a;1a,1,48,orbit14_fp0,wyckoff_orbit,14,1a,3,0,True,torus_fractional_coordinate,1a;1a;1a;1a;1a;1a;1a;1a;1a;1a;1a;1a;1a;1a;1a;1a;1a;1a;1a;1a;1a;1a;1a;1a;1a
SG1|1a;1a;1a;1a;1a;1a;1a;1a;1a;1a;1a;1a;1a;1a;1a;1a;1a;1a;1a;1a;1a;1a;1a;1a;1a,1,49,orbit14_fp1,wyckoff_orbit,14,1a,3,1,True,torus_fractional_coordinate,1a;1a;1a;1a;1a;1a;1a;1a;1a;1a;1a;1a;1a;1a;1a;1a;1a;1a;1a;1a;1a;1a;1a;1a;1a
SG1|1a;1a;1a;1a;1a;1a;1a;1a;1a;1a;1a;1a;1a;1a;1a;1a;1a;1a;1a;1a;1a;1a;1a;1a;1a,1,50,orbit14_fp2,wyckoff_orbit,14,1a,3,2,True,torus_fractional_coordinate,1a;1a;1a;1a;1a;1a;1a;1a;1a;1a;1a;1a;1a;1a;1a;1a;1a;1a;1a;1a;1a;1a;1a;1a;1a
SG1|1a;1a;1a;1a;1a;1a;1a;1a;1a;1a;1a;1a;1a;1a;1a;1a;1a;1a;1a;1a;1a;1a;1a;1a;1a,1,51,orbit15_fp0,wyckoff_orbit,15,1a,3,0,True,torus_fractional_coordinate,1a;1a;1a;1a;1a;1a;1a;1a;1a;1a;1a;1a;1a;1a;1a;1a;1a;1a;1a;1a;1a;1a;1a;1a;1a
SG1|1a;1a;1a;1a;1a;1a;1a;1a;1a;1a;1a;1a;1a;1a;1a;1a;1a;1a;1a;1a;1a;1a;1a;1a;1a,1,52,orbit15_fp1,wyckoff_orbit,15,1a,3,1,True,torus_fractional_coordinate,1a;1a;1a;1a;1a;1a;1a;1a;1a;1a;1a;1a;1a;1a;1a;1a;1a;1a;1a;1a;1a;1a;1a;1a;1a
SG1|1a;1a;1a;1a;1a;1a;1a;1a;1a;1a;1a;1a;1a;1a;1a;1a;1a;1a;1a;1a;1a;1a;1a;1a;1a,1,53,orbit15_fp2,wyckoff_orbit,15,1a,3,2,True,torus_fractional_coordinate,1a;1a;1a;1a;1a;1a;1a;1a;1a;1a;1a;1a;1a;1a;1a;1a;1a;1a;1a;1a;1a;1a;1a;1a;1a
SG1|1a;1a;1a;1a;1a;1a;1a;1a;1a;1a;1a;1a;1a;1a;1a;1a;1a;1a;1a;1a;1a;1a;1a;1a;1a,1,54,orbit16_fp0,wyckoff_orbit,16,1a,3,0,True,torus_fractional_coordinate,1a;1a;1a;1a;1a;1a;1a;1a;1a;1a;1a;1a;1a;1a;1a;1a;1a;1a;1a;1a;1a;1a;1a;1a;1a
SG1|1a;1a;1a;1a;1a;1a;1a;1a;1a;1a;1a;1a;1a;1a;1a;1a;1a;1a;1a;1a;1a;1a;1a;1a;1a,1,55,orbit16_fp1,wyckoff_orbit,16,1a,3,1,True,torus_fractional_coordinate,1a;1a;1a;1a;1a;1a;1a;1a;1a;1a;1a;1a;1a;1a;1a;1a;1a;1a;1a;1a;1a;1a;1a;1a;1a
SG1|1a;1a;1a;1a;1a;1a;1a;1a;1a;1a;1a;1a;1a;1a;1a;1a;1a;1a;1a;1a;1a;1a;1a;1a;1a,1,56,orbit16_fp2,wyckoff_orbit,16,1a,3,2,True,torus_fractional_coordinate,1a;1a;1a;1a;1a;1a;1a;1a;1a;1a;1a;1a;1a;1a;1a;1a;1a;1a;1a;1a;1a;1a;1a;1a;1a
SG1|1a;1a;1a;1a;1a;1a;1a;1a;1a;1a;1a;1a;1a;1a;1a;1a;1a;1a;1a;1a;1a;1a;1a;1a;1a,1,57,orbit17_fp0,wyckoff_orbit,17,1a,3,0,True,torus_fractional_coordinate,1a;1a;1a;1a;1a;1a;1a;1a;1a;1a;1a;1a;1a;1a;1a;1a;1a;1a;1a;1a;1a;1a;1a;1a;1a
SG1|1a;1a;1a;1a;1a;1a;1a;1a;1a;1a;1a;1a;1a;1a;1a;1a;1a;1a;1a;1a;1a;1a;1a;1a;1a,1,58,orbit17_fp1,wyckoff_orbit,17,1a,3,1,True,torus_fractional_coordinate,1a;1a;1a;1a;1a;1a;1a;1a;1a;1a;1a;1a;1a;1a;1a;1a;1a;1a;1a;1a;1a;1a;1a;1a;1a
SG1|1a;1a;1a;1a;1a;1a;1a;1a;1a;1a;1a;1a;1a;1a;1a;1a;1a;1a;1a;1a;1a;1a;1a;1a;1a,1,59,orbit17_fp2,wyckoff_orbit,17,1a,3,2,True,torus_fractional_coordinate,1a;1a;1a;1a;1a;1a;1a;1a;1a;1a;1a;1a;1a;1a;1a;1a;1a;1a;1a;1a;1a;1a;1a;1a;1a
SG1|1a;1a;1a;1a;1a;1a;1a;1a;1a;1a;1a;1a;1a;1a;1a;1a;1a;1a;1a;1a;1a;1a;1a;1a;1a,1,60,orbit18_fp0,wyckoff_orbit,18,1a,3,0,True,torus_fractional_coordinate,1a;1a;1a;1a;1a;1a;1a;1a;1a;1a;1a;1a;1a;1a;1a;1a;1a;1a;1a;1a;1a;1a;1a;1a;1a
SG1|1a;1a;1a;1a;1a;1a;1a;1a;1a;1a;1a;1a;1a;1a;1a;1a;1a;1a;1a;1a;1a;1a;1a;1a;1a,1,61,orbit18_fp1,wyckoff_orbit,18,1a,3,1,True,torus_fractional_coordinate,1a;1a;1a;1a;1a;1a;1a;1a;1a;1a;1a;1a;1a;1a;1a;1a;1a;1a;1a;1a;1a;1a;1a;1a;1a
SG1|1a;1a;1a;1a;1a;1a;1a;1a;1a;1a;1a;1a;1a;1a;1a;1a;1a;1a;1a;1a;1a;1a;1a;1a;1a,1,62,orbit18_fp2,wyckoff_orbit,18,1a,3,2,True,torus_fractional_coordinate,1a;1a;1a;1a;1a;1a;1a;1a;1a;1a;1a;1a;1a;1a;1a;1a;1a;1a;1a;1a;1a;1a;1a;1a;1a
SG1|1a;1a;1a;1a;1a;1a;1a;1a;1a;1a;1a;1a;1a;1a;1a;1a;1a;1a;1a;1a;1a;1a;1a;1a;1a,1,63,orbit19_fp0,wyckoff_orbit,19,1a,3,0,True,torus_fractional_coordinate,1a;1a;1a;1a;1a;1a;1a;1a;1a;1a;1a;1a;1a;1a;1a;1a;1a;1a;1a;1a;1a;1a;1a;1a;1a
SG1|1a;1a;1a;1a;1a;1a;1a;1a;1a;1a;1a;1a;1a;1a;1a;1a;1a;1a;1a;1a;1a;1a;1a;1a;1a,1,64,orbit19_fp1,wyckoff_orbit,19,1a,3,1,True,torus_fractional_coordinate,1a;1a;1a;1a;1a;1a;1a;1a;1a;1a;1a;1a;1a;1a;1a;1a;1a;1a;1a;1a;1a;1a;1a;1a;1a
SG1|1a;1a;1a;1a;1a;1a;1a;1a;1a;1a;1a;1a;1a;1a;1a;1a;1a;1a;1a;1a;1a;1a;1a;1a;1a,1,65,orbit19_fp2,wyckoff_orbit,19,1a,3,2,True,torus_fractional_coordinate,1a;1a;1a;1a;1a;1a;1a;1a;1a;1a;1a;1a;1a;1a;1a;1a;1a;1a;1a;1a;1a;1a;1a;1a;1a
SG1|1a;1a;1a;1a;1a;1a;1a;1a;1a;1a;1a;1a;1a;1a;1a;1a;1a;1a;1a;1a;1a;1a;1a;1a;1a,1,66,orbit20_fp0,wyckoff_orbit,20,1a,3,0,True,torus_fractional_coordinate,1a;1a;1a;1a;1a;1a;1a;1a;1a;1a;1a;1a;1a;1a;1a;1a;1a;1a;1a;1a;1a;1a;1a;1a;1a
SG1|1a;1a;1a;1a;1a;1a;1a;1a;1a;1a;1a;1a;1a;1a;1a;1a;1a;1a;1a;1a;1a;1a;1a;1a;1a,1,67,orbit20_fp1,wyckoff_orbit,20,1a,3,1,True,torus_fractional_coordinate,1a;1a;1a;1a;1a;1a;1a;1a;1a;1a;1a;1a;1a;1a;1a;1a;1a;1a;1a;1a;1a;1a;1a;1a;1a
SG1|1a;1a;1a;1a;1a;1a;1a;1a;1a;1a;1a;1a;1a;1a;1a;1a;1a;1a;1a;1a;1a;1a;1a;1a;1a,1,68,orbit20_fp2,wyckoff_orbit,20,1a,3,2,True,torus_fractional_coordinate,1a;1a;1a;1a;1a;1a;1a;1a;1a;1a;1a;1a;1a;1a;1a;1a;1a;1a;1a;1a;1a;1a;1a;1a;1a
SG1|1a;1a;1a;1a;1a;1a;1a;1a;1a;1a;1a;1a;1a;1a;1a;1a;1a;1a;1a;1a;1a;1a;1a;1a;1a,1,69,orbit21_fp0,wyckoff_orbit,21,1a,3,0,True,torus_fractional_coordinate,1a;1a;1a;1a;1a;1a;1a;1a;1a;1a;1a;1a;1a;1a;1a;1a;1a;1a;1a;1a;1a;1a;1a;1a;1a
SG1|1a;1a;1a;1a;1a;1a;1a;1a;1a;1a;1a;1a;1a;1a;1a;1a;1a;1a;1a;1a;1a;1a;1a;1a;1a,1,70,orbit21_fp1,wyckoff_orbit,21,1a,3,1,True,torus_fractional_coordinate,1a;1a;1a;1a;1a;1a;1a;1a;1a;1a;1a;1a;1a;1a;1a;1a;1a;1a;1a;1a;1a;1a;1a;1a;1a
SG1|1a;1a;1a;1a;1a;1a;1a;1a;1a;1a;1a;1a;1a;1a;1a;1a;1a;1a;1a;1a;1a;1a;1a;1a;1a,1,71,orbit21_fp2,wyckoff_orbit,21,1a,3,2,True,torus_fractional_coordinate,1a;1a;1a;1a;1a;1a;1a;1a;1a;1a;1a;1a;1a;1a;1a;1a;1a;1a;1a;1a;1a;1a;1a;1a;1a
SG1|1a;1a;1a;1a;1a;1a;1a;1a;1a;1a;1a;1a;1a;1a;1a;1a;1a;1a;1a;1a;1a;1a;1a;1a;1a,1,72,orbit22_fp0,wyckoff_orbit,22,1a,3,0,True,torus_fractional_coordinate,1a;1a;1a;1a;1a;1a;1a;1a;1a;1a;1a;1a;1a;1a;1a;1a;1a;1a;1a;1a;1a;1a;1a;1a;1a
SG1|1a;1a;1a;1a;1a;1a;1a;1a;1a;1a;1a;1a;1a;1a;1a;1a;1a;1a;1a;1a;1a;1a;1a;1a;1a,1,73,orbit22_fp1,wyckoff_orbit,22,1a,3,1,True,torus_fractional_coordinate,1a;1a;1a;1a;1a;1a;1a;1a;1a;1a;1a;1a;1a;1a;1a;1a;1a;1a;1a;1a;1a;1a;1a;1a;1a
SG1|1a;1a;1a;1a;1a;1a;1a;1a;1a;1a;1a;1a;1a;1a;1a;1a;1a;1a;1a;1a;1a;1a;1a;1a;1a,1,74,orbit22_fp2,wyckoff_orbit,22,1a,3,2,True,torus_fractional_coordinate,1a;1a;1a;1a;1a;1a;1a;1a;1a;1a;1a;1a;1a;1a;1a;1a;1a;1a;1a;1a;1a;1a;1a;1a;1a
SG1|1a;1a;1a;1a;1a;1a;1a;1a;1a;1a;1a;1a;1a;1a;1a;1a;1a;1a;1a;1a;1a;1a;1a;1a;1a,1,75,orbit23_fp0,wyckoff_orbit,23,1a,3,0,True,torus_fractional_coordinate,1a;1a;1a;1a;1a;1a;1a;1a;1a;1a;1a;1a;1a;1a;1a;1a;1a;1a;1a;1a;1a;1a;1a;1a;1a
SG1|1a;1a;1a;1a;1a;1a;1a;1a;1a;1a;1a;1a;1a;1a;1a;1a;1a;1a;1a;1a;1a;1a;1a;1a;1a,1,76,orbit23_fp1,wyckoff_orbit,23,1a,3,1,True,torus_fractional_coordinate,1a;1a;1a;1a;1a;1a;1a;1a;1a;1a;1a;1a;1a;1a;1a;1a;1a;1a;1a;1a;1a;1a;1a;1a;1a
SG1|1a;1a;1a;1a;1a;1a;1a;1a;1a;1a;1a;1a;1a;1a;1a;1a;1a;1a;1a;1a;1a;1a;1a;1a;1a,1,77,orbit23_fp2,wyckoff_orbit,23,1a,3,2,True,torus_fractional_coordinate,1a;1a;1a;1a;1a;1a;1a;1a;1a;1a;1a;1a;1a;1a;1a;1a;1a;1a;1a;1a;1a;1a;1a;1a;1a
SG1|1a;1a;1a;1a;1a;1a;1a;1a;1a;1a;1a;1a;1a;1a;1a;1a;1a;1a;1a;1a;1a;1a;1a;1a;1a,1,78,orbit24_fp0,wyckoff_orbit,24,1a,3,0,True,torus_fractional_coordinate,1a;1a;1a;1a;1a;1a;1a;1a;1a;1a;1a;1a;1a;1a;1a;1a;1a;1a;1a;1a;1a;1a;1a;1a;1a
SG1|1a;1a;1a;1a;1a;1a;1a;1a;1a;1a;1a;1a;1a;1a;1a;1a;1a;1a;1a;1a;1a;1a;1a;1a;1a,1,79,orbit24_fp1,wyckoff_orbit,24,1a,3,1,True,torus_fractional_coordinate,1a;1a;1a;1a;1a;1a;1a;1a;1a;1a;1a;1a;1a;1a;1a;1a;1a;1a;1a;1a;1a;1a;1a;1a;1a
SG1|1a;1a;1a;1a;1a;1a;1a;1a;1a;1a;1a;1a;1a;1a;1a;1a;1a;1a;1a;1a;1a;1a;1a;1a;1a,1,80,orbit24_fp2,wyckoff_orbit,24,1a,3,2,True,torus_fractional_coordinate,1a;1a;1a;1a;1a;1a;1a;1a;1a;1a;1a;1a;1a;1a;1a;1a;1a;1a;1a;1a;1a;1a;1a;1a;1a
SG1|1a;1a;1a;1a;1a;1a;1a;1a;1a;1a;1a;1a;1a;1a;1a;1a;1a;1a;1a;1a;1a;1a;1a;1a,1,0,lattice_a,lattice,-1,,0,-1,False,positive_length,1a;1a;1a;1a;1a;1a;1a;1a;1a;1a;1a;1a;1a;1a;1a;1a;1a;1a;1a;1a;1a;1a;1a;1a
SG1|1a;1a;1a;1a;1a;1a;1a;1a;1a;1a;1a;1a;1a;1a;1a;1a;1a;1a;1a;1a;1a;1a;1a;1a,1,1,lattice_b,lattice,-1,,0,-1,False,positive_length,1a;1a;1a;1a;1a;1a;1a;1a;1a;1a;1a;1a;1a;1a;1a;1a;1a;1a;1a;1a;1a;1a;1a;1a
SG1|1a;1a;1a;1a;1a;1a;1a;1a;1a;1a;1a;1a;1a;1a;1a;1a;1a;1a;1a;1a;1a;1a;1a;1a,1,2,lattice_c,lattice,-1,,0,-1,False,positive_length,1a;1a;1a;1a;1a;1a;1a;1a;1a;1a;1a;1a;1a;1a;1a;1a;1a;1a;1a;1a;1a;1a;1a;1a
SG1|1a;1a;1a;1a;1a;1a;1a;1a;1a;1a;1a;1a;1a;1a;1a;1a;1a;1a;1a;1a;1a;1a;1a;1a,1,3,alpha,lattice,-1,,0,-1,False,angle_degree,1a;1a;1a;1a;1a;1a;1a;1a;1a;1a;1a;1a;1a;1a;1a;1a;1a;1a;1a;1a;1a;1a;1a;1a
SG1|1a;1a;1a;1a;1a;1a;1a;1a;1a;1a;1a;1a;1a;1a;1a;1a;1a;1a;1a;1a;1a;1a;1a;1a,1,4,beta,lattice,-1,,0,-1,False,angle_degree,1a;1a;1a;1a;1a;1a;1a;1a;1a;1a;1a;1a;1a;1a;1a;1a;1a;1a;1a;1a;1a;1a;1a;1a
SG1|1a;1a;1a;1a;1a;1a;1a;1a;1a;1a;1a;1a;1a;1a;1a;1a;1a;1a;1a;1a;1a;1a;1a;1a,1,5,gamma,lattice,-1,,0,-1,False,angle_degree,1a;1a;1a;1a;1a;1a;1a;1a;1a;1a;1a;1a;1a;1a;1a;1a;1a;1a;1a;1a;1a;1a;1a;1a
SG1|1a;1a;1a;1a;1a;1a;1a;1a;1a;1a;1a;1a;1a;1a;1a;1a;1a;1a;1a;1a;1a;1a;1a;1a,1,6,orbit0_fp0,wyckoff_orbit,0,1a,3,0,True,torus_fractional_coordinate,1a;1a;1a;1a;1a;1a;1a;1a;1a;1a;1a;1a;1a;1a;1a;1a;1a;1a;1a;1a;1a;1a;1a;1a
SG1|1a;1a;1a;1a;1a;1a;1a;1a;1a;1a;1a;1a;1a;1a;1a;1a;1a;1a;1a;1a;1a;1a;1a;1a,1,7,orbit0_fp1,wyckoff_orbit,0,1a,3,1,True,torus_fractional_coordinate,1a;1a;1a;1a;1a;1a;1a;1a;1a;1a;1a;1a;1a;1a;1a;1a;1a;1a;1a;1a;1a;1a;1a;1a
SG1|1a;1a;1a;1a;1a;1a;1a;1a;1a;1a;1a;1a;1a;1a;1a;1a;1a;1a;1a;1a;1a;1a;1a;1a,1,8,orbit0_fp2,wyckoff_orbit,0,1a,3,2,True,torus_fractional_coordinate,1a;1a;1a;1a;1a;1a;1a;1a;1a;1a;1a;1a;1a;1a;1a;1a;1a;1a;1a;1a;1a;1a;1a;1a
SG1|1a;1a;1a;1a;1a;1a;1a;1a;1a;1a;1a;1a;1a;1a;1a;1a;1a;1a;1a;1a;1a;1a;1a;1a,1,9,orbit1_fp0,wyckoff_orbit,1,1a,3,0,True,torus_fractional_coordinate,1a;1a;1a;1a;1a;1a;1a;1a;1a;1a;1a;1a;1a;1a;1a;1a;1a;1a;1a;1a;1a;1a;1a;1a
SG1|1a;1a;1a;1a;1a;1a;1a;1a;1a;1a;1a;1a;1a;1a;1a;1a;1a;1a;1a;1a;1a;1a;1a;1a,1,10,orbit1_fp1,wyckoff_orbit,1,1a,3,1,True,torus_fractional_coordinate,1a;1a;1a;1a;1a;1a;1a;1a;1a;1a;1a;1a;1a;1a;1a;1a;1a;1a;1a;1a;1a;1a;1a;1a
SG1|1a;1a;1a;1a;1a;1a;1a;1a;1a;1a;1a;1a;1a;1a;1a;1a;1a;1a;1a;1a;1a;1a;1a;1a,1,11,orbit1_fp2,wyckoff_orbit,1,1a,3,2,True,torus_fractional_coordinate,1a;1a;1a;1a;1a;1a;1a;1a;1a;1a;1a;1a;1a;1a;1a;1a;1a;1a;1a;1a;1a;1a;1a;1a
SG1|1a;1a;1a;1a;1a;1a;1a;1a;1a;1a;1a;1a;1a;1a;1a;1a;1a;1a;1a;1a;1a;1a;1a;1a,1,12,orbit2_fp0,wyckoff_orbit,2,1a,3,0,True,torus_fractional_coordinate,1a;1a;1a;1a;1a;1a;1a;1a;1a;1a;1a;1a;1a;1a;1a;1a;1a;1a;1a;1a;1a;1a;1a;1a
SG1|1a;1a;1a;1a;1a;1a;1a;1a;1a;1a;1a;1a;1a;1a;1a;1a;1a;1a;1a;1a;1a;1a;1a;1a,1,13,orbit2_fp1,wyckoff_orbit,2,1a,3,1,True,torus_fractional_coordinate,1a;1a;1a;1a;1a;1a;1a;1a;1a;1a;1a;1a;1a;1a;1a;1a;1a;1a;1a;1a;1a;1a;1a;1a
SG1|1a;1a;1a;1a;1a;1a;1a;1a;1a;1a;1a;1a;1a;1a;1a;1a;1a;1a;1a;1a;1a;1a;1a;1a,1,14,orbit2_fp2,wyckoff_orbit,2,1a,3,2,True,torus_fractional_coordinate,1a;1a;1a;1a;1a;1a;1a;1a;1a;1a;1a;1a;1a;1a;1a;1a;1a;1a;1a;1a;1a;1a;1a;1a
SG1|1a;1a;1a;1a;1a;1a;1a;1a;1a;1a;1a;1a;1a;1a;1a;1a;1a;1a;1a;1a;1a;1a;1a;1a,1,15,orbit3_fp0,wyckoff_orbit,3,1a,3,0,True,torus_fractional_coordinate,1a;1a;1a;1a;1a;1a;1a;1a;1a;1a;1a;1a;1a;1a;1a;1a;1a;1a;1a;1a;1a;1a;1a;1a
SG1|1a;1a;1a;1a;1a;1a;1a;1a;1a;1a;1a;1a;1a;1a;1a;1a;1a;1a;1a;1a;1a;1a;1a;1a,1,16,orbit3_fp1,wyckoff_orbit,3,1a,3,1,True,torus_fractional_coordinate,1a;1a;1a;1a;1a;1a;1a;1a;1a;1a;1a;1a;1a;1a;1a;1a;1a;1a;1a;1a;1a;1a;1a;1a
SG1|1a;1a;1a;1a;1a;1a;1a;1a;1a;1a;1a;1a;1a;1a;1a;1a;1a;1a;1a;1a;1a;1a;1a;1a,1,17,orbit3_fp2,wyckoff_orbit,3,1a,3,2,True,torus_fractional_coordinate,1a;1a;1a;1a;1a;1a;1a;1a;1a;1a;1a;1a;1a;1a;1a;1a;1a;1a;1a;1a;1a;1a;1a;1a
SG1|1a;1a;1a;1a;1a;1a;1a;1a;1a;1a;1a;1a;1a;1a;1a;1a;1a;1a;1a;1a;1a;1a;1a;1a,1,18,orbit4_fp0,wyckoff_orbit,4,1a,3,0,True,torus_fractional_coordinate,1a;1a;1a;1a;1a;1a;1a;1a;1a;1a;1a;1a;1a;1a;1a;1a;1a;1a;1a;1a;1a;1a;1a;1a
SG1|1a;1a;1a;1a;1a;1a;1a;1a;1a;1a;1a;1a;1a;1a;1a;1a;1a;1a;1a;1a;1a;1a;1a;1a,1,19,orbit4_fp1,wyckoff_orbit,4,1a,3,1,True,torus_fractional_coordinate,1a;1a;1a;1a;1a;1a;1a;1a;1a;1a;1a;1a;1a;1a;1a;1a;1a;1a;1a;1a;1a;1a;1a;1a
SG1|1a;1a;1a;1a;1a;1a;1a;1a;1a;1a;1a;1a;1a;1a;1a;1a;1a;1a;1a;1a;1a;1a;1a;1a,1,20,orbit4_fp2,wyckoff_orbit,4,1a,3,2,True,torus_fractional_coordinate,1a;1a;1a;1a;1a;1a;1a;1a;1a;1a;1a;1a;1a;1a;1a;1a;1a;1a;1a;1a;1a;1a;1a;1a
SG1|1a;1a;1a;1a;1a;1a;1a;1a;1a;1a;1a;1a;1a;1a;1a;1a;1a;1a;1a;1a;1a;1a;1a;1a,1,21,orbit5_fp0,wyckoff_orbit,5,1a,3,0,True,torus_fractional_coordinate,1a;1a;1a;1a;1a;1a;1a;1a;1a;1a;1a;1a;1a;1a;1a;1a;1a;1a;1a;1a;1a;1a;1a;1a
SG1|1a;1a;1a;1a;1a;1a;1a;1a;1a;1a;1a;1a;1a;1a;1a;1a;1a;1a;1a;1a;1a;1a;1a;1a,1,22,orbit5_fp1,wyckoff_orbit,5,1a,3,1,True,torus_fractional_coordinate,1a;1a;1a;1a;1a;1a;1a;1a;1a;1a;1a;1a;1a;1a;1a;1a;1a;1a;1a;1a;1a;1a;1a;1a
SG1|1a;1a;1a;1a;1a;1a;1a;1a;1a;1a;1a;1a;1a;1a;1a;1a;1a;1a;1a;1a;1a;1a;1a;1a,1,23,orbit5_fp2,wyckoff_orbit,5,1a,3,2,True,torus_fractional_coordinate,1a;1a;1a;1a;1a;1a;1a;1a;1a;1a;1a;1a;1a;1a;1a;1a;1a;1a;1a;1a;1a;1a;1a;1a
SG1|1a;1a;1a;1a;1a;1a;1a;1a;1a;1a;1a;1a;1a;1a;1a;1a;1a;1a;1a;1a;1a;1a;1a;1a,1,24,orbit6_fp0,wyckoff_orbit,6,1a,3,0,True,torus_fractional_coordinate,1a;1a;1a;1a;1a;1a;1a;1a;1a;1a;1a;1a;1a;1a;1a;1a;1a;1a;1a;1a;1a;1a;1a;1a
SG1|1a;1a;1a;1a;1a;1a;1a;1a;1a;1a;1a;1a;1a;1a;1a;1a;1a;1a;1a;1a;1a;1a;1a;1a,1,25,orbit6_fp1,wyckoff_orbit,6,1a,3,1,True,torus_fractional_coordinate,1a;1a;1a;1a;1a;1a;1a;1a;1a;1a;1a;1a;1a;1a;1a;1a;1a;1a;1a;1a;1a;1a;1a;1a
SG1|1a;1a;1a;1a;1a;1a;1a;1a;1a;1a;1a;1a;1a;1a;1a;1a;1a;1a;1a;1a;1a;1a;1a;1a,1,26,orbit6_fp2,wyckoff_orbit,6,1a,3,2,True,torus_fractional_coordinate,1a;1a;1a;1a;1a;1a;1a;1a;1a;1a;1a;1a;1a;1a;1a;1a;1a;1a;1a;1a;1a;1a;1a;1a
SG1|1a;1a;1a;1a;1a;1a;1a;1a;1a;1a;1a;1a;1a;1a;1a;1a;1a;1a;1a;1a;1a;1a;1a;1a,1,27,orbit7_fp0,wyckoff_orbit,7,1a,3,0,True,torus_fractional_coordinate,1a;1a;1a;1a;1a;1a;1a;1a;1a;1a;1a;1a;1a;1a;1a;1a;1a;1a;1a;1a;1a;1a;1a;1a
SG1|1a;1a;1a;1a;1a;1a;1a;1a;1a;1a;1a;1a;1a;1a;1a;1a;1a;1a;1a;1a;1a;1a;1a;1a,1,28,orbit7_fp1,wyckoff_orbit,7,1a,3,1,True,torus_fractional_coordinate,1a;1a;1a;1a;1a;1a;1a;1a;1a;1a;1a;1a;1a;1a;1a;1a;1a;1a;1a;1a;1a;1a;1a;1a
SG1|1a;1a;1a;1a;1a;1a;1a;1a;1a;1a;1a;1a;1a;1a;1a;1a;1a;1a;1a;1a;1a;1a;1a;1a,1,29,orbit7_fp2,wyckoff_orbit,7,1a,3,2,True,torus_fractional_coordinate,1a;1a;1a;1a;1a;1a;1a;1a;1a;1a;1a;1a;1a;1a;1a;1a;1a;1a;1a;1a;1a;1a;1a;1a
SG1|1a;1a;1a;1a;1a;1a;1a;1a;1a;1a;1a;1a;1a;1a;1a;1a;1a;1a;1a;1a;1a;1a;1a;1a,1,30,orbit8_fp0,wyckoff_orbit,8,1a,3,0,True,torus_fractional_coordinate,1a;1a;1a;1a;1a;1a;1a;1a;1a;1a;1a;1a;1a;1a;1a;1a;1a;1a;1a;1a;1a;1a;1a;1a
SG1|1a;1a;1a;1a;1a;1a;1a;1a;1a;1a;1a;1a;1a;1a;1a;1a;1a;1a;1a;1a;1a;1a;1a;1a,1,31,orbit8_fp1,wyckoff_orbit,8,1a,3,1,True,torus_fractional_coordinate,1a;1a;1a;1a;1a;1a;1a;1a;1a;1a;1a;1a;1a;1a;1a;1a;1a;1a;1a;1a;1a;1a;1a;1a
SG1|1a;1a;1a;1a;1a;1a;1a;1a;1a;1a;1a;1a;1a;1a;1a;1a;1a;1a;1a;1a;1a;1a;1a;1a,1,32,orbit8_fp2,wyckoff_orbit,8,1a,3,2,True,torus_fractional_coordinate,1a;1a;1a;1a;1a;1a;1a;1a;1a;1a;1a;1a;1a;1a;1a;1a;1a;1a;1a;1a;1a;1a;1a;1a
SG1|1a;1a;1a;1a;1a;1a;1a;1a;1a;1a;1a;1a;1a;1a;1a;1a;1a;1a;1a;1a;1a;1a;1a;1a,1,33,orbit9_fp0,wyckoff_orbit,9,1a,3,0,True,torus_fractional_coordinate,1a;1a;1a;1a;1a;1a;1a;1a;1a;1a;1a;1a;1a;1a;1a;1a;1a;1a;1a;1a;1a;1a;1a;1a
SG1|1a;1a;1a;1a;1a;1a;1a;1a;1a;1a;1a;1a;1a;1a;1a;1a;1a;1a;1a;1a;1a;1a;1a;1a,1,34,orbit9_fp1,wyckoff_orbit,9,1a,3,1,True,torus_fractional_coordinate,1a;1a;1a;1a;1a;1a;1a;1a;1a;1a;1a;1a;1a;1a;1a;1a;1a;1a;1a;1a;1a;1a;1a;1a
SG1|1a;1a;1a;1a;1a;1a;1a;1a;1a;1a;1a;1a;1a;1a;1a;1a;1a;1a;1a;1a;1a;1a;1a;1a,1,35,orbit9_fp2,wyckoff_orbit,9,1a,3,2,True,torus_fractional_coordinate,1a;1a;1a;1a;1a;1a;1a;1a;1a;1a;1a;1a;1a;1a;1a;1a;1a;1a;1a;1a;1a;1a;1a;1a
SG1|1a;1a;1a;1a;1a;1a;1a;1a;1a;1a;1a;1a;1a;1a;1a;1a;1a;1a;1a;1a;1a;1a;1a;1a,1,36,orbit10_fp0,wyckoff_orbit,10,1a,3,0,True,torus_fractional_coordinate,1a;1a;1a;1a;1a;1a;1a;1a;1a;1a;1a;1a;1a;1a;1a;1a;1a;1a;1a;1a;1a;1a;1a;1a
SG1|1a;1a;1a;1a;1a;1a;1a;1a;1a;1a;1a;1a;1a;1a;1a;1a;1a;1a;1a;1a;1a;1a;1a;1a,1,37,orbit10_fp1,wyckoff_orbit,10,1a,3,1,True,torus_fractional_coordinate,1a;1a;1a;1a;1a;1a;1a;1a;1a;1a;1a;1a;1a;1a;1a;1a;1a;1a;1a;1a;1a;1a;1a;1a
SG1|1a;1a;1a;1a;1a;1a;1a;1a;1a;1a;1a;1a;1a;1a;1a;1a;1a;1a;1a;1a;1a;1a;1a;1a,1,38,orbit10_fp2,wyckoff_orbit,10,1a,3,2,True,torus_fractional_coordinate,1a;1a;1a;1a;1a;1a;1a;1a;1a;1a;1a;1a;1a;1a;1a;1a;1a;1a;1a;1a;1a;1a;1a;1a
SG1|1a;1a;1a;1a;1a;1a;1a;1a;1a;1a;1a;1a;1a;1a;1a;1a;1a;1a;1a;1a;1a;1a;1a;1a,1,39,orbit11_fp0,wyckoff_orbit,11,1a,3,0,True,torus_fractional_coordinate,1a;1a;1a;1a;1a;1a;1a;1a;1a;1a;1a;1a;1a;1a;1a;1a;1a;1a;1a;1a;1a;1a;1a;1a
SG1|1a;1a;1a;1a;1a;1a;1a;1a;1a;1a;1a;1a;1a;1a;1a;1a;1a;1a;1a;1a;1a;1a;1a;1a,1,40,orbit11_fp1,wyckoff_orbit,11,1a,3,1,True,torus_fractional_coordinate,1a;1a;1a;1a;1a;1a;1a;1a;1a;1a;1a;1a;1a;1a;1a;1a;1a;1a;1a;1a;1a;1a;1a;1a
SG1|1a;1a;1a;1a;1a;1a;1a;1a;1a;1a;1a;1a;1a;1a;1a;1a;1a;1a;1a;1a;1a;1a;1a;1a,1,41,orbit11_fp2,wyckoff_orbit,11,1a,3,2,True,torus_fractional_coordinate,1a;1a;1a;1a;1a;1a;1a;1a;1a;1a;1a;1a;1a;1a;1a;1a;1a;1a;1a;1a;1a;1a;1a;1a
SG1|1a;1a;1a;1a;1a;1a;1a;1a;1a;1a;1a;1a;1a;1a;1a;1a;1a;1a;1a;1a;1a;1a;1a;1a,1,42,orbit12_fp0,wyckoff_orbit,12,1a,3,0,True,torus_fractional_coordinate,1a;1a;1a;1a;1a;1a;1a;1a;1a;1a;1a;1a;1a;1a;1a;1a;1a;1a;1a;1a;1a;1a;1a;1a
SG1|1a;1a;1a;1a;1a;1a;1a;1a;1a;1a;1a;1a;1a;1a;1a;1a;1a;1a;1a;1a;1a;1a;1a;1a,1,43,orbit12_fp1,wyckoff_orbit,12,1a,3,1,True,torus_fractional_coordinate,1a;1a;1a;1a;1a;1a;1a;1a;1a;1a;1a;1a;1a;1a;1a;1a;1a;1a;1a;1a;1a;1a;1a;1a
SG1|1a;1a;1a;1a;1a;1a;1a;1a;1a;1a;1a;1a;1a;1a;1a;1a;1a;1a;1a;1a;1a;1a;1a;1a,1,44,orbit12_fp2,wyckoff_orbit,12,1a,3,2,True,torus_fractional_coordinate,1a;1a;1a;1a;1a;1a;1a;1a;1a;1a;1a;1a;1a;1a;1a;1a;1a;1a;1a;1a;1a;1a;1a;1a
SG1|1a;1a;1a;1a;1a;1a;1a;1a;1a;1a;1a;1a;1a;1a;1a;1a;1a;1a;1a;1a;1a;1a;1a;1a,1,45,orbit13_fp0,wyckoff_orbit,13,1a,3,0,True,torus_fractional_coordinate,1a;1a;1a;1a;1a;1a;1a;1a;1a;1a;1a;1a;1a;1a;1a;1a;1a;1a;1a;1a;1a;1a;1a;1a
SG1|1a;1a;1a;1a;1a;1a;1a;1a;1a;1a;1a;1a;1a;1a;1a;1a;1a;1a;1a;1a;1a;1a;1a;1a,1,46,orbit13_fp1,wyckoff_orbit,13,1a,3,1,True,torus_fractional_coordinate,1a;1a;1a;1a;1a;1a;1a;1a;1a;1a;1a;1a;1a;1a;1a;1a;1a;1a;1a;1a;1a;1a;1a;1a
SG1|1a;1a;1a;1a;1a;1a;1a;1a;1a;1a;1a;1a;1a;1a;1a;1a;1a;1a;1a;1a;1a;1a;1a;1a,1,47,orbit13_fp2,wyckoff_orbit,13,1a,3,2,True,torus_fractional_coordinate,1a;1a;1a;1a;1a;1a;1a;1a;1a;1a;1a;1a;1a;1a;1a;1a;1a;1a;1a;1a;1a;1a;1a;1a
SG1|1a;1a;1a;1a;1a;1a;1a;1a;1a;1a;1a;1a;1a;1a;1a;1a;1a;1a;1a;1a;1a;1a;1a;1a,1,48,orbit14_fp0,wyckoff_orbit,14,1a,3,0,True,torus_fractional_coordinate,1a;1a;1a;1a;1a;1a;1a;1a;1a;1a;1a;1a;1a;1a;1a;1a;1a;1a;1a;1a;1a;1a;1a;1a
SG1|1a;1a;1a;1a;1a;1a;1a;1a;1a;1a;1a;1a;1a;1a;1a;1a;1a;1a;1a;1a;1a;1a;1a;1a,1,49,orbit14_fp1,wyckoff_orbit,14,1a,3,1,True,torus_fractional_coordinate,1a;1a;1a;1a;1a;1a;1a;1a;1a;1a;1a;1a;1a;1a;1a;1a;1a;1a;1a;1a;1a;1a;1a;1a
SG1|1a;1a;1a;1a;1a;1a;1a;1a;1a;1a;1a;1a;1a;1a;1a;1a;1a;1a;1a;1a;1a;1a;1a;1a,1,50,orbit14_fp2,wyckoff_orbit,14,1a,3,2,True,torus_fractional_coordinate,1a;1a;1a;1a;1a;1a;1a;1a;1a;1a;1a;1a;1a;1a;1a;1a;1a;1a;1a;1a;1a;1a;1a;1a
SG1|1a;1a;1a;1a;1a;1a;1a;1a;1a;1a;1a;1a;1a;1a;1a;1a;1a;1a;1a;1a;1a;1a;1a;1a,1,51,orbit15_fp0,wyckoff_orbit,15,1a,3,0,True,torus_fractional_coordinate,1a;1a;1a;1a;1a;1a;1a;1a;1a;1a;1a;1a;1a;1a;1a;1a;1a;1a;1a;1a;1a;1a;1a;1a
SG1|1a;1a;1a;1a;1a;1a;1a;1a;1a;1a;1a;1a;1a;1a;1a;1a;1a;1a;1a;1a;1a;1a;1a;1a,1,52,orbit15_fp1,wyckoff_orbit,15,1a,3,1,True,torus_fractional_coordinate,1a;1a;1a;1a;1a;1a;1a;1a;1a;1a;1a;1a;1a;1a;1a;1a;1a;1a;1a;1a;1a;1a;1a;1a
SG1|1a;1a;1a;1a;1a;1a;1a;1a;1a;1a;1a;1a;1a;1a;1a;1a;1a;1a;1a;1a;1a;1a;1a;1a,1,53,orbit15_fp2,wyckoff_orbit,15,1a,3,2,True,torus_fractional_coordinate,1a;1a;1a;1a;1a;1a;1a;1a;1a;1a;1a;1a;1a;1a;1a;1a;1a;1a;1a;1a;1a;1a;1a;1a
SG1|1a;1a;1a;1a;1a;1a;1a;1a;1a;1a;1a;1a;1a;1a;1a;1a;1a;1a;1a;1a;1a;1a;1a;1a,1,54,orbit16_fp0,wyckoff_orbit,16,1a,3,0,True,torus_fractional_coordinate,1a;1a;1a;1a;1a;1a;1a;1a;1a;1a;1a;1a;1a;1a;1a;1a;1a;1a;1a;1a;1a;1a;1a;1a
SG1|1a;1a;1a;1a;1a;1a;1a;1a;1a;1a;1a;1a;1a;1a;1a;1a;1a;1a;1a;1a;1a;1a;1a;1a,1,55,orbit16_fp1,wyckoff_orbit,16,1a,3,1,True,torus_fractional_coordinate,1a;1a;1a;1a;1a;1a;1a;1a;1a;1a;1a;1a;1a;1a;1a;1a;1a;1a;1a;1a;1a;1a;1a;1a
SG1|1a;1a;1a;1a;1a;1a;1a;1a;1a;1a;1a;1a;1a;1a;1a;1a;1a;1a;1a;1a;1a;1a;1a;1a,1,56,orbit16_fp2,wyckoff_orbit,16,1a,3,2,True,torus_fractional_coordinate,1a;1a;1a;1a;1a;1a;1a;1a;1a;1a;1a;1a;1a;1a;1a;1a;1a;1a;1a;1a;1a;1a;1a;1a
SG1|1a;1a;1a;1a;1a;1a;1a;1a;1a;1a;1a;1a;1a;1a;1a;1a;1a;1a;1a;1a;1a;1a;1a;1a,1,57,orbit17_fp0,wyckoff_orbit,17,1a,3,0,True,torus_fractional_coordinate,1a;1a;1a;1a;1a;1a;1a;1a;1a;1a;1a;1a;1a;1a;1a;1a;1a;1a;1a;1a;1a;1a;1a;1a
SG1|1a;1a;1a;1a;1a;1a;1a;1a;1a;1a;1a;1a;1a;1a;1a;1a;1a;1a;1a;1a;1a;1a;1a;1a,1,58,orbit17_fp1,wyckoff_orbit,17,1a,3,1,True,torus_fractional_coordinate,1a;1a;1a;1a;1a;1a;1a;1a;1a;1a;1a;1a;1a;1a;1a;1a;1a;1a;1a;1a;1a;1a;1a;1a
SG1|1a;1a;1a;1a;1a;1a;1a;1a;1a;1a;1a;1a;1a;1a;1a;1a;1a;1a;1a;1a;1a;1a;1a;1a,1,59,orbit17_fp2,wyckoff_orbit,17,1a,3,2,True,torus_fractional_coordinate,1a;1a;1a;1a;1a;1a;1a;1a;1a;1a;1a;1a;1a;1a;1a;1a;1a;1a;1a;1a;1a;1a;1a;1a
SG1|1a;1a;1a;1a;1a;1a;1a;1a;1a;1a;1a;1a;1a;1a;1a;1a;1a;1a;1a;1a;1a;1a;1a;1a,1,60,orbit18_fp0,wyckoff_orbit,18,1a,3,0,True,torus_fractional_coordinate,1a;1a;1a;1a;1a;1a;1a;1a;1a;1a;1a;1a;1a;1a;1a;1a;1a;1a;1a;1a;1a;1a;1a;1a
SG1|1a;1a;1a;1a;1a;1a;1a;1a;1a;1a;1a;1a;1a;1a;1a;1a;1a;1a;1a;1a;1a;1a;1a;1a,1,61,orbit18_fp1,wyckoff_orbit,18,1a,3,1,True,torus_fractional_coordinate,1a;1a;1a;1a;1a;1a;1a;1a;1a;1a;1a;1a;1a;1a;1a;1a;1a;1a;1a;1a;1a;1a;1a;1a
SG1|1a;1a;1a;1a;1a;1a;1a;1a;1a;1a;1a;1a;1a;1a;1a;1a;1a;1a;1a;1a;1a;1a;1a;1a,1,62,orbit18_fp2,wyckoff_orbit,18,1a,3,2,True,torus_fractional_coordinate,1a;1a;1a;1a;1a;1a;1a;1a;1a;1a;1a;1a;1a;1a;1a;1a;1a;1a;1a;1a;1a;1a;1a;1a
SG1|1a;1a;1a;1a;1a;1a;1a;1a;1a;1a;1a;1a;1a;1a;1a;1a;1a;1a;1a;1a;1a;1a;1a;1a,1,63,orbit19_fp0,wyckoff_orbit,19,1a,3,0,True,torus_fractional_coordinate,1a;1a;1a;1a;1a;1a;1a;1a;1a;1a;1a;1a;1a;1a;1a;1a;1a;1a;1a;1a;1a;1a;1a;1a
SG1|1a;1a;1a;1a;1a;1a;1a;1a;1a;1a;1a;1a;1a;1a;1a;1a;1a;1a;1a;1a;1a;1a;1a;1a,1,64,orbit19_fp1,wyckoff_orbit,19,1a,3,1,True,torus_fractional_coordinate,1a;1a;1a;1a;1a;1a;1a;1a;1a;1a;1a;1a;1a;1a;1a;1a;1a;1a;1a;1a;1a;1a;1a;1a
SG1|1a;1a;1a;1a;1a;1a;1a;1a;1a;1a;1a;1a;1a;1a;1a;1a;1a;1a;1a;1a;1a;1a;1a;1a,1,65,orbit19_fp2,wyckoff_orbit,19,1a,3,2,True,torus_fractional_coordinate,1a;1a;1a;1a;1a;1a;1a;1a;1a;1a;1a;1a;1a;1a;1a;1a;1a;1a;1a;1a;1a;1a;1a;1a
SG1|1a;1a;1a;1a;1a;1a;1a;1a;1a;1a;1a;1a;1a;1a;1a;1a;1a;1a;1a;1a;1a;1a;1a;1a,1,66,orbit20_fp0,wyckoff_orbit,20,1a,3,0,True,torus_fractional_coordinate,1a;1a;1a;1a;1a;1a;1a;1a;1a;1a;1a;1a;1a;1a;1a;1a;1a;1a;1a;1a;1a;1a;1a;1a
SG1|1a;1a;1a;1a;1a;1a;1a;1a;1a;1a;1a;1a;1a;1a;1a;1a;1a;1a;1a;1a;1a;1a;1a;1a,1,67,orbit20_fp1,wyckoff_orbit,20,1a,3,1,True,torus_fractional_coordinate,1a;1a;1a;1a;1a;1a;1a;1a;1a;1a;1a;1a;1a;1a;1a;1a;1a;1a;1a;1a;1a;1a;1a;1a
SG1|1a;1a;1a;1a;1a;1a;1a;1a;1a;1a;1a;1a;1a;1a;1a;1a;1a;1a;1a;1a;1a;1a;1a;1a,1,68,orbit20_fp2,wyckoff_orbit,20,1a,3,2,True,torus_fractional_coordinate,1a;1a;1a;1a;1a;1a;1a;1a;1a;1a;1a;1a;1a;1a;1a;1a;1a;1a;1a;1a;1a;1a;1a;1a
SG1|1a;1a;1a;1a;1a;1a;1a;1a;1a;1a;1a;1a;1a;1a;1a;1a;1a;1a;1a;1a;1a;1a;1a;1a,1,69,orbit21_fp0,wyckoff_orbit,21,1a,3,0,True,torus_fractional_coordinate,1a;1a;1a;1a;1a;1a;1a;1a;1a;1a;1a;1a;1a;1a;1a;1a;1a;1a;1a;1a;1a;1a;1a;1a
SG1|1a;1a;1a;1a;1a;1a;1a;1a;1a;1a;1a;1a;1a;1a;1a;1a;1a;1a;1a;1a;1a;1a;1a;1a,1,70,orbit21_fp1,wyckoff_orbit,21,1a,3,1,True,torus_fractional_coordinate,1a;1a;1a;1a;1a;1a;1a;1a;1a;1a;1a;1a;1a;1a;1a;1a;1a;1a;1a;1a;1a;1a;1a;1a
SG1|1a;1a;1a;1a;1a;1a;1a;1a;1a;1a;1a;1a;1a;1a;1a;1a;1a;1a;1a;1a;1a;1a;1a;1a,1,71,orbit21_fp2,wyckoff_orbit,21,1a,3,2,True,torus_fractional_coordinate,1a;1a;1a;1a;1a;1a;1a;1a;1a;1a;1a;1a;1a;1a;1a;1a;1a;1a;1a;1a;1a;1a;1a;1a
SG1|1a;1a;1a;1a;1a;1a;1a;1a;1a;1a;1a;1a;1a;1a;1a;1a;1a;1a;1a;1a;1a;1a;1a;1a,1,72,orbit22_fp0,wyckoff_orbit,22,1a,3,0,True,torus_fractional_coordinate,1a;1a;1a;1a;1a;1a;1a;1a;1a;1a;1a;1a;1a;1a;1a;1a;1a;1a;1a;1a;1a;1a;1a;1a
SG1|1a;1a;1a;1a;1a;1a;1a;1a;1a;1a;1a;1a;1a;1a;1a;1a;1a;1a;1a;1a;1a;1a;1a;1a,1,73,orbit22_fp1,wyckoff_orbit,22,1a,3,1,True,torus_fractional_coordinate,1a;1a;1a;1a;1a;1a;1a;1a;1a;1a;1a;1a;1a;1a;1a;1a;1a;1a;1a;1a;1a;1a;1a;1a
SG1|1a;1a;1a;1a;1a;1a;1a;1a;1a;1a;1a;1a;1a;1a;1a;1a;1a;1a;1a;1a;1a;1a;1a;1a,1,74,orbit22_fp2,wyckoff_orbit,22,1a,3,2,True,torus_fractional_coordinate,1a;1a;1a;1a;1a;1a;1a;1a;1a;1a;1a;1a;1a;1a;1a;1a;1a;1a;1a;1a;1a;1a;1a;1a
SG1|1a;1a;1a;1a;1a;1a;1a;1a;1a;1a;1a;1a;1a;1a;1a;1a;1a;1a;1a;1a;1a;1a;1a;1a,1,75,orbit23_fp0,wyckoff_orbit,23,1a,3,0,True,torus_fractional_coordinate,1a;1a;1a;1a;1a;1a;1a;1a;1a;1a;1a;1a;1a;1a;1a;1a;1a;1a;1a;1a;1a;1a;1a;1a
SG1|1a;1a;1a;1a;1a;1a;1a;1a;1a;1a;1a;1a;1a;1a;1a;1a;1a;1a;1a;1a;1a;1a;1a;1a,1,76,orbit23_fp1,wyckoff_orbit,23,1a,3,1,True,torus_fractional_coordinate,1a;1a;1a;1a;1a;1a;1a;1a;1a;1a;1a;1a;1a;1a;1a;1a;1a;1a;1a;1a;1a;1a;1a;1a
SG1|1a;1a;1a;1a;1a;1a;1a;1a;1a;1a;1a;1a;1a;1a;1a;1a;1a;1a;1a;1a;1a;1a;1a;1a,1,77,orbit23_fp2,wyckoff_orbit,23,1a,3,2,True,torus_fractional_coordinate,1a;1a;1a;1a;1a;1a;1a;1a;1a;1a;1a;1a;1a;1a;1a;1a;1a;1a;1a;1a;1a;1a;1a;1a
SG1|1a;1a;1a;1a;1a;1a;1a;1a;1a;1a;1a;1a;1a;1a;1a;1a;1a;1a;1a;1a;1a;1a,1,0,lattice_a,lattice,-1,,0,-1,False,positive_length,1a;1a;1a;1a;1a;1a;1a;1a;1a;1a;1a;1a;1a;1a;1a;1a;1a;1a;1a;1a;1a;1a
SG1|1a;1a;1a;1a;1a;1a;1a;1a;1a;1a;1a;1a;1a;1a;1a;1a;1a;1a;1a;1a;1a;1a,1,1,lattice_b,lattice,-1,,0,-1,False,positive_length,1a;1a;1a;1a;1a;1a;1a;1a;1a;1a;1a;1a;1a;1a;1a;1a;1a;1a;1a;1a;1a;1a
SG1|1a;1a;1a;1a;1a;1a;1a;1a;1a;1a;1a;1a;1a;1a;1a;1a;1a;1a;1a;1a;1a;1a,1,2,lattice_c,lattice,-1,,0,-1,False,positive_length,1a;1a;1a;1a;1a;1a;1a;1a;1a;1a;1a;1a;1a;1a;1a;1a;1a;1a;1a;1a;1a;1a
SG1|1a;1a;1a;1a;1a;1a;1a;1a;1a;1a;1a;1a;1a;1a;1a;1a;1a;1a;1a;1a;1a;1a,1,3,alpha,lattice,-1,,0,-1,False,angle_degree,1a;1a;1a;1a;1a;1a;1a;1a;1a;1a;1a;1a;1a;1a;1a;1a;1a;1a;1a;1a;1a;1a
SG1|1a;1a;1a;1a;1a;1a;1a;1a;1a;1a;1a;1a;1a;1a;1a;1a;1a;1a;1a;1a;1a;1a,1,4,beta,lattice,-1,,0,-1,False,angle_degree,1a;1a;1a;1a;1a;1a;1a;1a;1a;1a;1a;1a;1a;1a;1a;1a;1a;1a;1a;1a;1a;1a
SG1|1a;1a;1a;1a;1a;1a;1a;1a;1a;1a;1a;1a;1a;1a;1a;1a;1a;1a;1a;1a;1a;1a,1,5,gamma,lattice,-1,,0,-1,False,angle_degree,1a;1a;1a;1a;1a;1a;1a;1a;1a;1a;1a;1a;1a;1a;1a;1a;1a;1a;1a;1a;1a;1a
SG1|1a;1a;1a;1a;1a;1a;1a;1a;1a;1a;1a;1a;1a;1a;1a;1a;1a;1a;1a;1a;1a;1a,1,6,orbit0_fp0,wyckoff_orbit,0,1a,3,0,True,torus_fractional_coordinate,1a;1a;1a;1a;1a;1a;1a;1a;1a;1a;1a;1a;1a;1a;1a;1a;1a;1a;1a;1a;1a;1a
SG1|1a;1a;1a;1a;1a;1a;1a;1a;1a;1a;1a;1a;1a;1a;1a;1a;1a;1a;1a;1a;1a;1a,1,7,orbit0_fp1,wyckoff_orbit,0,1a,3,1,True,torus_fractional_coordinate,1a;1a;1a;1a;1a;1a;1a;1a;1a;1a;1a;1a;1a;1a;1a;1a;1a;1a;1a;1a;1a;1a
SG1|1a;1a;1a;1a;1a;1a;1a;1a;1a;1a;1a;1a;1a;1a;1a;1a;1a;1a;1a;1a;1a;1a,1,8,orbit0_fp2,wyckoff_orbit,0,1a,3,2,True,torus_fractional_coordinate,1a;1a;1a;1a;1a;1a;1a;1a;1a;1a;1a;1a;1a;1a;1a;1a;1a;1a;1a;1a;1a;1a
SG1|1a;1a;1a;1a;1a;1a;1a;1a;1a;1a;1a;1a;1a;1a;1a;1a;1a;1a;1a;1a;1a;1a,1,9,orbit1_fp0,wyckoff_orbit,1,1a,3,0,True,torus_fractional_coordinate,1a;1a;1a;1a;1a;1a;1a;1a;1a;1a;1a;1a;1a;1a;1a;1a;1a;1a;1a;1a;1a;1a
SG1|1a;1a;1a;1a;1a;1a;1a;1a;1a;1a;1a;1a;1a;1a;1a;1a;1a;1a;1a;1a;1a;1a,1,10,orbit1_fp1,wyckoff_orbit,1,1a,3,1,True,torus_fractional_coordinate,1a;1a;1a;1a;1a;1a;1a;1a;1a;1a;1a;1a;1a;1a;1a;1a;1a;1a;1a;1a;1a;1a
SG1|1a;1a;1a;1a;1a;1a;1a;1a;1a;1a;1a;1a;1a;1a;1a;1a;1a;1a;1a;1a;1a;1a,1,11,orbit1_fp2,wyckoff_orbit,1,1a,3,2,True,torus_fractional_coordinate,1a;1a;1a;1a;1a;1a;1a;1a;1a;1a;1a;1a;1a;1a;1a;1a;1a;1a;1a;1a;1a;1a
SG1|1a;1a;1a;1a;1a;1a;1a;1a;1a;1a;1a;1a;1a;1a;1a;1a;1a;1a;1a;1a;1a;1a,1,12,orbit2_fp0,wyckoff_orbit,2,1a,3,0,True,torus_fractional_coordinate,1a;1a;1a;1a;1a;1a;1a;1a;1a;1a;1a;1a;1a;1a;1a;1a;1a;1a;1a;1a;1a;1a
SG1|1a;1a;1a;1a;1a;1a;1a;1a;1a;1a;1a;1a;1a;1a;1a;1a;1a;1a;1a;1a;1a;1a,1,13,orbit2_fp1,wyckoff_orbit,2,1a,3,1,True,torus_fractional_coordinate,1a;1a;1a;1a;1a;1a;1a;1a;1a;1a;1a;1a;1a;1a;1a;1a;1a;1a;1a;1a;1a;1a
SG1|1a;1a;1a;1a;1a;1a;1a;1a;1a;1a;1a;1a;1a;1a;1a;1a;1a;1a;1a;1a;1a;1a,1,14,orbit2_fp2,wyckoff_orbit,2,1a,3,2,True,torus_fractional_coordinate,1a;1a;1a;1a;1a;1a;1a;1a;1a;1a;1a;1a;1a;1a;1a;1a;1a;1a;1a;1a;1a;1a
SG1|1a;1a;1a;1a;1a;1a;1a;1a;1a;1a;1a;1a;1a;1a;1a;1a;1a;1a;1a;1a;1a;1a,1,15,orbit3_fp0,wyckoff_orbit,3,1a,3,0,True,torus_fractional_coordinate,1a;1a;1a;1a;1a;1a;1a;1a;1a;1a;1a;1a;1a;1a;1a;1a;1a;1a;1a;1a;1a;1a
SG1|1a;1a;1a;1a;1a;1a;1a;1a;1a;1a;1a;1a;1a;1a;1a;1a;1a;1a;1a;1a;1a;1a,1,16,orbit3_fp1,wyckoff_orbit,3,1a,3,1,True,torus_fractional_coordinate,1a;1a;1a;1a;1a;1a;1a;1a;1a;1a;1a;1a;1a;1a;1a;1a;1a;1a;1a;1a;1a;1a
SG1|1a;1a;1a;1a;1a;1a;1a;1a;1a;1a;1a;1a;1a;1a;1a;1a;1a;1a;1a;1a;1a;1a,1,17,orbit3_fp2,wyckoff_orbit,3,1a,3,2,True,torus_fractional_coordinate,1a;1a;1a;1a;1a;1a;1a;1a;1a;1a;1a;1a;1a;1a;1a;1a;1a;1a;1a;1a;1a;1a
SG1|1a;1a;1a;1a;1a;1a;1a;1a;1a;1a;1a;1a;1a;1a;1a;1a;1a;1a;1a;1a;1a;1a,1,18,orbit4_fp0,wyckoff_orbit,4,1a,3,0,True,torus_fractional_coordinate,1a;1a;1a;1a;1a;1a;1a;1a;1a;1a;1a;1a;1a;1a;1a;1a;1a;1a;1a;1a;1a;1a
SG1|1a;1a;1a;1a;1a;1a;1a;1a;1a;1a;1a;1a;1a;1a;1a;1a;1a;1a;1a;1a;1a;1a,1,19,orbit4_fp1,wyckoff_orbit,4,1a,3,1,True,torus_fractional_coordinate,1a;1a;1a;1a;1a;1a;1a;1a;1a;1a;1a;1a;1a;1a;1a;1a;1a;1a;1a;1a;1a;1a
SG1|1a;1a;1a;1a;1a;1a;1a;1a;1a;1a;1a;1a;1a;1a;1a;1a;1a;1a;1a;1a;1a;1a,1,20,orbit4_fp2,wyckoff_orbit,4,1a,3,2,True,torus_fractional_coordinate,1a;1a;1a;1a;1a;1a;1a;1a;1a;1a;1a;1a;1a;1a;1a;1a;1a;1a;1a;1a;1a;1a
SG1|1a;1a;1a;1a;1a;1a;1a;1a;1a;1a;1a;1a;1a;1a;1a;1a;1a;1a;1a;1a;1a;1a,1,21,orbit5_fp0,wyckoff_orbit,5,1a,3,0,True,torus_fractional_coordinate,1a;1a;1a;1a;1a;1a;1a;1a;1a;1a;1a;1a;1a;1a;1a;1a;1a;1a;1a;1a;1a;1a
SG1|1a;1a;1a;1a;1a;1a;1a;1a;1a;1a;1a;1a;1a;1a;1a;1a;1a;1a;1a;1a;1a;1a,1,22,orbit5_fp1,wyckoff_orbit,5,1a,3,1,True,torus_fractional_coordinate,1a;1a;1a;1a;1a;1a;1a;1a;1a;1a;1a;1a;1a;1a;1a;1a;1a;1a;1a;1a;1a;1a
SG1|1a;1a;1a;1a;1a;1a;1a;1a;1a;1a;1a;1a;1a;1a;1a;1a;1a;1a;1a;1a;1a;1a,1,23,orbit5_fp2,wyckoff_orbit,5,1a,3,2,True,torus_fractional_coordinate,1a;1a;1a;1a;1a;1a;1a;1a;1a;1a;1a;1a;1a;1a;1a;1a;1a;1a;1a;1a;1a;1a
SG1|1a;1a;1a;1a;1a;1a;1a;1a;1a;1a;1a;1a;1a;1a;1a;1a;1a;1a;1a;1a;1a;1a,1,24,orbit6_fp0,wyckoff_orbit,6,1a,3,0,True,torus_fractional_coordinate,1a;1a;1a;1a;1a;1a;1a;1a;1a;1a;1a;1a;1a;1a;1a;1a;1a;1a;1a;1a;1a;1a
SG1|1a;1a;1a;1a;1a;1a;1a;1a;1a;1a;1a;1a;1a;1a;1a;1a;1a;1a;1a;1a;1a;1a,1,25,orbit6_fp1,wyckoff_orbit,6,1a,3,1,True,torus_fractional_coordinate,1a;1a;1a;1a;1a;1a;1a;1a;1a;1a;1a;1a;1a;1a;1a;1a;1a;1a;1a;1a;1a;1a
SG1|1a;1a;1a;1a;1a;1a;1a;1a;1a;1a;1a;1a;1a;1a;1a;1a;1a;1a;1a;1a;1a;1a,1,26,orbit6_fp2,wyckoff_orbit,6,1a,3,2,True,torus_fractional_coordinate,1a;1a;1a;1a;1a;1a;1a;1a;1a;1a;1a;1a;1a;1a;1a;1a;1a;1a;1a;1a;1a;1a
SG1|1a;1a;1a;1a;1a;1a;1a;1a;1a;1a;1a;1a;1a;1a;1a;1a;1a;1a;1a;1a;1a;1a,1,27,orbit7_fp0,wyckoff_orbit,7,1a,3,0,True,torus_fractional_coordinate,1a;1a;1a;1a;1a;1a;1a;1a;1a;1a;1a;1a;1a;1a;1a;1a;1a;1a;1a;1a;1a;1a
SG1|1a;1a;1a;1a;1a;1a;1a;1a;1a;1a;1a;1a;1a;1a;1a;1a;1a;1a;1a;1a;1a;1a,1,28,orbit7_fp1,wyckoff_orbit,7,1a,3,1,True,torus_fractional_coordinate,1a;1a;1a;1a;1a;1a;1a;1a;1a;1a;1a;1a;1a;1a;1a;1a;1a;1a;1a;1a;1a;1a
SG1|1a;1a;1a;1a;1a;1a;1a;1a;1a;1a;1a;1a;1a;1a;1a;1a;1a;1a;1a;1a;1a;1a,1,29,orbit7_fp2,wyckoff_orbit,7,1a,3,2,True,torus_fractional_coordinate,1a;1a;1a;1a;1a;1a;1a;1a;1a;1a;1a;1a;1a;1a;1a;1a;1a;1a;1a;1a;1a;1a
SG1|1a;1a;1a;1a;1a;1a;1a;1a;1a;1a;1a;1a;1a;1a;1a;1a;1a;1a;1a;1a;1a;1a,1,30,orbit8_fp0,wyckoff_orbit,8,1a,3,0,True,torus_fractional_coordinate,1a;1a;1a;1a;1a;1a;1a;1a;1a;1a;1a;1a;1a;1a;1a;1a;1a;1a;1a;1a;1a;1a
SG1|1a;1a;1a;1a;1a;1a;1a;1a;1a;1a;1a;1a;1a;1a;1a;1a;1a;1a;1a;1a;1a;1a,1,31,orbit8_fp1,wyckoff_orbit,8,1a,3,1,True,torus_fractional_coordinate,1a;1a;1a;1a;1a;1a;1a;1a;1a;1a;1a;1a;1a;1a;1a;1a;1a;1a;1a;1a;1a;1a
SG1|1a;1a;1a;1a;1a;1a;1a;1a;1a;1a;1a;1a;1a;1a;1a;1a;1a;1a;1a;1a;1a;1a,1,32,orbit8_fp2,wyckoff_orbit,8,1a,3,2,True,torus_fractional_coordinate,1a;1a;1a;1a;1a;1a;1a;1a;1a;1a;1a;1a;1a;1a;1a;1a;1a;1a;1a;1a;1a;1a
SG1|1a;1a;1a;1a;1a;1a;1a;1a;1a;1a;1a;1a;1a;1a;1a;1a;1a;1a;1a;1a;1a;1a,1,33,orbit9_fp0,wyckoff_orbit,9,1a,3,0,True,torus_fractional_coordinate,1a;1a;1a;1a;1a;1a;1a;1a;1a;1a;1a;1a;1a;1a;1a;1a;1a;1a;1a;1a;1a;1a
SG1|1a;1a;1a;1a;1a;1a;1a;1a;1a;1a;1a;1a;1a;1a;1a;1a;1a;1a;1a;1a;1a;1a,1,34,orbit9_fp1,wyckoff_orbit,9,1a,3,1,True,torus_fractional_coordinate,1a;1a;1a;1a;1a;1a;1a;1a;1a;1a;1a;1a;1a;1a;1a;1a;1a;1a;1a;1a;1a;1a
SG1|1a;1a;1a;1a;1a;1a;1a;1a;1a;1a;1a;1a;1a;1a;1a;1a;1a;1a;1a;1a;1a;1a,1,35,orbit9_fp2,wyckoff_orbit,9,1a,3,2,True,torus_fractional_coordinate,1a;1a;1a;1a;1a;1a;1a;1a;1a;1a;1a;1a;1a;1a;1a;1a;1a;1a;1a;1a;1a;1a
SG1|1a;1a;1a;1a;1a;1a;1a;1a;1a;1a;1a;1a;1a;1a;1a;1a;1a;1a;1a;1a;1a;1a,1,36,orbit10_fp0,wyckoff_orbit,10,1a,3,0,True,torus_fractional_coordinate,1a;1a;1a;1a;1a;1a;1a;1a;1a;1a;1a;1a;1a;1a;1a;1a;1a;1a;1a;1a;1a;1a
SG1|1a;1a;1a;1a;1a;1a;1a;1a;1a;1a;1a;1a;1a;1a;1a;1a;1a;1a;1a;1a;1a;1a,1,37,orbit10_fp1,wyckoff_orbit,10,1a,3,1,True,torus_fractional_coordinate,1a;1a;1a;1a;1a;1a;1a;1a;1a;1a;1a;1a;1a;1a;1a;1a;1a;1a;1a;1a;1a;1a
SG1|1a;1a;1a;1a;1a;1a;1a;1a;1a;1a;1a;1a;1a;1a;1a;1a;1a;1a;1a;1a;1a;1a,1,38,orbit10_fp2,wyckoff_orbit,10,1a,3,2,True,torus_fractional_coordinate,1a;1a;1a;1a;1a;1a;1a;1a;1a;1a;1a;1a;1a;1a;1a;1a;1a;1a;1a;1a;1a;1a
SG1|1a;1a;1a;1a;1a;1a;1a;1a;1a;1a;1a;1a;1a;1a;1a;1a;1a;1a;1a;1a;1a;1a,1,39,orbit11_fp0,wyckoff_orbit,11,1a,3,0,True,torus_fractional_coordinate,1a;1a;1a;1a;1a;1a;1a;1a;1a;1a;1a;1a;1a;1a;1a;1a;1a;1a;1a;1a;1a;1a
SG1|1a;1a;1a;1a;1a;1a;1a;1a;1a;1a;1a;1a;1a;1a;1a;1a;1a;1a;1a;1a;1a;1a,1,40,orbit11_fp1,wyckoff_orbit,11,1a,3,1,True,torus_fractional_coordinate,1a;1a;1a;1a;1a;1a;1a;1a;1a;1a;1a;1a;1a;1a;1a;1a;1a;1a;1a;1a;1a;1a
SG1|1a;1a;1a;1a;1a;1a;1a;1a;1a;1a;1a;1a;1a;1a;1a;1a;1a;1a;1a;1a;1a;1a,1,41,orbit11_fp2,wyckoff_orbit,11,1a,3,2,True,torus_fractional_coordinate,1a;1a;1a;1a;1a;1a;1a;1a;1a;1a;1a;1a;1a;1a;1a;1a;1a;1a;1a;1a;1a;1a
SG1|1a;1a;1a;1a;1a;1a;1a;1a;1a;1a;1a;1a;1a;1a;1a;1a;1a;1a;1a;1a;1a;1a,1,42,orbit12_fp0,wyckoff_orbit,12,1a,3,0,True,torus_fractional_coordinate,1a;1a;1a;1a;1a;1a;1a;1a;1a;1a;1a;1a;1a;1a;1a;1a;1a;1a;1a;1a;1a;1a
SG1|1a;1a;1a;1a;1a;1a;1a;1a;1a;1a;1a;1a;1a;1a;1a;1a;1a;1a;1a;1a;1a;1a,1,43,orbit12_fp1,wyckoff_orbit,12,1a,3,1,True,torus_fractional_coordinate,1a;1a;1a;1a;1a;1a;1a;1a;1a;1a;1a;1a;1a;1a;1a;1a;1a;1a;1a;1a;1a;1a
SG1|1a;1a;1a;1a;1a;1a;1a;1a;1a;1a;1a;1a;1a;1a;1a;1a;1a;1a;1a;1a;1a;1a,1,44,orbit12_fp2,wyckoff_orbit,12,1a,3,2,True,torus_fractional_coordinate,1a;1a;1a;1a;1a;1a;1a;1a;1a;1a;1a;1a;1a;1a;1a;1a;1a;1a;1a;1a;1a;1a
SG1|1a;1a;1a;1a;1a;1a;1a;1a;1a;1a;1a;1a;1a;1a;1a;1a;1a;1a;1a;1a;1a;1a,1,45,orbit13_fp0,wyckoff_orbit,13,1a,3,0,True,torus_fractional_coordinate,1a;1a;1a;1a;1a;1a;1a;1a;1a;1a;1a;1a;1a;1a;1a;1a;1a;1a;1a;1a;1a;1a
SG1|1a;1a;1a;1a;1a;1a;1a;1a;1a;1a;1a;1a;1a;1a;1a;1a;1a;1a;1a;1a;1a;1a,1,46,orbit13_fp1,wyckoff_orbit,13,1a,3,1,True,torus_fractional_coordinate,1a;1a;1a;1a;1a;1a;1a;1a;1a;1a;1a;1a;1a;1a;1a;1a;1a;1a;1a;1a;1a;1a
SG1|1a;1a;1a;1a;1a;1a;1a;1a;1a;1a;1a;1a;1a;1a;1a;1a;1a;1a;1a;1a;1a;1a,1,47,orbit13_fp2,wyckoff_orbit,13,1a,3,2,True,torus_fractional_coordinate,1a;1a;1a;1a;1a;1a;1a;1a;1a;1a;1a;1a;1a;1a;1a;1a;1a;1a;1a;1a;1a;1a
SG1|1a;1a;1a;1a;1a;1a;1a;1a;1a;1a;1a;1a;1a;1a;1a;1a;1a;1a;1a;1a;1a;1a,1,48,orbit14_fp0,wyckoff_orbit,14,1a,3,0,True,torus_fractional_coordinate,1a;1a;1a;1a;1a;1a;1a;1a;1a;1a;1a;1a;1a;1a;1a;1a;1a;1a;1a;1a;1a;1a
SG1|1a;1a;1a;1a;1a;1a;1a;1a;1a;1a;1a;1a;1a;1a;1a;1a;1a;1a;1a;1a;1a;1a,1,49,orbit14_fp1,wyckoff_orbit,14,1a,3,1,True,torus_fractional_coordinate,1a;1a;1a;1a;1a;1a;1a;1a;1a;1a;1a;1a;1a;1a;1a;1a;1a;1a;1a;1a;1a;1a
SG1|1a;1a;1a;1a;1a;1a;1a;1a;1a;1a;1a;1a;1a;1a;1a;1a;1a;1a;1a;1a;1a;1a,1,50,orbit14_fp2,wyckoff_orbit,14,1a,3,2,True,torus_fractional_coordinate,1a;1a;1a;1a;1a;1a;1a;1a;1a;1a;1a;1a;1a;1a;1a;1a;1a;1a;1a;1a;1a;1a
SG1|1a;1a;1a;1a;1a;1a;1a;1a;1a;1a;1a;1a;1a;1a;1a;1a;1a;1a;1a;1a;1a;1a,1,51,orbit15_fp0,wyckoff_orbit,15,1a,3,0,True,torus_fractional_coordinate,1a;1a;1a;1a;1a;1a;1a;1a;1a;1a;1a;1a;1a;1a;1a;1a;1a;1a;1a;1a;1a;1a
SG1|1a;1a;1a;1a;1a;1a;1a;1a;1a;1a;1a;1a;1a;1a;1a;1a;1a;1a;1a;1a;1a;1a,1,52,orbit15_fp1,wyckoff_orbit,15,1a,3,1,True,torus_fractional_coordinate,1a;1a;1a;1a;1a;1a;1a;1a;1a;1a;1a;1a;1a;1a;1a;1a;1a;1a;1a;1a;1a;1a
SG1|1a;1a;1a;1a;1a;1a;1a;1a;1a;1a;1a;1a;1a;1a;1a;1a;1a;1a;1a;1a;1a;1a,1,53,orbit15_fp2,wyckoff_orbit,15,1a,3,2,True,torus_fractional_coordinate,1a;1a;1a;1a;1a;1a;1a;1a;1a;1a;1a;1a;1a;1a;1a;1a;1a;1a;1a;1a;1a;1a
SG1|1a;1a;1a;1a;1a;1a;1a;1a;1a;1a;1a;1a;1a;1a;1a;1a;1a;1a;1a;1a;1a;1a,1,54,orbit16_fp0,wyckoff_orbit,16,1a,3,0,True,torus_fractional_coordinate,1a;1a;1a;1a;1a;1a;1a;1a;1a;1a;1a;1a;1a;1a;1a;1a;1a;1a;1a;1a;1a;1a
SG1|1a;1a;1a;1a;1a;1a;1a;1a;1a;1a;1a;1a;1a;1a;1a;1a;1a;1a;1a;1a;1a;1a,1,55,orbit16_fp1,wyckoff_orbit,16,1a,3,1,True,torus_fractional_coordinate,1a;1a;1a;1a;1a;1a;1a;1a;1a;1a;1a;1a;1a;1a;1a;1a;1a;1a;1a;1a;1a;1a
SG1|1a;1a;1a;1a;1a;1a;1a;1a;1a;1a;1a;1a;1a;1a;1a;1a;1a;1a;1a;1a;1a;1a,1,56,orbit16_fp2,wyckoff_orbit,16,1a,3,2,True,torus_fractional_coordinate,1a;1a;1a;1a;1a;1a;1a;1a;1a;1a;1a;1a;1a;1a;1a;1a;1a;1a;1a;1a;1a;1a
SG1|1a;1a;1a;1a;1a;1a;1a;1a;1a;1a;1a;1a;1a;1a;1a;1a;1a;1a;1a;1a;1a;1a,1,57,orbit17_fp0,wyckoff_orbit,17,1a,3,0,True,torus_fractional_coordinate,1a;1a;1a;1a;1a;1a;1a;1a;1a;1a;1a;1a;1a;1a;1a;1a;1a;1a;1a;1a;1a;1a
SG1|1a;1a;1a;1a;1a;1a;1a;1a;1a;1a;1a;1a;1a;1a;1a;1a;1a;1a;1a;1a;1a;1a,1,58,orbit17_fp1,wyckoff_orbit,17,1a,3,1,True,torus_fractional_coordinate,1a;1a;1a;1a;1a;1a;1a;1a;1a;1a;1a;1a;1a;1a;1a;1a;1a;1a;1a;1a;1a;1a
SG1|1a;1a;1a;1a;1a;1a;1a;1a;1a;1a;1a;1a;1a;1a;1a;1a;1a;1a;1a;1a;1a;1a,1,59,orbit17_fp2,wyckoff_orbit,17,1a,3,2,True,torus_fractional_coordinate,1a;1a;1a;1a;1a;1a;1a;1a;1a;1a;1a;1a;1a;1a;1a;1a;1a;1a;1a;1a;1a;1a
SG1|1a;1a;1a;1a;1a;1a;1a;1a;1a;1a;1a;1a;1a;1a;1a;1a;1a;1a;1a;1a;1a;1a,1,60,orbit18_fp0,wyckoff_orbit,18,1a,3,0,True,torus_fractional_coordinate,1a;1a;1a;1a;1a;1a;1a;1a;1a;1a;1a;1a;1a;1a;1a;1a;1a;1a;1a;1a;1a;1a
SG1|1a;1a;1a;1a;1a;1a;1a;1a;1a;1a;1a;1a;1a;1a;1a;1a;1a;1a;1a;1a;1a;1a,1,61,orbit18_fp1,wyckoff_orbit,18,1a,3,1,True,torus_fractional_coordinate,1a;1a;1a;1a;1a;1a;1a;1a;1a;1a;1a;1a;1a;1a;1a;1a;1a;1a;1a;1a;1a;1a
SG1|1a;1a;1a;1a;1a;1a;1a;1a;1a;1a;1a;1a;1a;1a;1a;1a;1a;1a;1a;1a;1a;1a,1,62,orbit18_fp2,wyckoff_orbit,18,1a,3,2,True,torus_fractional_coordinate,1a;1a;1a;1a;1a;1a;1a;1a;1a;1a;1a;1a;1a;1a;1a;1a;1a;1a;1a;1a;1a;1a
SG1|1a;1a;1a;1a;1a;1a;1a;1a;1a;1a;1a;1a;1a;1a;1a;1a;1a;1a;1a;1a;1a;1a,1,63,orbit19_fp0,wyckoff_orbit,19,1a,3,0,True,torus_fractional_coordinate,1a;1a;1a;1a;1a;1a;1a;1a;1a;1a;1a;1a;1a;1a;1a;1a;1a;1a;1a;1a;1a;1a
SG1|1a;1a;1a;1a;1a;1a;1a;1a;1a;1a;1a;1a;1a;1a;1a;1a;1a;1a;1a;1a;1a;1a,1,64,orbit19_fp1,wyckoff_orbit,19,1a,3,1,True,torus_fractional_coordinate,1a;1a;1a;1a;1a;1a;1a;1a;1a;1a;1a;1a;1a;1a;1a;1a;1a;1a;1a;1a;1a;1a
SG1|1a;1a;1a;1a;1a;1a;1a;1a;1a;1a;1a;1a;1a;1a;1a;1a;1a;1a;1a;1a;1a;1a,1,65,orbit19_fp2,wyckoff_orbit,19,1a,3,2,True,torus_fractional_coordinate,1a;1a;1a;1a;1a;1a;1a;1a;1a;1a;1a;1a;1a;1a;1a;1a;1a;1a;1a;1a;1a;1a
SG1|1a;1a;1a;1a;1a;1a;1a;1a;1a;1a;1a;1a;1a;1a;1a;1a;1a;1a;1a;1a;1a;1a,1,66,orbit20_fp0,wyckoff_orbit,20,1a,3,0,True,torus_fractional_coordinate,1a;1a;1a;1a;1a;1a;1a;1a;1a;1a;1a;1a;1a;1a;1a;1a;1a;1a;1a;1a;1a;1a
SG1|1a;1a;1a;1a;1a;1a;1a;1a;1a;1a;1a;1a;1a;1a;1a;1a;1a;1a;1a;1a;1a;1a,1,67,orbit20_fp1,wyckoff_orbit,20,1a,3,1,True,torus_fractional_coordinate,1a;1a;1a;1a;1a;1a;1a;1a;1a;1a;1a;1a;1a;1a;1a;1a;1a;1a;1a;1a;1a;1a
SG1|1a;1a;1a;1a;1a;1a;1a;1a;1a;1a;1a;1a;1a;1a;1a;1a;1a;1a;1a;1a;1a;1a,1,68,orbit20_fp2,wyckoff_orbit,20,1a,3,2,True,torus_fractional_coordinate,1a;1a;1a;1a;1a;1a;1a;1a;1a;1a;1a;1a;1a;1a;1a;1a;1a;1a;1a;1a;1a;1a
SG1|1a;1a;1a;1a;1a;1a;1a;1a;1a;1a;1a;1a;1a;1a;1a;1a;1a;1a;1a;1a;1a;1a,1,69,orbit21_fp0,wyckoff_orbit,21,1a,3,0,True,torus_fractional_coordinate,1a;1a;1a;1a;1a;1a;1a;1a;1a;1a;1a;1a;1a;1a;1a;1a;1a;1a;1a;1a;1a;1a
SG1|1a;1a;1a;1a;1a;1a;1a;1a;1a;1a;1a;1a;1a;1a;1a;1a;1a;1a;1a;1a;1a;1a,1,70,orbit21_fp1,wyckoff_orbit,21,1a,3,1,True,torus_fractional_coordinate,1a;1a;1a;1a;1a;1a;1a;1a;1a;1a;1a;1a;1a;1a;1a;1a;1a;1a;1a;1a;1a;1a
SG1|1a;1a;1a;1a;1a;1a;1a;1a;1a;1a;1a;1a;1a;1a;1a;1a;1a;1a;1a;1a;1a;1a,1,71,orbit21_fp2,wyckoff_orbit,21,1a,3,2,True,torus_fractional_coordinate,1a;1a;1a;1a;1a;1a;1a;1a;1a;1a;1a;1a;1a;1a;1a;1a;1a;1a;1a;1a;1a;1a
SG1|1a;1a;1a;1a;1a;1a;1a;1a;1a;1a;1a;1a;1a;1a;1a;1a;1a;1a;1a;1a;1a,1,0,lattice_a,lattice,-1,,0,-1,False,positive_length,1a;1a;1a;1a;1a;1a;1a;1a;1a;1a;1a;1a;1a;1a;1a;1a;1a;1a;1a;1a;1a
SG1|1a;1a;1a;1a;1a;1a;1a;1a;1a;1a;1a;1a;1a;1a;1a;1a;1a;1a;1a;1a;1a,1,1,lattice_b,lattice,-1,,0,-1,False,positive_length,1a;1a;1a;1a;1a;1a;1a;1a;1a;1a;1a;1a;1a;1a;1a;1a;1a;1a;1a;1a;1a
SG1|1a;1a;1a;1a;1a;1a;1a;1a;1a;1a;1a;1a;1a;1a;1a;1a;1a;1a;1a;1a;1a,1,2,lattice_c,lattice,-1,,0,-1,False,positive_length,1a;1a;1a;1a;1a;1a;1a;1a;1a;1a;1a;1a;1a;1a;1a;1a;1a;1a;1a;1a;1a
SG1|1a;1a;1a;1a;1a;1a;1a;1a;1a;1a;1a;1a;1a;1a;1a;1a;1a;1a;1a;1a;1a,1,3,alpha,lattice,-1,,0,-1,False,angle_degree,1a;1a;1a;1a;1a;1a;1a;1a;1a;1a;1a;1a;1a;1a;1a;1a;1a;1a;1a;1a;1a
SG1|1a;1a;1a;1a;1a;1a;1a;1a;1a;1a;1a;1a;1a;1a;1a;1a;1a;1a;1a;1a;1a,1,4,beta,lattice,-1,,0,-1,False,angle_degree,1a;1a;1a;1a;1a;1a;1a;1a;1a;1a;1a;1a;1a;1a;1a;1a;1a;1a;1a;1a;1a
SG1|1a;1a;1a;1a;1a;1a;1a;1a;1a;1a;1a;1a;1a;1a;1a;1a;1a;1a;1a;1a;1a,1,5,gamma,lattice,-1,,0,-1,False,angle_degree,1a;1a;1a;1a;1a;1a;1a;1a;1a;1a;1a;1a;1a;1a;1a;1a;1a;1a;1a;1a;1a
SG1|1a;1a;1a;1a;1a;1a;1a;1a;1a;1a;1a;1a;1a;1a;1a;1a;1a;1a;1a;1a;1a,1,6,orbit0_fp0,wyckoff_orbit,0,1a,3,0,True,torus_fractional_coordinate,1a;1a;1a;1a;1a;1a;1a;1a;1a;1a;1a;1a;1a;1a;1a;1a;1a;1a;1a;1a;1a
SG1|1a;1a;1a;1a;1a;1a;1a;1a;1a;1a;1a;1a;1a;1a;1a;1a;1a;1a;1a;1a;1a,1,7,orbit0_fp1,wyckoff_orbit,0,1a,3,1,True,torus_fractional_coordinate,1a;1a;1a;1a;1a;1a;1a;1a;1a;1a;1a;1a;1a;1a;1a;1a;1a;1a;1a;1a;1a
SG1|1a;1a;1a;1a;1a;1a;1a;1a;1a;1a;1a;1a;1a;1a;1a;1a;1a;1a;1a;1a;1a,1,8,orbit0_fp2,wyckoff_orbit,0,1a,3,2,True,torus_fractional_coordinate,1a;1a;1a;1a;1a;1a;1a;1a;1a;1a;1a;1a;1a;1a;1a;1a;1a;1a;1a;1a;1a
SG1|1a;1a;1a;1a;1a;1a;1a;1a;1a;1a;1a;1a;1a;1a;1a;1a;1a;1a;1a;1a;1a,1,9,orbit1_fp0,wyckoff_orbit,1,1a,3,0,True,torus_fractional_coordinate,1a;1a;1a;1a;1a;1a;1a;1a;1a;1a;1a;1a;1a;1a;1a;1a;1a;1a;1a;1a;1a
SG1|1a;1a;1a;1a;1a;1a;1a;1a;1a;1a;1a;1a;1a;1a;1a;1a;1a;1a;1a;1a;1a,1,10,orbit1_fp1,wyckoff_orbit,1,1a,3,1,True,torus_fractional_coordinate,1a;1a;1a;1a;1a;1a;1a;1a;1a;1a;1a;1a;1a;1a;1a;1a;1a;1a;1a;1a;1a
SG1|1a;1a;1a;1a;1a;1a;1a;1a;1a;1a;1a;1a;1a;1a;1a;1a;1a;1a;1a;1a;1a,1,11,orbit1_fp2,wyckoff_orbit,1,1a,3,2,True,torus_fractional_coordinate,1a;1a;1a;1a;1a;1a;1a;1a;1a;1a;1a;1a;1a;1a;1a;1a;1a;1a;1a;1a;1a
SG1|1a;1a;1a;1a;1a;1a;1a;1a;1a;1a;1a;1a;1a;1a;1a;1a;1a;1a;1a;1a;1a,1,12,orbit2_fp0,wyckoff_orbit,2,1a,3,0,True,torus_fractional_coordinate,1a;1a;1a;1a;1a;1a;1a;1a;1a;1a;1a;1a;1a;1a;1a;1a;1a;1a;1a;1a;1a
SG1|1a;1a;1a;1a;1a;1a;1a;1a;1a;1a;1a;1a;1a;1a;1a;1a;1a;1a;1a;1a;1a,1,13,orbit2_fp1,wyckoff_orbit,2,1a,3,1,True,torus_fractional_coordinate,1a;1a;1a;1a;1a;1a;1a;1a;1a;1a;1a;1a;1a;1a;1a;1a;1a;1a;1a;1a;1a
SG1|1a;1a;1a;1a;1a;1a;1a;1a;1a;1a;1a;1a;1a;1a;1a;1a;1a;1a;1a;1a;1a,1,14,orbit2_fp2,wyckoff_orbit,2,1a,3,2,True,torus_fractional_coordinate,1a;1a;1a;1a;1a;1a;1a;1a;1a;1a;1a;1a;1a;1a;1a;1a;1a;1a;1a;1a;1a
SG1|1a;1a;1a;1a;1a;1a;1a;1a;1a;1a;1a;1a;1a;1a;1a;1a;1a;1a;1a;1a;1a,1,15,orbit3_fp0,wyckoff_orbit,3,1a,3,0,True,torus_fractional_coordinate,1a;1a;1a;1a;1a;1a;1a;1a;1a;1a;1a;1a;1a;1a;1a;1a;1a;1a;1a;1a;1a
SG1|1a;1a;1a;1a;1a;1a;1a;1a;1a;1a;1a;1a;1a;1a;1a;1a;1a;1a;1a;1a;1a,1,16,orbit3_fp1,wyckoff_orbit,3,1a,3,1,True,torus_fractional_coordinate,1a;1a;1a;1a;1a;1a;1a;1a;1a;1a;1a;1a;1a;1a;1a;1a;1a;1a;1a;1a;1a
SG1|1a;1a;1a;1a;1a;1a;1a;1a;1a;1a;1a;1a;1a;1a;1a;1a;1a;1a;1a;1a;1a,1,17,orbit3_fp2,wyckoff_orbit,3,1a,3,2,True,torus_fractional_coordinate,1a;1a;1a;1a;1a;1a;1a;1a;1a;1a;1a;1a;1a;1a;1a;1a;1a;1a;1a;1a;1a
SG1|1a;1a;1a;1a;1a;1a;1a;1a;1a;1a;1a;1a;1a;1a;1a;1a;1a;1a;1a;1a;1a,1,18,orbit4_fp0,wyckoff_orbit,4,1a,3,0,True,torus_fractional_coordinate,1a;1a;1a;1a;1a;1a;1a;1a;1a;1a;1a;1a;1a;1a;1a;1a;1a;1a;1a;1a;1a
SG1|1a;1a;1a;1a;1a;1a;1a;1a;1a;1a;1a;1a;1a;1a;1a;1a;1a;1a;1a;1a;1a,1,19,orbit4_fp1,wyckoff_orbit,4,1a,3,1,True,torus_fractional_coordinate,1a;1a;1a;1a;1a;1a;1a;1a;1a;1a;1a;1a;1a;1a;1a;1a;1a;1a;1a;1a;1a
SG1|1a;1a;1a;1a;1a;1a;1a;1a;1a;1a;1a;1a;1a;1a;1a;1a;1a;1a;1a;1a;1a,1,20,orbit4_fp2,wyckoff_orbit,4,1a,3,2,True,torus_fractional_coordinate,1a;1a;1a;1a;1a;1a;1a;1a;1a;1a;1a;1a;1a;1a;1a;1a;1a;1a;1a;1a;1a
SG1|1a;1a;1a;1a;1a;1a;1a;1a;1a;1a;1a;1a;1a;1a;1a;1a;1a;1a;1a;1a;1a,1,21,orbit5_fp0,wyckoff_orbit,5,1a,3,0,True,torus_fractional_coordinate,1a;1a;1a;1a;1a;1a;1a;1a;1a;1a;1a;1a;1a;1a;1a;1a;1a;1a;1a;1a;1a
SG1|1a;1a;1a;1a;1a;1a;1a;1a;1a;1a;1a;1a;1a;1a;1a;1a;1a;1a;1a;1a;1a,1,22,orbit5_fp1,wyckoff_orbit,5,1a,3,1,True,torus_fractional_coordinate,1a;1a;1a;1a;1a;1a;1a;1a;1a;1a;1a;1a;1a;1a;1a;1a;1a;1a;1a;1a;1a
SG1|1a;1a;1a;1a;1a;1a;1a;1a;1a;1a;1a;1a;1a;1a;1a;1a;1a;1a;1a;1a;1a,1,23,orbit5_fp2,wyckoff_orbit,5,1a,3,2,True,torus_fractional_coordinate,1a;1a;1a;1a;1a;1a;1a;1a;1a;1a;1a;1a;1a;1a;1a;1a;1a;1a;1a;1a;1a
SG1|1a;1a;1a;1a;1a;1a;1a;1a;1a;1a;1a;1a;1a;1a;1a;1a;1a;1a;1a;1a;1a,1,24,orbit6_fp0,wyckoff_orbit,6,1a,3,0,True,torus_fractional_coordinate,1a;1a;1a;1a;1a;1a;1a;1a;1a;1a;1a;1a;1a;1a;1a;1a;1a;1a;1a;1a;1a
SG1|1a;1a;1a;1a;1a;1a;1a;1a;1a;1a;1a;1a;1a;1a;1a;1a;1a;1a;1a;1a;1a,1,25,orbit6_fp1,wyckoff_orbit,6,1a,3,1,True,torus_fractional_coordinate,1a;1a;1a;1a;1a;1a;1a;1a;1a;1a;1a;1a;1a;1a;1a;1a;1a;1a;1a;1a;1a
SG1|1a;1a;1a;1a;1a;1a;1a;1a;1a;1a;1a;1a;1a;1a;1a;1a;1a;1a;1a;1a;1a,1,26,orbit6_fp2,wyckoff_orbit,6,1a,3,2,True,torus_fractional_coordinate,1a;1a;1a;1a;1a;1a;1a;1a;1a;1a;1a;1a;1a;1a;1a;1a;1a;1a;1a;1a;1a
SG1|1a;1a;1a;1a;1a;1a;1a;1a;1a;1a;1a;1a;1a;1a;1a;1a;1a;1a;1a;1a;1a,1,27,orbit7_fp0,wyckoff_orbit,7,1a,3,0,True,torus_fractional_coordinate,1a;1a;1a;1a;1a;1a;1a;1a;1a;1a;1a;1a;1a;1a;1a;1a;1a;1a;1a;1a;1a
SG1|1a;1a;1a;1a;1a;1a;1a;1a;1a;1a;1a;1a;1a;1a;1a;1a;1a;1a;1a;1a;1a,1,28,orbit7_fp1,wyckoff_orbit,7,1a,3,1,True,torus_fractional_coordinate,1a;1a;1a;1a;1a;1a;1a;1a;1a;1a;1a;1a;1a;1a;1a;1a;1a;1a;1a;1a;1a
SG1|1a;1a;1a;1a;1a;1a;1a;1a;1a;1a;1a;1a;1a;1a;1a;1a;1a;1a;1a;1a;1a,1,29,orbit7_fp2,wyckoff_orbit,7,1a,3,2,True,torus_fractional_coordinate,1a;1a;1a;1a;1a;1a;1a;1a;1a;1a;1a;1a;1a;1a;1a;1a;1a;1a;1a;1a;1a
SG1|1a;1a;1a;1a;1a;1a;1a;1a;1a;1a;1a;1a;1a;1a;1a;1a;1a;1a;1a;1a;1a,1,30,orbit8_fp0,wyckoff_orbit,8,1a,3,0,True,torus_fractional_coordinate,1a;1a;1a;1a;1a;1a;1a;1a;1a;1a;1a;1a;1a;1a;1a;1a;1a;1a;1a;1a;1a
SG1|1a;1a;1a;1a;1a;1a;1a;1a;1a;1a;1a;1a;1a;1a;1a;1a;1a;1a;1a;1a;1a,1,31,orbit8_fp1,wyckoff_orbit,8,1a,3,1,True,torus_fractional_coordinate,1a;1a;1a;1a;1a;1a;1a;1a;1a;1a;1a;1a;1a;1a;1a;1a;1a;1a;1a;1a;1a
SG1|1a;1a;1a;1a;1a;1a;1a;1a;1a;1a;1a;1a;1a;1a;1a;1a;1a;1a;1a;1a;1a,1,32,orbit8_fp2,wyckoff_orbit,8,1a,3,2,True,torus_fractional_coordinate,1a;1a;1a;1a;1a;1a;1a;1a;1a;1a;1a;1a;1a;1a;1a;1a;1a;1a;1a;1a;1a
SG1|1a;1a;1a;1a;1a;1a;1a;1a;1a;1a;1a;1a;1a;1a;1a;1a;1a;1a;1a;1a;1a,1,33,orbit9_fp0,wyckoff_orbit,9,1a,3,0,True,torus_fractional_coordinate,1a;1a;1a;1a;1a;1a;1a;1a;1a;1a;1a;1a;1a;1a;1a;1a;1a;1a;1a;1a;1a
SG1|1a;1a;1a;1a;1a;1a;1a;1a;1a;1a;1a;1a;1a;1a;1a;1a;1a;1a;1a;1a;1a,1,34,orbit9_fp1,wyckoff_orbit,9,1a,3,1,True,torus_fractional_coordinate,1a;1a;1a;1a;1a;1a;1a;1a;1a;1a;1a;1a;1a;1a;1a;1a;1a;1a;1a;1a;1a
SG1|1a;1a;1a;1a;1a;1a;1a;1a;1a;1a;1a;1a;1a;1a;1a;1a;1a;1a;1a;1a;1a,1,35,orbit9_fp2,wyckoff_orbit,9,1a,3,2,True,torus_fractional_coordinate,1a;1a;1a;1a;1a;1a;1a;1a;1a;1a;1a;1a;1a;1a;1a;1a;1a;1a;1a;1a;1a
SG1|1a;1a;1a;1a;1a;1a;1a;1a;1a;1a;1a;1a;1a;1a;1a;1a;1a;1a;1a;1a;1a,1,36,orbit10_fp0,wyckoff_orbit,10,1a,3,0,True,torus_fractional_coordinate,1a;1a;1a;1a;1a;1a;1a;1a;1a;1a;1a;1a;1a;1a;1a;1a;1a;1a;1a;1a;1a
SG1|1a;1a;1a;1a;1a;1a;1a;1a;1a;1a;1a;1a;1a;1a;1a;1a;1a;1a;1a;1a;1a,1,37,orbit10_fp1,wyckoff_orbit,10,1a,3,1,True,torus_fractional_coordinate,1a;1a;1a;1a;1a;1a;1a;1a;1a;1a;1a;1a;1a;1a;1a;1a;1a;1a;1a;1a;1a
SG1|1a;1a;1a;1a;1a;1a;1a;1a;1a;1a;1a;1a;1a;1a;1a;1a;1a;1a;1a;1a;1a,1,38,orbit10_fp2,wyckoff_orbit,10,1a,3,2,True,torus_fractional_coordinate,1a;1a;1a;1a;1a;1a;1a;1a;1a;1a;1a;1a;1a;1a;1a;1a;1a;1a;1a;1a;1a
SG1|1a;1a;1a;1a;1a;1a;1a;1a;1a;1a;1a;1a;1a;1a;1a;1a;1a;1a;1a;1a;1a,1,39,orbit11_fp0,wyckoff_orbit,11,1a,3,0,True,torus_fractional_coordinate,1a;1a;1a;1a;1a;1a;1a;1a;1a;1a;1a;1a;1a;1a;1a;1a;1a;1a;1a;1a;1a
SG1|1a;1a;1a;1a;1a;1a;1a;1a;1a;1a;1a;1a;1a;1a;1a;1a;1a;1a;1a;1a;1a,1,40,orbit11_fp1,wyckoff_orbit,11,1a,3,1,True,torus_fractional_coordinate,1a;1a;1a;1a;1a;1a;1a;1a;1a;1a;1a;1a;1a;1a;1a;1a;1a;1a;1a;1a;1a
SG1|1a;1a;1a;1a;1a;1a;1a;1a;1a;1a;1a;1a;1a;1a;1a;1a;1a;1a;1a;1a;1a,1,41,orbit11_fp2,wyckoff_orbit,11,1a,3,2,True,torus_fractional_coordinate,1a;1a;1a;1a;1a;1a;1a;1a;1a;1a;1a;1a;1a;1a;1a;1a;1a;1a;1a;1a;1a
SG1|1a;1a;1a;1a;1a;1a;1a;1a;1a;1a;1a;1a;1a;1a;1a;1a;1a;1a;1a;1a;1a,1,42,orbit12_fp0,wyckoff_orbit,12,1a,3,0,True,torus_fractional_coordinate,1a;1a;1a;1a;1a;1a;1a;1a;1a;1a;1a;1a;1a;1a;1a;1a;1a;1a;1a;1a;1a
SG1|1a;1a;1a;1a;1a;1a;1a;1a;1a;1a;1a;1a;1a;1a;1a;1a;1a;1a;1a;1a;1a,1,43,orbit12_fp1,wyckoff_orbit,12,1a,3,1,True,torus_fractional_coordinate,1a;1a;1a;1a;1a;1a;1a;1a;1a;1a;1a;1a;1a;1a;1a;1a;1a;1a;1a;1a;1a
SG1|1a;1a;1a;1a;1a;1a;1a;1a;1a;1a;1a;1a;1a;1a;1a;1a;1a;1a;1a;1a;1a,1,44,orbit12_fp2,wyckoff_orbit,12,1a,3,2,True,torus_fractional_coordinate,1a;1a;1a;1a;1a;1a;1a;1a;1a;1a;1a;1a;1a;1a;1a;1a;1a;1a;1a;1a;1a
SG1|1a;1a;1a;1a;1a;1a;1a;1a;1a;1a;1a;1a;1a;1a;1a;1a;1a;1a;1a;1a;1a,1,45,orbit13_fp0,wyckoff_orbit,13,1a,3,0,True,torus_fractional_coordinate,1a;1a;1a;1a;1a;1a;1a;1a;1a;1a;1a;1a;1a;1a;1a;1a;1a;1a;1a;1a;1a
SG1|1a;1a;1a;1a;1a;1a;1a;1a;1a;1a;1a;1a;1a;1a;1a;1a;1a;1a;1a;1a;1a,1,46,orbit13_fp1,wyckoff_orbit,13,1a,3,1,True,torus_fractional_coordinate,1a;1a;1a;1a;1a;1a;1a;1a;1a;1a;1a;1a;1a;1a;1a;1a;1a;1a;1a;1a;1a
SG1|1a;1a;1a;1a;1a;1a;1a;1a;1a;1a;1a;1a;1a;1a;1a;1a;1a;1a;1a;1a;1a,1,47,orbit13_fp2,wyckoff_orbit,13,1a,3,2,True,torus_fractional_coordinate,1a;1a;1a;1a;1a;1a;1a;1a;1a;1a;1a;1a;1a;1a;1a;1a;1a;1a;1a;1a;1a
SG1|1a;1a;1a;1a;1a;1a;1a;1a;1a;1a;1a;1a;1a;1a;1a;1a;1a;1a;1a;1a;1a,1,48,orbit14_fp0,wyckoff_orbit,14,1a,3,0,True,torus_fractional_coordinate,1a;1a;1a;1a;1a;1a;1a;1a;1a;1a;1a;1a;1a;1a;1a;1a;1a;1a;1a;1a;1a
SG1|1a;1a;1a;1a;1a;1a;1a;1a;1a;1a;1a;1a;1a;1a;1a;1a;1a;1a;1a;1a;1a,1,49,orbit14_fp1,wyckoff_orbit,14,1a,3,1,True,torus_fractional_coordinate,1a;1a;1a;1a;1a;1a;1a;1a;1a;1a;1a;1a;1a;1a;1a;1a;1a;1a;1a;1a;1a
SG1|1a;1a;1a;1a;1a;1a;1a;1a;1a;1a;1a;1a;1a;1a;1a;1a;1a;1a;1a;1a;1a,1,50,orbit14_fp2,wyckoff_orbit,14,1a,3,2,True,torus_fractional_coordinate,1a;1a;1a;1a;1a;1a;1a;1a;1a;1a;1a;1a;1a;1a;1a;1a;1a;1a;1a;1a;1a
SG1|1a;1a;1a;1a;1a;1a;1a;1a;1a;1a;1a;1a;1a;1a;1a;1a;1a;1a;1a;1a;1a,1,51,orbit15_fp0,wyckoff_orbit,15,1a,3,0,True,torus_fractional_coordinate,1a;1a;1a;1a;1a;1a;1a;1a;1a;1a;1a;1a;1a;1a;1a;1a;1a;1a;1a;1a;1a
SG1|1a;1a;1a;1a;1a;1a;1a;1a;1a;1a;1a;1a;1a;1a;1a;1a;1a;1a;1a;1a;1a,1,52,orbit15_fp1,wyckoff_orbit,15,1a,3,1,True,torus_fractional_coordinate,1a;1a;1a;1a;1a;1a;1a;1a;1a;1a;1a;1a;1a;1a;1a;1a;1a;1a;1a;1a;1a
SG1|1a;1a;1a;1a;1a;1a;1a;1a;1a;1a;1a;1a;1a;1a;1a;1a;1a;1a;1a;1a;1a,1,53,orbit15_fp2,wyckoff_orbit,15,1a,3,2,True,torus_fractional_coordinate,1a;1a;1a;1a;1a;1a;1a;1a;1a;1a;1a;1a;1a;1a;1a;1a;1a;1a;1a;1a;1a
SG1|1a;1a;1a;1a;1a;1a;1a;1a;1a;1a;1a;1a;1a;1a;1a;1a;1a;1a;1a;1a;1a,1,54,orbit16_fp0,wyckoff_orbit,16,1a,3,0,True,torus_fractional_coordinate,1a;1a;1a;1a;1a;1a;1a;1a;1a;1a;1a;1a;1a;1a;1a;1a;1a;1a;1a;1a;1a
SG1|1a;1a;1a;1a;1a;1a;1a;1a;1a;1a;1a;1a;1a;1a;1a;1a;1a;1a;1a;1a;1a,1,55,orbit16_fp1,wyckoff_orbit,16,1a,3,1,True,torus_fractional_coordinate,1a;1a;1a;1a;1a;1a;1a;1a;1a;1a;1a;1a;1a;1a;1a;1a;1a;1a;1a;1a;1a
SG1|1a;1a;1a;1a;1a;1a;1a;1a;1a;1a;1a;1a;1a;1a;1a;1a;1a;1a;1a;1a;1a,1,56,orbit16_fp2,wyckoff_orbit,16,1a,3,2,True,torus_fractional_coordinate,1a;1a;1a;1a;1a;1a;1a;1a;1a;1a;1a;1a;1a;1a;1a;1a;1a;1a;1a;1a;1a
SG1|1a;1a;1a;1a;1a;1a;1a;1a;1a;1a;1a;1a;1a;1a;1a;1a;1a;1a;1a;1a;1a,1,57,orbit17_fp0,wyckoff_orbit,17,1a,3,0,True,torus_fractional_coordinate,1a;1a;1a;1a;1a;1a;1a;1a;1a;1a;1a;1a;1a;1a;1a;1a;1a;1a;1a;1a;1a
SG1|1a;1a;1a;1a;1a;1a;1a;1a;1a;1a;1a;1a;1a;1a;1a;1a;1a;1a;1a;1a;1a,1,58,orbit17_fp1,wyckoff_orbit,17,1a,3,1,True,torus_fractional_coordinate,1a;1a;1a;1a;1a;1a;1a;1a;1a;1a;1a;1a;1a;1a;1a;1a;1a;1a;1a;1a;1a
SG1|1a;1a;1a;1a;1a;1a;1a;1a;1a;1a;1a;1a;1a;1a;1a;1a;1a;1a;1a;1a;1a,1,59,orbit17_fp2,wyckoff_orbit,17,1a,3,2,True,torus_fractional_coordinate,1a;1a;1a;1a;1a;1a;1a;1a;1a;1a;1a;1a;1a;1a;1a;1a;1a;1a;1a;1a;1a
SG1|1a;1a;1a;1a;1a;1a;1a;1a;1a;1a;1a;1a;1a;1a;1a;1a;1a;1a;1a;1a;1a,1,60,orbit18_fp0,wyckoff_orbit,18,1a,3,0,True,torus_fractional_coordinate,1a;1a;1a;1a;1a;1a;1a;1a;1a;1a;1a;1a;1a;1a;1a;1a;1a;1a;1a;1a;1a
SG1|1a;1a;1a;1a;1a;1a;1a;1a;1a;1a;1a;1a;1a;1a;1a;1a;1a;1a;1a;1a;1a,1,61,orbit18_fp1,wyckoff_orbit,18,1a,3,1,True,torus_fractional_coordinate,1a;1a;1a;1a;1a;1a;1a;1a;1a;1a;1a;1a;1a;1a;1a;1a;1a;1a;1a;1a;1a
SG1|1a;1a;1a;1a;1a;1a;1a;1a;1a;1a;1a;1a;1a;1a;1a;1a;1a;1a;1a;1a;1a,1,62,orbit18_fp2,wyckoff_orbit,18,1a,3,2,True,torus_fractional_coordinate,1a;1a;1a;1a;1a;1a;1a;1a;1a;1a;1a;1a;1a;1a;1a;1a;1a;1a;1a;1a;1a
SG1|1a;1a;1a;1a;1a;1a;1a;1a;1a;1a;1a;1a;1a;1a;1a;1a;1a;1a;1a;1a;1a,1,63,orbit19_fp0,wyckoff_orbit,19,1a,3,0,True,torus_fractional_coordinate,1a;1a;1a;1a;1a;1a;1a;1a;1a;1a;1a;1a;1a;1a;1a;1a;1a;1a;1a;1a;1a
SG1|1a;1a;1a;1a;1a;1a;1a;1a;1a;1a;1a;1a;1a;1a;1a;1a;1a;1a;1a;1a;1a,1,64,orbit19_fp1,wyckoff_orbit,19,1a,3,1,True,torus_fractional_coordinate,1a;1a;1a;1a;1a;1a;1a;1a;1a;1a;1a;1a;1a;1a;1a;1a;1a;1a;1a;1a;1a
SG1|1a;1a;1a;1a;1a;1a;1a;1a;1a;1a;1a;1a;1a;1a;1a;1a;1a;1a;1a;1a;1a,1,65,orbit19_fp2,wyckoff_orbit,19,1a,3,2,True,torus_fractional_coordinate,1a;1a;1a;1a;1a;1a;1a;1a;1a;1a;1a;1a;1a;1a;1a;1a;1a;1a;1a;1a;1a
SG1|1a;1a;1a;1a;1a;1a;1a;1a;1a;1a;1a;1a;1a;1a;1a;1a;1a;1a;1a;1a;1a,1,66,orbit20_fp0,wyckoff_orbit,20,1a,3,0,True,torus_fractional_coordinate,1a;1a;1a;1a;1a;1a;1a;1a;1a;1a;1a;1a;1a;1a;1a;1a;1a;1a;1a;1a;1a
SG1|1a;1a;1a;1a;1a;1a;1a;1a;1a;1a;1a;1a;1a;1a;1a;1a;1a;1a;1a;1a;1a,1,67,orbit20_fp1,wyckoff_orbit,20,1a,3,1,True,torus_fractional_coordinate,1a;1a;1a;1a;1a;1a;1a;1a;1a;1a;1a;1a;1a;1a;1a;1a;1a;1a;1a;1a;1a
SG1|1a;1a;1a;1a;1a;1a;1a;1a;1a;1a;1a;1a;1a;1a;1a;1a;1a;1a;1a;1a;1a,1,68,orbit20_fp2,wyckoff_orbit,20,1a,3,2,True,torus_fractional_coordinate,1a;1a;1a;1a;1a;1a;1a;1a;1a;1a;1a;1a;1a;1a;1a;1a;1a;1a;1a;1a;1a
SG1|1a;1a;1a;1a;1a;1a;1a;1a;1a;1a;1a;1a;1a;1a;1a;1a;1a;1a;1a;1a,1,0,lattice_a,lattice,-1,,0,-1,False,positive_length,1a;1a;1a;1a;1a;1a;1a;1a;1a;1a;1a;1a;1a;1a;1a;1a;1a;1a;1a;1a
SG1|1a;1a;1a;1a;1a;1a;1a;1a;1a;1a;1a;1a;1a;1a;1a;1a;1a;1a;1a;1a,1,1,lattice_b,lattice,-1,,0,-1,False,positive_length,1a;1a;1a;1a;1a;1a;1a;1a;1a;1a;1a;1a;1a;1a;1a;1a;1a;1a;1a;1a
SG1|1a;1a;1a;1a;1a;1a;1a;1a;1a;1a;1a;1a;1a;1a;1a;1a;1a;1a;1a;1a,1,2,lattice_c,lattice,-1,,0,-1,False,positive_length,1a;1a;1a;1a;1a;1a;1a;1a;1a;1a;1a;1a;1a;1a;1a;1a;1a;1a;1a;1a
SG1|1a;1a;1a;1a;1a;1a;1a;1a;1a;1a;1a;1a;1a;1a;1a;1a;1a;1a;1a;1a,1,3,alpha,lattice,-1,,0,-1,False,angle_degree,1a;1a;1a;1a;1a;1a;1a;1a;1a;1a;1a;1a;1a;1a;1a;1a;1a;1a;1a;1a
SG1|1a;1a;1a;1a;1a;1a;1a;1a;1a;1a;1a;1a;1a;1a;1a;1a;1a;1a;1a;1a,1,4,beta,lattice,-1,,0,-1,False,angle_degree,1a;1a;1a;1a;1a;1a;1a;1a;1a;1a;1a;1a;1a;1a;1a;1a;1a;1a;1a;1a
SG1|1a;1a;1a;1a;1a;1a;1a;1a;1a;1a;1a;1a;1a;1a;1a;1a;1a;1a;1a;1a,1,5,gamma,lattice,-1,,0,-1,False,angle_degree,1a;1a;1a;1a;1a;1a;1a;1a;1a;1a;1a;1a;1a;1a;1a;1a;1a;1a;1a;1a
SG1|1a;1a;1a;1a;1a;1a;1a;1a;1a;1a;1a;1a;1a;1a;1a;1a;1a;1a;1a;1a,1,6,orbit0_fp0,wyckoff_orbit,0,1a,3,0,True,torus_fractional_coordinate,1a;1a;1a;1a;1a;1a;1a;1a;1a;1a;1a;1a;1a;1a;1a;1a;1a;1a;1a;1a
SG1|1a;1a;1a;1a;1a;1a;1a;1a;1a;1a;1a;1a;1a;1a;1a;1a;1a;1a;1a;1a,1,7,orbit0_fp1,wyckoff_orbit,0,1a,3,1,True,torus_fractional_coordinate,1a;1a;1a;1a;1a;1a;1a;1a;1a;1a;1a;1a;1a;1a;1a;1a;1a;1a;1a;1a
SG1|1a;1a;1a;1a;1a;1a;1a;1a;1a;1a;1a;1a;1a;1a;1a;1a;1a;1a;1a;1a,1,8,orbit0_fp2,wyckoff_orbit,0,1a,3,2,True,torus_fractional_coordinate,1a;1a;1a;1a;1a;1a;1a;1a;1a;1a;1a;1a;1a;1a;1a;1a;1a;1a;1a;1a
SG1|1a;1a;1a;1a;1a;1a;1a;1a;1a;1a;1a;1a;1a;1a;1a;1a;1a;1a;1a;1a,1,9,orbit1_fp0,wyckoff_orbit,1,1a,3,0,True,torus_fractional_coordinate,1a;1a;1a;1a;1a;1a;1a;1a;1a;1a;1a;1a;1a;1a;1a;1a;1a;1a;1a;1a
SG1|1a;1a;1a;1a;1a;1a;1a;1a;1a;1a;1a;1a;1a;1a;1a;1a;1a;1a;1a;1a,1,10,orbit1_fp1,wyckoff_orbit,1,1a,3,1,True,torus_fractional_coordinate,1a;1a;1a;1a;1a;1a;1a;1a;1a;1a;1a;1a;1a;1a;1a;1a;1a;1a;1a;1a
SG1|1a;1a;1a;1a;1a;1a;1a;1a;1a;1a;1a;1a;1a;1a;1a;1a;1a;1a;1a;1a,1,11,orbit1_fp2,wyckoff_orbit,1,1a,3,2,True,torus_fractional_coordinate,1a;1a;1a;1a;1a;1a;1a;1a;1a;1a;1a;1a;1a;1a;1a;1a;1a;1a;1a;1a
SG1|1a;1a;1a;1a;1a;1a;1a;1a;1a;1a;1a;1a;1a;1a;1a;1a;1a;1a;1a;1a,1,12,orbit2_fp0,wyckoff_orbit,2,1a,3,0,True,torus_fractional_coordinate,1a;1a;1a;1a;1a;1a;1a;1a;1a;1a;1a;1a;1a;1a;1a;1a;1a;1a;1a;1a
SG1|1a;1a;1a;1a;1a;1a;1a;1a;1a;1a;1a;1a;1a;1a;1a;1a;1a;1a;1a;1a,1,13,orbit2_fp1,wyckoff_orbit,2,1a,3,1,True,torus_fractional_coordinate,1a;1a;1a;1a;1a;1a;1a;1a;1a;1a;1a;1a;1a;1a;1a;1a;1a;1a;1a;1a
SG1|1a;1a;1a;1a;1a;1a;1a;1a;1a;1a;1a;1a;1a;1a;1a;1a;1a;1a;1a;1a,1,14,orbit2_fp2,wyckoff_orbit,2,1a,3,2,True,torus_fractional_coordinate,1a;1a;1a;1a;1a;1a;1a;1a;1a;1a;1a;1a;1a;1a;1a;1a;1a;1a;1a;1a
SG1|1a;1a;1a;1a;1a;1a;1a;1a;1a;1a;1a;1a;1a;1a;1a;1a;1a;1a;1a;1a,1,15,orbit3_fp0,wyckoff_orbit,3,1a,3,0,True,torus_fractional_coordinate,1a;1a;1a;1a;1a;1a;1a;1a;1a;1a;1a;1a;1a;1a;1a;1a;1a;1a;1a;1a
SG1|1a;1a;1a;1a;1a;1a;1a;1a;1a;1a;1a;1a;1a;1a;1a;1a;1a;1a;1a;1a,1,16,orbit3_fp1,wyckoff_orbit,3,1a,3,1,True,torus_fractional_coordinate,1a;1a;1a;1a;1a;1a;1a;1a;1a;1a;1a;1a;1a;1a;1a;1a;1a;1a;1a;1a
SG1|1a;1a;1a;1a;1a;1a;1a;1a;1a;1a;1a;1a;1a;1a;1a;1a;1a;1a;1a;1a,1,17,orbit3_fp2,wyckoff_orbit,3,1a,3,2,True,torus_fractional_coordinate,1a;1a;1a;1a;1a;1a;1a;1a;1a;1a;1a;1a;1a;1a;1a;1a;1a;1a;1a;1a
SG1|1a;1a;1a;1a;1a;1a;1a;1a;1a;1a;1a;1a;1a;1a;1a;1a;1a;1a;1a;1a,1,18,orbit4_fp0,wyckoff_orbit,4,1a,3,0,True,torus_fractional_coordinate,1a;1a;1a;1a;1a;1a;1a;1a;1a;1a;1a;1a;1a;1a;1a;1a;1a;1a;1a;1a
SG1|1a;1a;1a;1a;1a;1a;1a;1a;1a;1a;1a;1a;1a;1a;1a;1a;1a;1a;1a;1a,1,19,orbit4_fp1,wyckoff_orbit,4,1a,3,1,True,torus_fractional_coordinate,1a;1a;1a;1a;1a;1a;1a;1a;1a;1a;1a;1a;1a;1a;1a;1a;1a;1a;1a;1a
SG1|1a;1a;1a;1a;1a;1a;1a;1a;1a;1a;1a;1a;1a;1a;1a;1a;1a;1a;1a;1a,1,20,orbit4_fp2,wyckoff_orbit,4,1a,3,2,True,torus_fractional_coordinate,1a;1a;1a;1a;1a;1a;1a;1a;1a;1a;1a;1a;1a;1a;1a;1a;1a;1a;1a;1a
SG1|1a;1a;1a;1a;1a;1a;1a;1a;1a;1a;1a;1a;1a;1a;1a;1a;1a;1a;1a;1a,1,21,orbit5_fp0,wyckoff_orbit,5,1a,3,0,True,torus_fractional_coordinate,1a;1a;1a;1a;1a;1a;1a;1a;1a;1a;1a;1a;1a;1a;1a;1a;1a;1a;1a;1a
SG1|1a;1a;1a;1a;1a;1a;1a;1a;1a;1a;1a;1a;1a;1a;1a;1a;1a;1a;1a;1a,1,22,orbit5_fp1,wyckoff_orbit,5,1a,3,1,True,torus_fractional_coordinate,1a;1a;1a;1a;1a;1a;1a;1a;1a;1a;1a;1a;1a;1a;1a;1a;1a;1a;1a;1a
SG1|1a;1a;1a;1a;1a;1a;1a;1a;1a;1a;1a;1a;1a;1a;1a;1a;1a;1a;1a;1a,1,23,orbit5_fp2,wyckoff_orbit,5,1a,3,2,True,torus_fractional_coordinate,1a;1a;1a;1a;1a;1a;1a;1a;1a;1a;1a;1a;1a;1a;1a;1a;1a;1a;1a;1a
SG1|1a;1a;1a;1a;1a;1a;1a;1a;1a;1a;1a;1a;1a;1a;1a;1a;1a;1a;1a;1a,1,24,orbit6_fp0,wyckoff_orbit,6,1a,3,0,True,torus_fractional_coordinate,1a;1a;1a;1a;1a;1a;1a;1a;1a;1a;1a;1a;1a;1a;1a;1a;1a;1a;1a;1a
SG1|1a;1a;1a;1a;1a;1a;1a;1a;1a;1a;1a;1a;1a;1a;1a;1a;1a;1a;1a;1a,1,25,orbit6_fp1,wyckoff_orbit,6,1a,3,1,True,torus_fractional_coordinate,1a;1a;1a;1a;1a;1a;1a;1a;1a;1a;1a;1a;1a;1a;1a;1a;1a;1a;1a;1a
SG1|1a;1a;1a;1a;1a;1a;1a;1a;1a;1a;1a;1a;1a;1a;1a;1a;1a;1a;1a;1a,1,26,orbit6_fp2,wyckoff_orbit,6,1a,3,2,True,torus_fractional_coordinate,1a;1a;1a;1a;1a;1a;1a;1a;1a;1a;1a;1a;1a;1a;1a;1a;1a;1a;1a;1a
SG1|1a;1a;1a;1a;1a;1a;1a;1a;1a;1a;1a;1a;1a;1a;1a;1a;1a;1a;1a;1a,1,27,orbit7_fp0,wyckoff_orbit,7,1a,3,0,True,torus_fractional_coordinate,1a;1a;1a;1a;1a;1a;1a;1a;1a;1a;1a;1a;1a;1a;1a;1a;1a;1a;1a;1a
SG1|1a;1a;1a;1a;1a;1a;1a;1a;1a;1a;1a;1a;1a;1a;1a;1a;1a;1a;1a;1a,1,28,orbit7_fp1,wyckoff_orbit,7,1a,3,1,True,torus_fractional_coordinate,1a;1a;1a;1a;1a;1a;1a;1a;1a;1a;1a;1a;1a;1a;1a;1a;1a;1a;1a;1a
SG1|1a;1a;1a;1a;1a;1a;1a;1a;1a;1a;1a;1a;1a;1a;1a;1a;1a;1a;1a;1a,1,29,orbit7_fp2,wyckoff_orbit,7,1a,3,2,True,torus_fractional_coordinate,1a;1a;1a;1a;1a;1a;1a;1a;1a;1a;1a;1a;1a;1a;1a;1a;1a;1a;1a;1a
SG1|1a;1a;1a;1a;1a;1a;1a;1a;1a;1a;1a;1a;1a;1a;1a;1a;1a;1a;1a;1a,1,30,orbit8_fp0,wyckoff_orbit,8,1a,3,0,True,torus_fractional_coordinate,1a;1a;1a;1a;1a;1a;1a;1a;1a;1a;1a;1a;1a;1a;1a;1a;1a;1a;1a;1a
SG1|1a;1a;1a;1a;1a;1a;1a;1a;1a;1a;1a;1a;1a;1a;1a;1a;1a;1a;1a;1a,1,31,orbit8_fp1,wyckoff_orbit,8,1a,3,1,True,torus_fractional_coordinate,1a;1a;1a;1a;1a;1a;1a;1a;1a;1a;1a;1a;1a;1a;1a;1a;1a;1a;1a;1a
SG1|1a;1a;1a;1a;1a;1a;1a;1a;1a;1a;1a;1a;1a;1a;1a;1a;1a;1a;1a;1a,1,32,orbit8_fp2,wyckoff_orbit,8,1a,3,2,True,torus_fractional_coordinate,1a;1a;1a;1a;1a;1a;1a;1a;1a;1a;1a;1a;1a;1a;1a;1a;1a;1a;1a;1a
SG1|1a;1a;1a;1a;1a;1a;1a;1a;1a;1a;1a;1a;1a;1a;1a;1a;1a;1a;1a;1a,1,33,orbit9_fp0,wyckoff_orbit,9,1a,3,0,True,torus_fractional_coordinate,1a;1a;1a;1a;1a;1a;1a;1a;1a;1a;1a;1a;1a;1a;1a;1a;1a;1a;1a;1a
SG1|1a;1a;1a;1a;1a;1a;1a;1a;1a;1a;1a;1a;1a;1a;1a;1a;1a;1a;1a;1a,1,34,orbit9_fp1,wyckoff_orbit,9,1a,3,1,True,torus_fractional_coordinate,1a;1a;1a;1a;1a;1a;1a;1a;1a;1a;1a;1a;1a;1a;1a;1a;1a;1a;1a;1a
SG1|1a;1a;1a;1a;1a;1a;1a;1a;1a;1a;1a;1a;1a;1a;1a;1a;1a;1a;1a;1a,1,35,orbit9_fp2,wyckoff_orbit,9,1a,3,2,True,torus_fractional_coordinate,1a;1a;1a;1a;1a;1a;1a;1a;1a;1a;1a;1a;1a;1a;1a;1a;1a;1a;1a;1a
SG1|1a;1a;1a;1a;1a;1a;1a;1a;1a;1a;1a;1a;1a;1a;1a;1a;1a;1a;1a;1a,1,36,orbit10_fp0,wyckoff_orbit,10,1a,3,0,True,torus_fractional_coordinate,1a;1a;1a;1a;1a;1a;1a;1a;1a;1a;1a;1a;1a;1a;1a;1a;1a;1a;1a;1a
SG1|1a;1a;1a;1a;1a;1a;1a;1a;1a;1a;1a;1a;1a;1a;1a;1a;1a;1a;1a;1a,1,37,orbit10_fp1,wyckoff_orbit,10,1a,3,1,True,torus_fractional_coordinate,1a;1a;1a;1a;1a;1a;1a;1a;1a;1a;1a;1a;1a;1a;1a;1a;1a;1a;1a;1a
SG1|1a;1a;1a;1a;1a;1a;1a;1a;1a;1a;1a;1a;1a;1a;1a;1a;1a;1a;1a;1a,1,38,orbit10_fp2,wyckoff_orbit,10,1a,3,2,True,torus_fractional_coordinate,1a;1a;1a;1a;1a;1a;1a;1a;1a;1a;1a;1a;1a;1a;1a;1a;1a;1a;1a;1a
SG1|1a;1a;1a;1a;1a;1a;1a;1a;1a;1a;1a;1a;1a;1a;1a;1a;1a;1a;1a;1a,1,39,orbit11_fp0,wyckoff_orbit,11,1a,3,0,True,torus_fractional_coordinate,1a;1a;1a;1a;1a;1a;1a;1a;1a;1a;1a;1a;1a;1a;1a;1a;1a;1a;1a;1a
SG1|1a;1a;1a;1a;1a;1a;1a;1a;1a;1a;1a;1a;1a;1a;1a;1a;1a;1a;1a;1a,1,40,orbit11_fp1,wyckoff_orbit,11,1a,3,1,True,torus_fractional_coordinate,1a;1a;1a;1a;1a;1a;1a;1a;1a;1a;1a;1a;1a;1a;1a;1a;1a;1a;1a;1a
SG1|1a;1a;1a;1a;1a;1a;1a;1a;1a;1a;1a;1a;1a;1a;1a;1a;1a;1a;1a;1a,1,41,orbit11_fp2,wyckoff_orbit,11,1a,3,2,True,torus_fractional_coordinate,1a;1a;1a;1a;1a;1a;1a;1a;1a;1a;1a;1a;1a;1a;1a;1a;1a;1a;1a;1a
SG1|1a;1a;1a;1a;1a;1a;1a;1a;1a;1a;1a;1a;1a;1a;1a;1a;1a;1a;1a;1a,1,42,orbit12_fp0,wyckoff_orbit,12,1a,3,0,True,torus_fractional_coordinate,1a;1a;1a;1a;1a;1a;1a;1a;1a;1a;1a;1a;1a;1a;1a;1a;1a;1a;1a;1a
SG1|1a;1a;1a;1a;1a;1a;1a;1a;1a;1a;1a;1a;1a;1a;1a;1a;1a;1a;1a;1a,1,43,orbit12_fp1,wyckoff_orbit,12,1a,3,1,True,torus_fractional_coordinate,1a;1a;1a;1a;1a;1a;1a;1a;1a;1a;1a;1a;1a;1a;1a;1a;1a;1a;1a;1a
SG1|1a;1a;1a;1a;1a;1a;1a;1a;1a;1a;1a;1a;1a;1a;1a;1a;1a;1a;1a;1a,1,44,orbit12_fp2,wyckoff_orbit,12,1a,3,2,True,torus_fractional_coordinate,1a;1a;1a;1a;1a;1a;1a;1a;1a;1a;1a;1a;1a;1a;1a;1a;1a;1a;1a;1a
SG1|1a;1a;1a;1a;1a;1a;1a;1a;1a;1a;1a;1a;1a;1a;1a;1a;1a;1a;1a;1a,1,45,orbit13_fp0,wyckoff_orbit,13,1a,3,0,True,torus_fractional_coordinate,1a;1a;1a;1a;1a;1a;1a;1a;1a;1a;1a;1a;1a;1a;1a;1a;1a;1a;1a;1a
SG1|1a;1a;1a;1a;1a;1a;1a;1a;1a;1a;1a;1a;1a;1a;1a;1a;1a;1a;1a;1a,1,46,orbit13_fp1,wyckoff_orbit,13,1a,3,1,True,torus_fractional_coordinate,1a;1a;1a;1a;1a;1a;1a;1a;1a;1a;1a;1a;1a;1a;1a;1a;1a;1a;1a;1a
SG1|1a;1a;1a;1a;1a;1a;1a;1a;1a;1a;1a;1a;1a;1a;1a;1a;1a;1a;1a;1a,1,47,orbit13_fp2,wyckoff_orbit,13,1a,3,2,True,torus_fractional_coordinate,1a;1a;1a;1a;1a;1a;1a;1a;1a;1a;1a;1a;1a;1a;1a;1a;1a;1a;1a;1a
SG1|1a;1a;1a;1a;1a;1a;1a;1a;1a;1a;1a;1a;1a;1a;1a;1a;1a;1a;1a;1a,1,48,orbit14_fp0,wyckoff_orbit,14,1a,3,0,True,torus_fractional_coordinate,1a;1a;1a;1a;1a;1a;1a;1a;1a;1a;1a;1a;1a;1a;1a;1a;1a;1a;1a;1a
SG1|1a;1a;1a;1a;1a;1a;1a;1a;1a;1a;1a;1a;1a;1a;1a;1a;1a;1a;1a;1a,1,49,orbit14_fp1,wyckoff_orbit,14,1a,3,1,True,torus_fractional_coordinate,1a;1a;1a;1a;1a;1a;1a;1a;1a;1a;1a;1a;1a;1a;1a;1a;1a;1a;1a;1a
SG1|1a;1a;1a;1a;1a;1a;1a;1a;1a;1a;1a;1a;1a;1a;1a;1a;1a;1a;1a;1a,1,50,orbit14_fp2,wyckoff_orbit,14,1a,3,2,True,torus_fractional_coordinate,1a;1a;1a;1a;1a;1a;1a;1a;1a;1a;1a;1a;1a;1a;1a;1a;1a;1a;1a;1a
SG1|1a;1a;1a;1a;1a;1a;1a;1a;1a;1a;1a;1a;1a;1a;1a;1a;1a;1a;1a;1a,1,51,orbit15_fp0,wyckoff_orbit,15,1a,3,0,True,torus_fractional_coordinate,1a;1a;1a;1a;1a;1a;1a;1a;1a;1a;1a;1a;1a;1a;1a;1a;1a;1a;1a;1a
SG1|1a;1a;1a;1a;1a;1a;1a;1a;1a;1a;1a;1a;1a;1a;1a;1a;1a;1a;1a;1a,1,52,orbit15_fp1,wyckoff_orbit,15,1a,3,1,True,torus_fractional_coordinate,1a;1a;1a;1a;1a;1a;1a;1a;1a;1a;1a;1a;1a;1a;1a;1a;1a;1a;1a;1a
SG1|1a;1a;1a;1a;1a;1a;1a;1a;1a;1a;1a;1a;1a;1a;1a;1a;1a;1a;1a;1a,1,53,orbit15_fp2,wyckoff_orbit,15,1a,3,2,True,torus_fractional_coordinate,1a;1a;1a;1a;1a;1a;1a;1a;1a;1a;1a;1a;1a;1a;1a;1a;1a;1a;1a;1a
SG1|1a;1a;1a;1a;1a;1a;1a;1a;1a;1a;1a;1a;1a;1a;1a;1a;1a;1a;1a;1a,1,54,orbit16_fp0,wyckoff_orbit,16,1a,3,0,True,torus_fractional_coordinate,1a;1a;1a;1a;1a;1a;1a;1a;1a;1a;1a;1a;1a;1a;1a;1a;1a;1a;1a;1a
SG1|1a;1a;1a;1a;1a;1a;1a;1a;1a;1a;1a;1a;1a;1a;1a;1a;1a;1a;1a;1a,1,55,orbit16_fp1,wyckoff_orbit,16,1a,3,1,True,torus_fractional_coordinate,1a;1a;1a;1a;1a;1a;1a;1a;1a;1a;1a;1a;1a;1a;1a;1a;1a;1a;1a;1a
SG1|1a;1a;1a;1a;1a;1a;1a;1a;1a;1a;1a;1a;1a;1a;1a;1a;1a;1a;1a;1a,1,56,orbit16_fp2,wyckoff_orbit,16,1a,3,2,True,torus_fractional_coordinate,1a;1a;1a;1a;1a;1a;1a;1a;1a;1a;1a;1a;1a;1a;1a;1a;1a;1a;1a;1a
SG1|1a;1a;1a;1a;1a;1a;1a;1a;1a;1a;1a;1a;1a;1a;1a;1a;1a;1a;1a;1a,1,57,orbit17_fp0,wyckoff_orbit,17,1a,3,0,True,torus_fractional_coordinate,1a;1a;1a;1a;1a;1a;1a;1a;1a;1a;1a;1a;1a;1a;1a;1a;1a;1a;1a;1a
SG1|1a;1a;1a;1a;1a;1a;1a;1a;1a;1a;1a;1a;1a;1a;1a;1a;1a;1a;1a;1a,1,58,orbit17_fp1,wyckoff_orbit,17,1a,3,1,True,torus_fractional_coordinate,1a;1a;1a;1a;1a;1a;1a;1a;1a;1a;1a;1a;1a;1a;1a;1a;1a;1a;1a;1a
SG1|1a;1a;1a;1a;1a;1a;1a;1a;1a;1a;1a;1a;1a;1a;1a;1a;1a;1a;1a;1a,1,59,orbit17_fp2,wyckoff_orbit,17,1a,3,2,True,torus_fractional_coordinate,1a;1a;1a;1a;1a;1a;1a;1a;1a;1a;1a;1a;1a;1a;1a;1a;1a;1a;1a;1a
SG1|1a;1a;1a;1a;1a;1a;1a;1a;1a;1a;1a;1a;1a;1a;1a;1a;1a;1a;1a;1a,1,60,orbit18_fp0,wyckoff_orbit,18,1a,3,0,True,torus_fractional_coordinate,1a;1a;1a;1a;1a;1a;1a;1a;1a;1a;1a;1a;1a;1a;1a;1a;1a;1a;1a;1a
SG1|1a;1a;1a;1a;1a;1a;1a;1a;1a;1a;1a;1a;1a;1a;1a;1a;1a;1a;1a;1a,1,61,orbit18_fp1,wyckoff_orbit,18,1a,3,1,True,torus_fractional_coordinate,1a;1a;1a;1a;1a;1a;1a;1a;1a;1a;1a;1a;1a;1a;1a;1a;1a;1a;1a;1a
SG1|1a;1a;1a;1a;1a;1a;1a;1a;1a;1a;1a;1a;1a;1a;1a;1a;1a;1a;1a;1a,1,62,orbit18_fp2,wyckoff_orbit,18,1a,3,2,True,torus_fractional_coordinate,1a;1a;1a;1a;1a;1a;1a;1a;1a;1a;1a;1a;1a;1a;1a;1a;1a;1a;1a;1a
SG1|1a;1a;1a;1a;1a;1a;1a;1a;1a;1a;1a;1a;1a;1a;1a;1a;1a;1a;1a;1a,1,63,orbit19_fp0,wyckoff_orbit,19,1a,3,0,True,torus_fractional_coordinate,1a;1a;1a;1a;1a;1a;1a;1a;1a;1a;1a;1a;1a;1a;1a;1a;1a;1a;1a;1a
SG1|1a;1a;1a;1a;1a;1a;1a;1a;1a;1a;1a;1a;1a;1a;1a;1a;1a;1a;1a;1a,1,64,orbit19_fp1,wyckoff_orbit,19,1a,3,1,True,torus_fractional_coordinate,1a;1a;1a;1a;1a;1a;1a;1a;1a;1a;1a;1a;1a;1a;1a;1a;1a;1a;1a;1a
SG1|1a;1a;1a;1a;1a;1a;1a;1a;1a;1a;1a;1a;1a;1a;1a;1a;1a;1a;1a;1a,1,65,orbit19_fp2,wyckoff_orbit,19,1a,3,2,True,torus_fractional_coordinate,1a;1a;1a;1a;1a;1a;1a;1a;1a;1a;1a;1a;1a;1a;1a;1a;1a;1a;1a;1a
SG1|1a;1a;1a;1a;1a;1a;1a;1a;1a;1a;1a;1a;1a;1a;1a;1a;1a;1a;1a,1,0,lattice_a,lattice,-1,,0,-1,False,positive_length,1a;1a;1a;1a;1a;1a;1a;1a;1a;1a;1a;1a;1a;1a;1a;1a;1a;1a;1a
SG1|1a;1a;1a;1a;1a;1a;1a;1a;1a;1a;1a;1a;1a;1a;1a;1a;1a;1a;1a,1,1,lattice_b,lattice,-1,,0,-1,False,positive_length,1a;1a;1a;1a;1a;1a;1a;1a;1a;1a;1a;1a;1a;1a;1a;1a;1a;1a;1a
SG1|1a;1a;1a;1a;1a;1a;1a;1a;1a;1a;1a;1a;1a;1a;1a;1a;1a;1a;1a,1,2,lattice_c,lattice,-1,,0,-1,False,positive_length,1a;1a;1a;1a;1a;1a;1a;1a;1a;1a;1a;1a;1a;1a;1a;1a;1a;1a;1a
SG1|1a;1a;1a;1a;1a;1a;1a;1a;1a;1a;1a;1a;1a;1a;1a;1a;1a;1a;1a,1,3,alpha,lattice,-1,,0,-1,False,angle_degree,1a;1a;1a;1a;1a;1a;1a;1a;1a;1a;1a;1a;1a;1a;1a;1a;1a;1a;1a
SG1|1a;1a;1a;1a;1a;1a;1a;1a;1a;1a;1a;1a;1a;1a;1a;1a;1a;1a;1a,1,4,beta,lattice,-1,,0,-1,False,angle_degree,1a;1a;1a;1a;1a;1a;1a;1a;1a;1a;1a;1a;1a;1a;1a;1a;1a;1a;1a
SG1|1a;1a;1a;1a;1a;1a;1a;1a;1a;1a;1a;1a;1a;1a;1a;1a;1a;1a;1a,1,5,gamma,lattice,-1,,0,-1,False,angle_degree,1a;1a;1a;1a;1a;1a;1a;1a;1a;1a;1a;1a;1a;1a;1a;1a;1a;1a;1a
SG1|1a;1a;1a;1a;1a;1a;1a;1a;1a;1a;1a;1a;1a;1a;1a;1a;1a;1a;1a,1,6,orbit0_fp0,wyckoff_orbit,0,1a,3,0,True,torus_fractional_coordinate,1a;1a;1a;1a;1a;1a;1a;1a;1a;1a;1a;1a;1a;1a;1a;1a;1a;1a;1a
SG1|1a;1a;1a;1a;1a;1a;1a;1a;1a;1a;1a;1a;1a;1a;1a;1a;1a;1a;1a,1,7,orbit0_fp1,wyckoff_orbit,0,1a,3,1,True,torus_fractional_coordinate,1a;1a;1a;1a;1a;1a;1a;1a;1a;1a;1a;1a;1a;1a;1a;1a;1a;1a;1a
SG1|1a;1a;1a;1a;1a;1a;1a;1a;1a;1a;1a;1a;1a;1a;1a;1a;1a;1a;1a,1,8,orbit0_fp2,wyckoff_orbit,0,1a,3,2,True,torus_fractional_coordinate,1a;1a;1a;1a;1a;1a;1a;1a;1a;1a;1a;1a;1a;1a;1a;1a;1a;1a;1a
SG1|1a;1a;1a;1a;1a;1a;1a;1a;1a;1a;1a;1a;1a;1a;1a;1a;1a;1a;1a,1,9,orbit1_fp0,wyckoff_orbit,1,1a,3,0,True,torus_fractional_coordinate,1a;1a;1a;1a;1a;1a;1a;1a;1a;1a;1a;1a;1a;1a;1a;1a;1a;1a;1a
SG1|1a;1a;1a;1a;1a;1a;1a;1a;1a;1a;1a;1a;1a;1a;1a;1a;1a;1a;1a,1,10,orbit1_fp1,wyckoff_orbit,1,1a,3,1,True,torus_fractional_coordinate,1a;1a;1a;1a;1a;1a;1a;1a;1a;1a;1a;1a;1a;1a;1a;1a;1a;1a;1a
SG1|1a;1a;1a;1a;1a;1a;1a;1a;1a;1a;1a;1a;1a;1a;1a;1a;1a;1a;1a,1,11,orbit1_fp2,wyckoff_orbit,1,1a,3,2,True,torus_fractional_coordinate,1a;1a;1a;1a;1a;1a;1a;1a;1a;1a;1a;1a;1a;1a;1a;1a;1a;1a;1a
SG1|1a;1a;1a;1a;1a;1a;1a;1a;1a;1a;1a;1a;1a;1a;1a;1a;1a;1a;1a,1,12,orbit2_fp0,wyckoff_orbit,2,1a,3,0,True,torus_fractional_coordinate,1a;1a;1a;1a;1a;1a;1a;1a;1a;1a;1a;1a;1a;1a;1a;1a;1a;1a;1a
SG1|1a;1a;1a;1a;1a;1a;1a;1a;1a;1a;1a;1a;1a;1a;1a;1a;1a;1a;1a,1,13,orbit2_fp1,wyckoff_orbit,2,1a,3,1,True,torus_fractional_coordinate,1a;1a;1a;1a;1a;1a;1a;1a;1a;1a;1a;1a;1a;1a;1a;1a;1a;1a;1a
SG1|1a;1a;1a;1a;1a;1a;1a;1a;1a;1a;1a;1a;1a;1a;1a;1a;1a;1a;1a,1,14,orbit2_fp2,wyckoff_orbit,2,1a,3,2,True,torus_fractional_coordinate,1a;1a;1a;1a;1a;1a;1a;1a;1a;1a;1a;1a;1a;1a;1a;1a;1a;1a;1a
SG1|1a;1a;1a;1a;1a;1a;1a;1a;1a;1a;1a;1a;1a;1a;1a;1a;1a;1a;1a,1,15,orbit3_fp0,wyckoff_orbit,3,1a,3,0,True,torus_fractional_coordinate,1a;1a;1a;1a;1a;1a;1a;1a;1a;1a;1a;1a;1a;1a;1a;1a;1a;1a;1a
SG1|1a;1a;1a;1a;1a;1a;1a;1a;1a;1a;1a;1a;1a;1a;1a;1a;1a;1a;1a,1,16,orbit3_fp1,wyckoff_orbit,3,1a,3,1,True,torus_fractional_coordinate,1a;1a;1a;1a;1a;1a;1a;1a;1a;1a;1a;1a;1a;1a;1a;1a;1a;1a;1a
SG1|1a;1a;1a;1a;1a;1a;1a;1a;1a;1a;1a;1a;1a;1a;1a;1a;1a;1a;1a,1,17,orbit3_fp2,wyckoff_orbit,3,1a,3,2,True,torus_fractional_coordinate,1a;1a;1a;1a;1a;1a;1a;1a;1a;1a;1a;1a;1a;1a;1a;1a;1a;1a;1a
SG1|1a;1a;1a;1a;1a;1a;1a;1a;1a;1a;1a;1a;1a;1a;1a;1a;1a;1a;1a,1,18,orbit4_fp0,wyckoff_orbit,4,1a,3,0,True,torus_fractional_coordinate,1a;1a;1a;1a;1a;1a;1a;1a;1a;1a;1a;1a;1a;1a;1a;1a;1a;1a;1a
SG1|1a;1a;1a;1a;1a;1a;1a;1a;1a;1a;1a;1a;1a;1a;1a;1a;1a;1a;1a,1,19,orbit4_fp1,wyckoff_orbit,4,1a,3,1,True,torus_fractional_coordinate,1a;1a;1a;1a;1a;1a;1a;1a;1a;1a;1a;1a;1a;1a;1a;1a;1a;1a;1a
SG1|1a;1a;1a;1a;1a;1a;1a;1a;1a;1a;1a;1a;1a;1a;1a;1a;1a;1a;1a,1,20,orbit4_fp2,wyckoff_orbit,4,1a,3,2,True,torus_fractional_coordinate,1a;1a;1a;1a;1a;1a;1a;1a;1a;1a;1a;1a;1a;1a;1a;1a;1a;1a;1a
SG1|1a;1a;1a;1a;1a;1a;1a;1a;1a;1a;1a;1a;1a;1a;1a;1a;1a;1a;1a,1,21,orbit5_fp0,wyckoff_orbit,5,1a,3,0,True,torus_fractional_coordinate,1a;1a;1a;1a;1a;1a;1a;1a;1a;1a;1a;1a;1a;1a;1a;1a;1a;1a;1a
SG1|1a;1a;1a;1a;1a;1a;1a;1a;1a;1a;1a;1a;1a;1a;1a;1a;1a;1a;1a,1,22,orbit5_fp1,wyckoff_orbit,5,1a,3,1,True,torus_fractional_coordinate,1a;1a;1a;1a;1a;1a;1a;1a;1a;1a;1a;1a;1a;1a;1a;1a;1a;1a;1a
SG1|1a;1a;1a;1a;1a;1a;1a;1a;1a;1a;1a;1a;1a;1a;1a;1a;1a;1a;1a,1,23,orbit5_fp2,wyckoff_orbit,5,1a,3,2,True,torus_fractional_coordinate,1a;1a;1a;1a;1a;1a;1a;1a;1a;1a;1a;1a;1a;1a;1a;1a;1a;1a;1a
SG1|1a;1a;1a;1a;1a;1a;1a;1a;1a;1a;1a;1a;1a;1a;1a;1a;1a;1a;1a,1,24,orbit6_fp0,wyckoff_orbit,6,1a,3,0,True,torus_fractional_coordinate,1a;1a;1a;1a;1a;1a;1a;1a;1a;1a;1a;1a;1a;1a;1a;1a;1a;1a;1a
SG1|1a;1a;1a;1a;1a;1a;1a;1a;1a;1a;1a;1a;1a;1a;1a;1a;1a;1a;1a,1,25,orbit6_fp1,wyckoff_orbit,6,1a,3,1,True,torus_fractional_coordinate,1a;1a;1a;1a;1a;1a;1a;1a;1a;1a;1a;1a;1a;1a;1a;1a;1a;1a;1a
SG1|1a;1a;1a;1a;1a;1a;1a;1a;1a;1a;1a;1a;1a;1a;1a;1a;1a;1a;1a,1,26,orbit6_fp2,wyckoff_orbit,6,1a,3,2,True,torus_fractional_coordinate,1a;1a;1a;1a;1a;1a;1a;1a;1a;1a;1a;1a;1a;1a;1a;1a;1a;1a;1a
SG1|1a;1a;1a;1a;1a;1a;1a;1a;1a;1a;1a;1a;1a;1a;1a;1a;1a;1a;1a,1,27,orbit7_fp0,wyckoff_orbit,7,1a,3,0,True,torus_fractional_coordinate,1a;1a;1a;1a;1a;1a;1a;1a;1a;1a;1a;1a;1a;1a;1a;1a;1a;1a;1a
SG1|1a;1a;1a;1a;1a;1a;1a;1a;1a;1a;1a;1a;1a;1a;1a;1a;1a;1a;1a,1,28,orbit7_fp1,wyckoff_orbit,7,1a,3,1,True,torus_fractional_coordinate,1a;1a;1a;1a;1a;1a;1a;1a;1a;1a;1a;1a;1a;1a;1a;1a;1a;1a;1a
SG1|1a;1a;1a;1a;1a;1a;1a;1a;1a;1a;1a;1a;1a;1a;1a;1a;1a;1a;1a,1,29,orbit7_fp2,wyckoff_orbit,7,1a,3,2,True,torus_fractional_coordinate,1a;1a;1a;1a;1a;1a;1a;1a;1a;1a;1a;1a;1a;1a;1a;1a;1a;1a;1a
SG1|1a;1a;1a;1a;1a;1a;1a;1a;1a;1a;1a;1a;1a;1a;1a;1a;1a;1a;1a,1,30,orbit8_fp0,wyckoff_orbit,8,1a,3,0,True,torus_fractional_coordinate,1a;1a;1a;1a;1a;1a;1a;1a;1a;1a;1a;1a;1a;1a;1a;1a;1a;1a;1a
SG1|1a;1a;1a;1a;1a;1a;1a;1a;1a;1a;1a;1a;1a;1a;1a;1a;1a;1a;1a,1,31,orbit8_fp1,wyckoff_orbit,8,1a,3,1,True,torus_fractional_coordinate,1a;1a;1a;1a;1a;1a;1a;1a;1a;1a;1a;1a;1a;1a;1a;1a;1a;1a;1a
SG1|1a;1a;1a;1a;1a;1a;1a;1a;1a;1a;1a;1a;1a;1a;1a;1a;1a;1a;1a,1,32,orbit8_fp2,wyckoff_orbit,8,1a,3,2,True,torus_fractional_coordinate,1a;1a;1a;1a;1a;1a;1a;1a;1a;1a;1a;1a;1a;1a;1a;1a;1a;1a;1a
SG1|1a;1a;1a;1a;1a;1a;1a;1a;1a;1a;1a;1a;1a;1a;1a;1a;1a;1a;1a,1,33,orbit9_fp0,wyckoff_orbit,9,1a,3,0,True,torus_fractional_coordinate,1a;1a;1a;1a;1a;1a;1a;1a;1a;1a;1a;1a;1a;1a;1a;1a;1a;1a;1a
SG1|1a;1a;1a;1a;1a;1a;1a;1a;1a;1a;1a;1a;1a;1a;1a;1a;1a;1a;1a,1,34,orbit9_fp1,wyckoff_orbit,9,1a,3,1,True,torus_fractional_coordinate,1a;1a;1a;1a;1a;1a;1a;1a;1a;1a;1a;1a;1a;1a;1a;1a;1a;1a;1a
SG1|1a;1a;1a;1a;1a;1a;1a;1a;1a;1a;1a;1a;1a;1a;1a;1a;1a;1a;1a,1,35,orbit9_fp2,wyckoff_orbit,9,1a,3,2,True,torus_fractional_coordinate,1a;1a;1a;1a;1a;1a;1a;1a;1a;1a;1a;1a;1a;1a;1a;1a;1a;1a;1a
SG1|1a;1a;1a;1a;1a;1a;1a;1a;1a;1a;1a;1a;1a;1a;1a;1a;1a;1a;1a,1,36,orbit10_fp0,wyckoff_orbit,10,1a,3,0,True,torus_fractional_coordinate,1a;1a;1a;1a;1a;1a;1a;1a;1a;1a;1a;1a;1a;1a;1a;1a;1a;1a;1a
SG1|1a;1a;1a;1a;1a;1a;1a;1a;1a;1a;1a;1a;1a;1a;1a;1a;1a;1a;1a,1,37,orbit10_fp1,wyckoff_orbit,10,1a,3,1,True,torus_fractional_coordinate,1a;1a;1a;1a;1a;1a;1a;1a;1a;1a;1a;1a;1a;1a;1a;1a;1a;1a;1a
SG1|1a;1a;1a;1a;1a;1a;1a;1a;1a;1a;1a;1a;1a;1a;1a;1a;1a;1a;1a,1,38,orbit10_fp2,wyckoff_orbit,10,1a,3,2,True,torus_fractional_coordinate,1a;1a;1a;1a;1a;1a;1a;1a;1a;1a;1a;1a;1a;1a;1a;1a;1a;1a;1a
SG1|1a;1a;1a;1a;1a;1a;1a;1a;1a;1a;1a;1a;1a;1a;1a;1a;1a;1a;1a,1,39,orbit11_fp0,wyckoff_orbit,11,1a,3,0,True,torus_fractional_coordinate,1a;1a;1a;1a;1a;1a;1a;1a;1a;1a;1a;1a;1a;1a;1a;1a;1a;1a;1a
SG1|1a;1a;1a;1a;1a;1a;1a;1a;1a;1a;1a;1a;1a;1a;1a;1a;1a;1a;1a,1,40,orbit11_fp1,wyckoff_orbit,11,1a,3,1,True,torus_fractional_coordinate,1a;1a;1a;1a;1a;1a;1a;1a;1a;1a;1a;1a;1a;1a;1a;1a;1a;1a;1a
SG1|1a;1a;1a;1a;1a;1a;1a;1a;1a;1a;1a;1a;1a;1a;1a;1a;1a;1a;1a,1,41,orbit11_fp2,wyckoff_orbit,11,1a,3,2,True,torus_fractional_coordinate,1a;1a;1a;1a;1a;1a;1a;1a;1a;1a;1a;1a;1a;1a;1a;1a;1a;1a;1a
SG1|1a;1a;1a;1a;1a;1a;1a;1a;1a;1a;1a;1a;1a;1a;1a;1a;1a;1a;1a,1,42,orbit12_fp0,wyckoff_orbit,12,1a,3,0,True,torus_fractional_coordinate,1a;1a;1a;1a;1a;1a;1a;1a;1a;1a;1a;1a;1a;1a;1a;1a;1a;1a;1a
SG1|1a;1a;1a;1a;1a;1a;1a;1a;1a;1a;1a;1a;1a;1a;1a;1a;1a;1a;1a,1,43,orbit12_fp1,wyckoff_orbit,12,1a,3,1,True,torus_fractional_coordinate,1a;1a;1a;1a;1a;1a;1a;1a;1a;1a;1a;1a;1a;1a;1a;1a;1a;1a;1a
SG1|1a;1a;1a;1a;1a;1a;1a;1a;1a;1a;1a;1a;1a;1a;1a;1a;1a;1a;1a,1,44,orbit12_fp2,wyckoff_orbit,12,1a,3,2,True,torus_fractional_coordinate,1a;1a;1a;1a;1a;1a;1a;1a;1a;1a;1a;1a;1a;1a;1a;1a;1a;1a;1a
SG1|1a;1a;1a;1a;1a;1a;1a;1a;1a;1a;1a;1a;1a;1a;1a;1a;1a;1a;1a,1,45,orbit13_fp0,wyckoff_orbit,13,1a,3,0,True,torus_fractional_coordinate,1a;1a;1a;1a;1a;1a;1a;1a;1a;1a;1a;1a;1a;1a;1a;1a;1a;1a;1a
SG1|1a;1a;1a;1a;1a;1a;1a;1a;1a;1a;1a;1a;1a;1a;1a;1a;1a;1a;1a,1,46,orbit13_fp1,wyckoff_orbit,13,1a,3,1,True,torus_fractional_coordinate,1a;1a;1a;1a;1a;1a;1a;1a;1a;1a;1a;1a;1a;1a;1a;1a;1a;1a;1a
SG1|1a;1a;1a;1a;1a;1a;1a;1a;1a;1a;1a;1a;1a;1a;1a;1a;1a;1a;1a,1,47,orbit13_fp2,wyckoff_orbit,13,1a,3,2,True,torus_fractional_coordinate,1a;1a;1a;1a;1a;1a;1a;1a;1a;1a;1a;1a;1a;1a;1a;1a;1a;1a;1a
SG1|1a;1a;1a;1a;1a;1a;1a;1a;1a;1a;1a;1a;1a;1a;1a;1a;1a;1a;1a,1,48,orbit14_fp0,wyckoff_orbit,14,1a,3,0,True,torus_fractional_coordinate,1a;1a;1a;1a;1a;1a;1a;1a;1a;1a;1a;1a;1a;1a;1a;1a;1a;1a;1a
SG1|1a;1a;1a;1a;1a;1a;1a;1a;1a;1a;1a;1a;1a;1a;1a;1a;1a;1a;1a,1,49,orbit14_fp1,wyckoff_orbit,14,1a,3,1,True,torus_fractional_coordinate,1a;1a;1a;1a;1a;1a;1a;1a;1a;1a;1a;1a;1a;1a;1a;1a;1a;1a;1a
SG1|1a;1a;1a;1a;1a;1a;1a;1a;1a;1a;1a;1a;1a;1a;1a;1a;1a;1a;1a,1,50,orbit14_fp2,wyckoff_orbit,14,1a,3,2,True,torus_fractional_coordinate,1a;1a;1a;1a;1a;1a;1a;1a;1a;1a;1a;1a;1a;1a;1a;1a;1a;1a;1a
SG1|1a;1a;1a;1a;1a;1a;1a;1a;1a;1a;1a;1a;1a;1a;1a;1a;1a;1a;1a,1,51,orbit15_fp0,wyckoff_orbit,15,1a,3,0,True,torus_fractional_coordinate,1a;1a;1a;1a;1a;1a;1a;1a;1a;1a;1a;1a;1a;1a;1a;1a;1a;1a;1a
SG1|1a;1a;1a;1a;1a;1a;1a;1a;1a;1a;1a;1a;1a;1a;1a;1a;1a;1a;1a,1,52,orbit15_fp1,wyckoff_orbit,15,1a,3,1,True,torus_fractional_coordinate,1a;1a;1a;1a;1a;1a;1a;1a;1a;1a;1a;1a;1a;1a;1a;1a;1a;1a;1a
SG1|1a;1a;1a;1a;1a;1a;1a;1a;1a;1a;1a;1a;1a;1a;1a;1a;1a;1a;1a,1,53,orbit15_fp2,wyckoff_orbit,15,1a,3,2,True,torus_fractional_coordinate,1a;1a;1a;1a;1a;1a;1a;1a;1a;1a;1a;1a;1a;1a;1a;1a;1a;1a;1a
SG1|1a;1a;1a;1a;1a;1a;1a;1a;1a;1a;1a;1a;1a;1a;1a;1a;1a;1a;1a,1,54,orbit16_fp0,wyckoff_orbit,16,1a,3,0,True,torus_fractional_coordinate,1a;1a;1a;1a;1a;1a;1a;1a;1a;1a;1a;1a;1a;1a;1a;1a;1a;1a;1a
SG1|1a;1a;1a;1a;1a;1a;1a;1a;1a;1a;1a;1a;1a;1a;1a;1a;1a;1a;1a,1,55,orbit16_fp1,wyckoff_orbit,16,1a,3,1,True,torus_fractional_coordinate,1a;1a;1a;1a;1a;1a;1a;1a;1a;1a;1a;1a;1a;1a;1a;1a;1a;1a;1a
SG1|1a;1a;1a;1a;1a;1a;1a;1a;1a;1a;1a;1a;1a;1a;1a;1a;1a;1a;1a,1,56,orbit16_fp2,wyckoff_orbit,16,1a,3,2,True,torus_fractional_coordinate,1a;1a;1a;1a;1a;1a;1a;1a;1a;1a;1a;1a;1a;1a;1a;1a;1a;1a;1a
SG1|1a;1a;1a;1a;1a;1a;1a;1a;1a;1a;1a;1a;1a;1a;1a;1a;1a;1a;1a,1,57,orbit17_fp0,wyckoff_orbit,17,1a,3,0,True,torus_fractional_coordinate,1a;1a;1a;1a;1a;1a;1a;1a;1a;1a;1a;1a;1a;1a;1a;1a;1a;1a;1a
SG1|1a;1a;1a;1a;1a;1a;1a;1a;1a;1a;1a;1a;1a;1a;1a;1a;1a;1a;1a,1,58,orbit17_fp1,wyckoff_orbit,17,1a,3,1,True,torus_fractional_coordinate,1a;1a;1a;1a;1a;1a;1a;1a;1a;1a;1a;1a;1a;1a;1a;1a;1a;1a;1a
SG1|1a;1a;1a;1a;1a;1a;1a;1a;1a;1a;1a;1a;1a;1a;1a;1a;1a;1a;1a,1,59,orbit17_fp2,wyckoff_orbit,17,1a,3,2,True,torus_fractional_coordinate,1a;1a;1a;1a;1a;1a;1a;1a;1a;1a;1a;1a;1a;1a;1a;1a;1a;1a;1a
SG1|1a;1a;1a;1a;1a;1a;1a;1a;1a;1a;1a;1a;1a;1a;1a;1a;1a;1a;1a,1,60,orbit18_fp0,wyckoff_orbit,18,1a,3,0,True,torus_fractional_coordinate,1a;1a;1a;1a;1a;1a;1a;1a;1a;1a;1a;1a;1a;1a;1a;1a;1a;1a;1a
SG1|1a;1a;1a;1a;1a;1a;1a;1a;1a;1a;1a;1a;1a;1a;1a;1a;1a;1a;1a,1,61,orbit18_fp1,wyckoff_orbit,18,1a,3,1,True,torus_fractional_coordinate,1a;1a;1a;1a;1a;1a;1a;1a;1a;1a;1a;1a;1a;1a;1a;1a;1a;1a;1a
SG1|1a;1a;1a;1a;1a;1a;1a;1a;1a;1a;1a;1a;1a;1a;1a;1a;1a;1a;1a,1,62,orbit18_fp2,wyckoff_orbit,18,1a,3,2,True,torus_fractional_coordinate,1a;1a;1a;1a;1a;1a;1a;1a;1a;1a;1a;1a;1a;1a;1a;1a;1a;1a;1a
SG1|1a;1a;1a;1a;1a;1a;1a;1a;1a;1a;1a;1a;1a;1a;1a;1a;1a;1a,1,0,lattice_a,lattice,-1,,0,-1,False,positive_length,1a;1a;1a;1a;1a;1a;1a;1a;1a;1a;1a;1a;1a;1a;1a;1a;1a;1a
SG1|1a;1a;1a;1a;1a;1a;1a;1a;1a;1a;1a;1a;1a;1a;1a;1a;1a;1a,1,1,lattice_b,lattice,-1,,0,-1,False,positive_length,1a;1a;1a;1a;1a;1a;1a;1a;1a;1a;1a;1a;1a;1a;1a;1a;1a;1a
SG1|1a;1a;1a;1a;1a;1a;1a;1a;1a;1a;1a;1a;1a;1a;1a;1a;1a;1a,1,2,lattice_c,lattice,-1,,0,-1,False,positive_length,1a;1a;1a;1a;1a;1a;1a;1a;1a;1a;1a;1a;1a;1a;1a;1a;1a;1a
SG1|1a;1a;1a;1a;1a;1a;1a;1a;1a;1a;1a;1a;1a;1a;1a;1a;1a;1a,1,3,alpha,lattice,-1,,0,-1,False,angle_degree,1a;1a;1a;1a;1a;1a;1a;1a;1a;1a;1a;1a;1a;1a;1a;1a;1a;1a
SG1|1a;1a;1a;1a;1a;1a;1a;1a;1a;1a;1a;1a;1a;1a;1a;1a;1a;1a,1,4,beta,lattice,-1,,0,-1,False,angle_degree,1a;1a;1a;1a;1a;1a;1a;1a;1a;1a;1a;1a;1a;1a;1a;1a;1a;1a
SG1|1a;1a;1a;1a;1a;1a;1a;1a;1a;1a;1a;1a;1a;1a;1a;1a;1a;1a,1,5,gamma,lattice,-1,,0,-1,False,angle_degree,1a;1a;1a;1a;1a;1a;1a;1a;1a;1a;1a;1a;1a;1a;1a;1a;1a;1a
SG1|1a;1a;1a;1a;1a;1a;1a;1a;1a;1a;1a;1a;1a;1a;1a;1a;1a;1a,1,6,orbit0_fp0,wyckoff_orbit,0,1a,3,0,True,torus_fractional_coordinate,1a;1a;1a;1a;1a;1a;1a;1a;1a;1a;1a;1a;1a;1a;1a;1a;1a;1a
SG1|1a;1a;1a;1a;1a;1a;1a;1a;1a;1a;1a;1a;1a;1a;1a;1a;1a;1a,1,7,orbit0_fp1,wyckoff_orbit,0,1a,3,1,True,torus_fractional_coordinate,1a;1a;1a;1a;1a;1a;1a;1a;1a;1a;1a;1a;1a;1a;1a;1a;1a;1a
SG1|1a;1a;1a;1a;1a;1a;1a;1a;1a;1a;1a;1a;1a;1a;1a;1a;1a;1a,1,8,orbit0_fp2,wyckoff_orbit,0,1a,3,2,True,torus_fractional_coordinate,1a;1a;1a;1a;1a;1a;1a;1a;1a;1a;1a;1a;1a;1a;1a;1a;1a;1a
SG1|1a;1a;1a;1a;1a;1a;1a;1a;1a;1a;1a;1a;1a;1a;1a;1a;1a;1a,1,9,orbit1_fp0,wyckoff_orbit,1,1a,3,0,True,torus_fractional_coordinate,1a;1a;1a;1a;1a;1a;1a;1a;1a;1a;1a;1a;1a;1a;1a;1a;1a;1a
SG1|1a;1a;1a;1a;1a;1a;1a;1a;1a;1a;1a;1a;1a;1a;1a;1a;1a;1a,1,10,orbit1_fp1,wyckoff_orbit,1,1a,3,1,True,torus_fractional_coordinate,1a;1a;1a;1a;1a;1a;1a;1a;1a;1a;1a;1a;1a;1a;1a;1a;1a;1a
SG1|1a;1a;1a;1a;1a;1a;1a;1a;1a;1a;1a;1a;1a;1a;1a;1a;1a;1a,1,11,orbit1_fp2,wyckoff_orbit,1,1a,3,2,True,torus_fractional_coordinate,1a;1a;1a;1a;1a;1a;1a;1a;1a;1a;1a;1a;1a;1a;1a;1a;1a;1a
SG1|1a;1a;1a;1a;1a;1a;1a;1a;1a;1a;1a;1a;1a;1a;1a;1a;1a;1a,1,12,orbit2_fp0,wyckoff_orbit,2,1a,3,0,True,torus_fractional_coordinate,1a;1a;1a;1a;1a;1a;1a;1a;1a;1a;1a;1a;1a;1a;1a;1a;1a;1a
SG1|1a;1a;1a;1a;1a;1a;1a;1a;1a;1a;1a;1a;1a;1a;1a;1a;1a;1a,1,13,orbit2_fp1,wyckoff_orbit,2,1a,3,1,True,torus_fractional_coordinate,1a;1a;1a;1a;1a;1a;1a;1a;1a;1a;1a;1a;1a;1a;1a;1a;1a;1a
SG1|1a;1a;1a;1a;1a;1a;1a;1a;1a;1a;1a;1a;1a;1a;1a;1a;1a;1a,1,14,orbit2_fp2,wyckoff_orbit,2,1a,3,2,True,torus_fractional_coordinate,1a;1a;1a;1a;1a;1a;1a;1a;1a;1a;1a;1a;1a;1a;1a;1a;1a;1a
SG1|1a;1a;1a;1a;1a;1a;1a;1a;1a;1a;1a;1a;1a;1a;1a;1a;1a;1a,1,15,orbit3_fp0,wyckoff_orbit,3,1a,3,0,True,torus_fractional_coordinate,1a;1a;1a;1a;1a;1a;1a;1a;1a;1a;1a;1a;1a;1a;1a;1a;1a;1a
SG1|1a;1a;1a;1a;1a;1a;1a;1a;1a;1a;1a;1a;1a;1a;1a;1a;1a;1a,1,16,orbit3_fp1,wyckoff_orbit,3,1a,3,1,True,torus_fractional_coordinate,1a;1a;1a;1a;1a;1a;1a;1a;1a;1a;1a;1a;1a;1a;1a;1a;1a;1a
SG1|1a;1a;1a;1a;1a;1a;1a;1a;1a;1a;1a;1a;1a;1a;1a;1a;1a;1a,1,17,orbit3_fp2,wyckoff_orbit,3,1a,3,2,True,torus_fractional_coordinate,1a;1a;1a;1a;1a;1a;1a;1a;1a;1a;1a;1a;1a;1a;1a;1a;1a;1a
SG1|1a;1a;1a;1a;1a;1a;1a;1a;1a;1a;1a;1a;1a;1a;1a;1a;1a;1a,1,18,orbit4_fp0,wyckoff_orbit,4,1a,3,0,True,torus_fractional_coordinate,1a;1a;1a;1a;1a;1a;1a;1a;1a;1a;1a;1a;1a;1a;1a;1a;1a;1a
SG1|1a;1a;1a;1a;1a;1a;1a;1a;1a;1a;1a;1a;1a;1a;1a;1a;1a;1a,1,19,orbit4_fp1,wyckoff_orbit,4,1a,3,1,True,torus_fractional_coordinate,1a;1a;1a;1a;1a;1a;1a;1a;1a;1a;1a;1a;1a;1a;1a;1a;1a;1a
SG1|1a;1a;1a;1a;1a;1a;1a;1a;1a;1a;1a;1a;1a;1a;1a;1a;1a;1a,1,20,orbit4_fp2,wyckoff_orbit,4,1a,3,2,True,torus_fractional_coordinate,1a;1a;1a;1a;1a;1a;1a;1a;1a;1a;1a;1a;1a;1a;1a;1a;1a;1a
SG1|1a;1a;1a;1a;1a;1a;1a;1a;1a;1a;1a;1a;1a;1a;1a;1a;1a;1a,1,21,orbit5_fp0,wyckoff_orbit,5,1a,3,0,True,torus_fractional_coordinate,1a;1a;1a;1a;1a;1a;1a;1a;1a;1a;1a;1a;1a;1a;1a;1a;1a;1a
SG1|1a;1a;1a;1a;1a;1a;1a;1a;1a;1a;1a;1a;1a;1a;1a;1a;1a;1a,1,22,orbit5_fp1,wyckoff_orbit,5,1a,3,1,True,torus_fractional_coordinate,1a;1a;1a;1a;1a;1a;1a;1a;1a;1a;1a;1a;1a;1a;1a;1a;1a;1a
SG1|1a;1a;1a;1a;1a;1a;1a;1a;1a;1a;1a;1a;1a;1a;1a;1a;1a;1a,1,23,orbit5_fp2,wyckoff_orbit,5,1a,3,2,True,torus_fractional_coordinate,1a;1a;1a;1a;1a;1a;1a;1a;1a;1a;1a;1a;1a;1a;1a;1a;1a;1a
SG1|1a;1a;1a;1a;1a;1a;1a;1a;1a;1a;1a;1a;1a;1a;1a;1a;1a;1a,1,24,orbit6_fp0,wyckoff_orbit,6,1a,3,0,True,torus_fractional_coordinate,1a;1a;1a;1a;1a;1a;1a;1a;1a;1a;1a;1a;1a;1a;1a;1a;1a;1a
SG1|1a;1a;1a;1a;1a;1a;1a;1a;1a;1a;1a;1a;1a;1a;1a;1a;1a;1a,1,25,orbit6_fp1,wyckoff_orbit,6,1a,3,1,True,torus_fractional_coordinate,1a;1a;1a;1a;1a;1a;1a;1a;1a;1a;1a;1a;1a;1a;1a;1a;1a;1a
SG1|1a;1a;1a;1a;1a;1a;1a;1a;1a;1a;1a;1a;1a;1a;1a;1a;1a;1a,1,26,orbit6_fp2,wyckoff_orbit,6,1a,3,2,True,torus_fractional_coordinate,1a;1a;1a;1a;1a;1a;1a;1a;1a;1a;1a;1a;1a;1a;1a;1a;1a;1a
SG1|1a;1a;1a;1a;1a;1a;1a;1a;1a;1a;1a;1a;1a;1a;1a;1a;1a;1a,1,27,orbit7_fp0,wyckoff_orbit,7,1a,3,0,True,torus_fractional_coordinate,1a;1a;1a;1a;1a;1a;1a;1a;1a;1a;1a;1a;1a;1a;1a;1a;1a;1a
SG1|1a;1a;1a;1a;1a;1a;1a;1a;1a;1a;1a;1a;1a;1a;1a;1a;1a;1a,1,28,orbit7_fp1,wyckoff_orbit,7,1a,3,1,True,torus_fractional_coordinate,1a;1a;1a;1a;1a;1a;1a;1a;1a;1a;1a;1a;1a;1a;1a;1a;1a;1a
SG1|1a;1a;1a;1a;1a;1a;1a;1a;1a;1a;1a;1a;1a;1a;1a;1a;1a;1a,1,29,orbit7_fp2,wyckoff_orbit,7,1a,3,2,True,torus_fractional_coordinate,1a;1a;1a;1a;1a;1a;1a;1a;1a;1a;1a;1a;1a;1a;1a;1a;1a;1a
SG1|1a;1a;1a;1a;1a;1a;1a;1a;1a;1a;1a;1a;1a;1a;1a;1a;1a;1a,1,30,orbit8_fp0,wyckoff_orbit,8,1a,3,0,True,torus_fractional_coordinate,1a;1a;1a;1a;1a;1a;1a;1a;1a;1a;1a;1a;1a;1a;1a;1a;1a;1a
SG1|1a;1a;1a;1a;1a;1a;1a;1a;1a;1a;1a;1a;1a;1a;1a;1a;1a;1a,1,31,orbit8_fp1,wyckoff_orbit,8,1a,3,1,True,torus_fractional_coordinate,1a;1a;1a;1a;1a;1a;1a;1a;1a;1a;1a;1a;1a;1a;1a;1a;1a;1a
SG1|1a;1a;1a;1a;1a;1a;1a;1a;1a;1a;1a;1a;1a;1a;1a;1a;1a;1a,1,32,orbit8_fp2,wyckoff_orbit,8,1a,3,2,True,torus_fractional_coordinate,1a;1a;1a;1a;1a;1a;1a;1a;1a;1a;1a;1a;1a;1a;1a;1a;1a;1a
SG1|1a;1a;1a;1a;1a;1a;1a;1a;1a;1a;1a;1a;1a;1a;1a;1a;1a;1a,1,33,orbit9_fp0,wyckoff_orbit,9,1a,3,0,True,torus_fractional_coordinate,1a;1a;1a;1a;1a;1a;1a;1a;1a;1a;1a;1a;1a;1a;1a;1a;1a;1a
SG1|1a;1a;1a;1a;1a;1a;1a;1a;1a;1a;1a;1a;1a;1a;1a;1a;1a;1a,1,34,orbit9_fp1,wyckoff_orbit,9,1a,3,1,True,torus_fractional_coordinate,1a;1a;1a;1a;1a;1a;1a;1a;1a;1a;1a;1a;1a;1a;1a;1a;1a;1a
SG1|1a;1a;1a;1a;1a;1a;1a;1a;1a;1a;1a;1a;1a;1a;1a;1a;1a;1a,1,35,orbit9_fp2,wyckoff_orbit,9,1a,3,2,True,torus_fractional_coordinate,1a;1a;1a;1a;1a;1a;1a;1a;1a;1a;1a;1a;1a;1a;1a;1a;1a;1a
SG1|1a;1a;1a;1a;1a;1a;1a;1a;1a;1a;1a;1a;1a;1a;1a;1a;1a;1a,1,36,orbit10_fp0,wyckoff_orbit,10,1a,3,0,True,torus_fractional_coordinate,1a;1a;1a;1a;1a;1a;1a;1a;1a;1a;1a;1a;1a;1a;1a;1a;1a;1a
SG1|1a;1a;1a;1a;1a;1a;1a;1a;1a;1a;1a;1a;1a;1a;1a;1a;1a;1a,1,37,orbit10_fp1,wyckoff_orbit,10,1a,3,1,True,torus_fractional_coordinate,1a;1a;1a;1a;1a;1a;1a;1a;1a;1a;1a;1a;1a;1a;1a;1a;1a;1a
SG1|1a;1a;1a;1a;1a;1a;1a;1a;1a;1a;1a;1a;1a;1a;1a;1a;1a;1a,1,38,orbit10_fp2,wyckoff_orbit,10,1a,3,2,True,torus_fractional_coordinate,1a;1a;1a;1a;1a;1a;1a;1a;1a;1a;1a;1a;1a;1a;1a;1a;1a;1a
SG1|1a;1a;1a;1a;1a;1a;1a;1a;1a;1a;1a;1a;1a;1a;1a;1a;1a;1a,1,39,orbit11_fp0,wyckoff_orbit,11,1a,3,0,True,torus_fractional_coordinate,1a;1a;1a;1a;1a;1a;1a;1a;1a;1a;1a;1a;1a;1a;1a;1a;1a;1a
SG1|1a;1a;1a;1a;1a;1a;1a;1a;1a;1a;1a;1a;1a;1a;1a;1a;1a;1a,1,40,orbit11_fp1,wyckoff_orbit,11,1a,3,1,True,torus_fractional_coordinate,1a;1a;1a;1a;1a;1a;1a;1a;1a;1a;1a;1a;1a;1a;1a;1a;1a;1a
SG1|1a;1a;1a;1a;1a;1a;1a;1a;1a;1a;1a;1a;1a;1a;1a;1a;1a;1a,1,41,orbit11_fp2,wyckoff_orbit,11,1a,3,2,True,torus_fractional_coordinate,1a;1a;1a;1a;1a;1a;1a;1a;1a;1a;1a;1a;1a;1a;1a;1a;1a;1a
SG1|1a;1a;1a;1a;1a;1a;1a;1a;1a;1a;1a;1a;1a;1a;1a;1a;1a;1a,1,42,orbit12_fp0,wyckoff_orbit,12,1a,3,0,True,torus_fractional_coordinate,1a;1a;1a;1a;1a;1a;1a;1a;1a;1a;1a;1a;1a;1a;1a;1a;1a;1a
SG1|1a;1a;1a;1a;1a;1a;1a;1a;1a;1a;1a;1a;1a;1a;1a;1a;1a;1a,1,43,orbit12_fp1,wyckoff_orbit,12,1a,3,1,True,torus_fractional_coordinate,1a;1a;1a;1a;1a;1a;1a;1a;1a;1a;1a;1a;1a;1a;1a;1a;1a;1a
SG1|1a;1a;1a;1a;1a;1a;1a;1a;1a;1a;1a;1a;1a;1a;1a;1a;1a;1a,1,44,orbit12_fp2,wyckoff_orbit,12,1a,3,2,True,torus_fractional_coordinate,1a;1a;1a;1a;1a;1a;1a;1a;1a;1a;1a;1a;1a;1a;1a;1a;1a;1a
SG1|1a;1a;1a;1a;1a;1a;1a;1a;1a;1a;1a;1a;1a;1a;1a;1a;1a;1a,1,45,orbit13_fp0,wyckoff_orbit,13,1a,3,0,True,torus_fractional_coordinate,1a;1a;1a;1a;1a;1a;1a;1a;1a;1a;1a;1a;1a;1a;1a;1a;1a;1a
SG1|1a;1a;1a;1a;1a;1a;1a;1a;1a;1a;1a;1a;1a;1a;1a;1a;1a;1a,1,46,orbit13_fp1,wyckoff_orbit,13,1a,3,1,True,torus_fractional_coordinate,1a;1a;1a;1a;1a;1a;1a;1a;1a;1a;1a;1a;1a;1a;1a;1a;1a;1a
SG1|1a;1a;1a;1a;1a;1a;1a;1a;1a;1a;1a;1a;1a;1a;1a;1a;1a;1a,1,47,orbit13_fp2,wyckoff_orbit,13,1a,3,2,True,torus_fractional_coordinate,1a;1a;1a;1a;1a;1a;1a;1a;1a;1a;1a;1a;1a;1a;1a;1a;1a;1a
SG1|1a;1a;1a;1a;1a;1a;1a;1a;1a;1a;1a;1a;1a;1a;1a;1a;1a;1a,1,48,orbit14_fp0,wyckoff_orbit,14,1a,3,0,True,torus_fractional_coordinate,1a;1a;1a;1a;1a;1a;1a;1a;1a;1a;1a;1a;1a;1a;1a;1a;1a;1a
SG1|1a;1a;1a;1a;1a;1a;1a;1a;1a;1a;1a;1a;1a;1a;1a;1a;1a;1a,1,49,orbit14_fp1,wyckoff_orbit,14,1a,3,1,True,torus_fractional_coordinate,1a;1a;1a;1a;1a;1a;1a;1a;1a;1a;1a;1a;1a;1a;1a;1a;1a;1a
SG1|1a;1a;1a;1a;1a;1a;1a;1a;1a;1a;1a;1a;1a;1a;1a;1a;1a;1a,1,50,orbit14_fp2,wyckoff_orbit,14,1a,3,2,True,torus_fractional_coordinate,1a;1a;1a;1a;1a;1a;1a;1a;1a;1a;1a;1a;1a;1a;1a;1a;1a;1a
SG1|1a;1a;1a;1a;1a;1a;1a;1a;1a;1a;1a;1a;1a;1a;1a;1a;1a;1a,1,51,orbit15_fp0,wyckoff_orbit,15,1a,3,0,True,torus_fractional_coordinate,1a;1a;1a;1a;1a;1a;1a;1a;1a;1a;1a;1a;1a;1a;1a;1a;1a;1a
SG1|1a;1a;1a;1a;1a;1a;1a;1a;1a;1a;1a;1a;1a;1a;1a;1a;1a;1a,1,52,orbit15_fp1,wyckoff_orbit,15,1a,3,1,True,torus_fractional_coordinate,1a;1a;1a;1a;1a;1a;1a;1a;1a;1a;1a;1a;1a;1a;1a;1a;1a;1a
SG1|1a;1a;1a;1a;1a;1a;1a;1a;1a;1a;1a;1a;1a;1a;1a;1a;1a;1a,1,53,orbit15_fp2,wyckoff_orbit,15,1a,3,2,True,torus_fractional_coordinate,1a;1a;1a;1a;1a;1a;1a;1a;1a;1a;1a;1a;1a;1a;1a;1a;1a;1a
SG1|1a;1a;1a;1a;1a;1a;1a;1a;1a;1a;1a;1a;1a;1a;1a;1a;1a;1a,1,54,orbit16_fp0,wyckoff_orbit,16,1a,3,0,True,torus_fractional_coordinate,1a;1a;1a;1a;1a;1a;1a;1a;1a;1a;1a;1a;1a;1a;1a;1a;1a;1a
SG1|1a;1a;1a;1a;1a;1a;1a;1a;1a;1a;1a;1a;1a;1a;1a;1a;1a;1a,1,55,orbit16_fp1,wyckoff_orbit,16,1a,3,1,True,torus_fractional_coordinate,1a;1a;1a;1a;1a;1a;1a;1a;1a;1a;1a;1a;1a;1a;1a;1a;1a;1a
SG1|1a;1a;1a;1a;1a;1a;1a;1a;1a;1a;1a;1a;1a;1a;1a;1a;1a;1a,1,56,orbit16_fp2,wyckoff_orbit,16,1a,3,2,True,torus_fractional_coordinate,1a;1a;1a;1a;1a;1a;1a;1a;1a;1a;1a;1a;1a;1a;1a;1a;1a;1a
SG1|1a;1a;1a;1a;1a;1a;1a;1a;1a;1a;1a;1a;1a;1a;1a;1a;1a;1a,1,57,orbit17_fp0,wyckoff_orbit,17,1a,3,0,True,torus_fractional_coordinate,1a;1a;1a;1a;1a;1a;1a;1a;1a;1a;1a;1a;1a;1a;1a;1a;1a;1a
SG1|1a;1a;1a;1a;1a;1a;1a;1a;1a;1a;1a;1a;1a;1a;1a;1a;1a;1a,1,58,orbit17_fp1,wyckoff_orbit,17,1a,3,1,True,torus_fractional_coordinate,1a;1a;1a;1a;1a;1a;1a;1a;1a;1a;1a;1a;1a;1a;1a;1a;1a;1a
SG1|1a;1a;1a;1a;1a;1a;1a;1a;1a;1a;1a;1a;1a;1a;1a;1a;1a;1a,1,59,orbit17_fp2,wyckoff_orbit,17,1a,3,2,True,torus_fractional_coordinate,1a;1a;1a;1a;1a;1a;1a;1a;1a;1a;1a;1a;1a;1a;1a;1a;1a;1a
SG1|1a;1a;1a;1a;1a;1a;1a;1a;1a;1a;1a;1a;1a;1a;1a;1a;1a,1,0,lattice_a,lattice,-1,,0,-1,False,positive_length,1a;1a;1a;1a;1a;1a;1a;1a;1a;1a;1a;1a;1a;1a;1a;1a;1a
SG1|1a;1a;1a;1a;1a;1a;1a;1a;1a;1a;1a;1a;1a;1a;1a;1a;1a,1,1,lattice_b,lattice,-1,,0,-1,False,positive_length,1a;1a;1a;1a;1a;1a;1a;1a;1a;1a;1a;1a;1a;1a;1a;1a;1a
SG1|1a;1a;1a;1a;1a;1a;1a;1a;1a;1a;1a;1a;1a;1a;1a;1a;1a,1,2,lattice_c,lattice,-1,,0,-1,False,positive_length,1a;1a;1a;1a;1a;1a;1a;1a;1a;1a;1a;1a;1a;1a;1a;1a;1a
SG1|1a;1a;1a;1a;1a;1a;1a;1a;1a;1a;1a;1a;1a;1a;1a;1a;1a,1,3,alpha,lattice,-1,,0,-1,False,angle_degree,1a;1a;1a;1a;1a;1a;1a;1a;1a;1a;1a;1a;1a;1a;1a;1a;1a
SG1|1a;1a;1a;1a;1a;1a;1a;1a;1a;1a;1a;1a;1a;1a;1a;1a;1a,1,4,beta,lattice,-1,,0,-1,False,angle_degree,1a;1a;1a;1a;1a;1a;1a;1a;1a;1a;1a;1a;1a;1a;1a;1a;1a
SG1|1a;1a;1a;1a;1a;1a;1a;1a;1a;1a;1a;1a;1a;1a;1a;1a;1a,1,5,gamma,lattice,-1,,0,-1,False,angle_degree,1a;1a;1a;1a;1a;1a;1a;1a;1a;1a;1a;1a;1a;1a;1a;1a;1a
SG1|1a;1a;1a;1a;1a;1a;1a;1a;1a;1a;1a;1a;1a;1a;1a;1a;1a,1,6,orbit0_fp0,wyckoff_orbit,0,1a,3,0,True,torus_fractional_coordinate,1a;1a;1a;1a;1a;1a;1a;1a;1a;1a;1a;1a;1a;1a;1a;1a;1a
SG1|1a;1a;1a;1a;1a;1a;1a;1a;1a;1a;1a;1a;1a;1a;1a;1a;1a,1,7,orbit0_fp1,wyckoff_orbit,0,1a,3,1,True,torus_fractional_coordinate,1a;1a;1a;1a;1a;1a;1a;1a;1a;1a;1a;1a;1a;1a;1a;1a;1a
SG1|1a;1a;1a;1a;1a;1a;1a;1a;1a;1a;1a;1a;1a;1a;1a;1a;1a,1,8,orbit0_fp2,wyckoff_orbit,0,1a,3,2,True,torus_fractional_coordinate,1a;1a;1a;1a;1a;1a;1a;1a;1a;1a;1a;1a;1a;1a;1a;1a;1a
SG1|1a;1a;1a;1a;1a;1a;1a;1a;1a;1a;1a;1a;1a;1a;1a;1a;1a,1,9,orbit1_fp0,wyckoff_orbit,1,1a,3,0,True,torus_fractional_coordinate,1a;1a;1a;1a;1a;1a;1a;1a;1a;1a;1a;1a;1a;1a;1a;1a;1a
SG1|1a;1a;1a;1a;1a;1a;1a;1a;1a;1a;1a;1a;1a;1a;1a;1a;1a,1,10,orbit1_fp1,wyckoff_orbit,1,1a,3,1,True,torus_fractional_coordinate,1a;1a;1a;1a;1a;1a;1a;1a;1a;1a;1a;1a;1a;1a;1a;1a;1a
SG1|1a;1a;1a;1a;1a;1a;1a;1a;1a;1a;1a;1a;1a;1a;1a;1a;1a,1,11,orbit1_fp2,wyckoff_orbit,1,1a,3,2,True,torus_fractional_coordinate,1a;1a;1a;1a;1a;1a;1a;1a;1a;1a;1a;1a;1a;1a;1a;1a;1a
SG1|1a;1a;1a;1a;1a;1a;1a;1a;1a;1a;1a;1a;1a;1a;1a;1a;1a,1,12,orbit2_fp0,wyckoff_orbit,2,1a,3,0,True,torus_fractional_coordinate,1a;1a;1a;1a;1a;1a;1a;1a;1a;1a;1a;1a;1a;1a;1a;1a;1a
SG1|1a;1a;1a;1a;1a;1a;1a;1a;1a;1a;1a;1a;1a;1a;1a;1a;1a,1,13,orbit2_fp1,wyckoff_orbit,2,1a,3,1,True,torus_fractional_coordinate,1a;1a;1a;1a;1a;1a;1a;1a;1a;1a;1a;1a;1a;1a;1a;1a;1a
SG1|1a;1a;1a;1a;1a;1a;1a;1a;1a;1a;1a;1a;1a;1a;1a;1a;1a,1,14,orbit2_fp2,wyckoff_orbit,2,1a,3,2,True,torus_fractional_coordinate,1a;1a;1a;1a;1a;1a;1a;1a;1a;1a;1a;1a;1a;1a;1a;1a;1a
SG1|1a;1a;1a;1a;1a;1a;1a;1a;1a;1a;1a;1a;1a;1a;1a;1a;1a,1,15,orbit3_fp0,wyckoff_orbit,3,1a,3,0,True,torus_fractional_coordinate,1a;1a;1a;1a;1a;1a;1a;1a;1a;1a;1a;1a;1a;1a;1a;1a;1a
SG1|1a;1a;1a;1a;1a;1a;1a;1a;1a;1a;1a;1a;1a;1a;1a;1a;1a,1,16,orbit3_fp1,wyckoff_orbit,3,1a,3,1,True,torus_fractional_coordinate,1a;1a;1a;1a;1a;1a;1a;1a;1a;1a;1a;1a;1a;1a;1a;1a;1a
SG1|1a;1a;1a;1a;1a;1a;1a;1a;1a;1a;1a;1a;1a;1a;1a;1a;1a,1,17,orbit3_fp2,wyckoff_orbit,3,1a,3,2,True,torus_fractional_coordinate,1a;1a;1a;1a;1a;1a;1a;1a;1a;1a;1a;1a;1a;1a;1a;1a;1a
SG1|1a;1a;1a;1a;1a;1a;1a;1a;1a;1a;1a;1a;1a;1a;1a;1a;1a,1,18,orbit4_fp0,wyckoff_orbit,4,1a,3,0,True,torus_fractional_coordinate,1a;1a;1a;1a;1a;1a;1a;1a;1a;1a;1a;1a;1a;1a;1a;1a;1a
SG1|1a;1a;1a;1a;1a;1a;1a;1a;1a;1a;1a;1a;1a;1a;1a;1a;1a,1,19,orbit4_fp1,wyckoff_orbit,4,1a,3,1,True,torus_fractional_coordinate,1a;1a;1a;1a;1a;1a;1a;1a;1a;1a;1a;1a;1a;1a;1a;1a;1a
SG1|1a;1a;1a;1a;1a;1a;1a;1a;1a;1a;1a;1a;1a;1a;1a;1a;1a,1,20,orbit4_fp2,wyckoff_orbit,4,1a,3,2,True,torus_fractional_coordinate,1a;1a;1a;1a;1a;1a;1a;1a;1a;1a;1a;1a;1a;1a;1a;1a;1a
SG1|1a;1a;1a;1a;1a;1a;1a;1a;1a;1a;1a;1a;1a;1a;1a;1a;1a,1,21,orbit5_fp0,wyckoff_orbit,5,1a,3,0,True,torus_fractional_coordinate,1a;1a;1a;1a;1a;1a;1a;1a;1a;1a;1a;1a;1a;1a;1a;1a;1a
SG1|1a;1a;1a;1a;1a;1a;1a;1a;1a;1a;1a;1a;1a;1a;1a;1a;1a,1,22,orbit5_fp1,wyckoff_orbit,5,1a,3,1,True,torus_fractional_coordinate,1a;1a;1a;1a;1a;1a;1a;1a;1a;1a;1a;1a;1a;1a;1a;1a;1a
SG1|1a;1a;1a;1a;1a;1a;1a;1a;1a;1a;1a;1a;1a;1a;1a;1a;1a,1,23,orbit5_fp2,wyckoff_orbit,5,1a,3,2,True,torus_fractional_coordinate,1a;1a;1a;1a;1a;1a;1a;1a;1a;1a;1a;1a;1a;1a;1a;1a;1a
SG1|1a;1a;1a;1a;1a;1a;1a;1a;1a;1a;1a;1a;1a;1a;1a;1a;1a,1,24,orbit6_fp0,wyckoff_orbit,6,1a,3,0,True,torus_fractional_coordinate,1a;1a;1a;1a;1a;1a;1a;1a;1a;1a;1a;1a;1a;1a;1a;1a;1a
SG1|1a;1a;1a;1a;1a;1a;1a;1a;1a;1a;1a;1a;1a;1a;1a;1a;1a,1,25,orbit6_fp1,wyckoff_orbit,6,1a,3,1,True,torus_fractional_coordinate,1a;1a;1a;1a;1a;1a;1a;1a;1a;1a;1a;1a;1a;1a;1a;1a;1a
SG1|1a;1a;1a;1a;1a;1a;1a;1a;1a;1a;1a;1a;1a;1a;1a;1a;1a,1,26,orbit6_fp2,wyckoff_orbit,6,1a,3,2,True,torus_fractional_coordinate,1a;1a;1a;1a;1a;1a;1a;1a;1a;1a;1a;1a;1a;1a;1a;1a;1a
SG1|1a;1a;1a;1a;1a;1a;1a;1a;1a;1a;1a;1a;1a;1a;1a;1a;1a,1,27,orbit7_fp0,wyckoff_orbit,7,1a,3,0,True,torus_fractional_coordinate,1a;1a;1a;1a;1a;1a;1a;1a;1a;1a;1a;1a;1a;1a;1a;1a;1a
SG1|1a;1a;1a;1a;1a;1a;1a;1a;1a;1a;1a;1a;1a;1a;1a;1a;1a,1,28,orbit7_fp1,wyckoff_orbit,7,1a,3,1,True,torus_fractional_coordinate,1a;1a;1a;1a;1a;1a;1a;1a;1a;1a;1a;1a;1a;1a;1a;1a;1a
SG1|1a;1a;1a;1a;1a;1a;1a;1a;1a;1a;1a;1a;1a;1a;1a;1a;1a,1,29,orbit7_fp2,wyckoff_orbit,7,1a,3,2,True,torus_fractional_coordinate,1a;1a;1a;1a;1a;1a;1a;1a;1a;1a;1a;1a;1a;1a;1a;1a;1a
SG1|1a;1a;1a;1a;1a;1a;1a;1a;1a;1a;1a;1a;1a;1a;1a;1a;1a,1,30,orbit8_fp0,wyckoff_orbit,8,1a,3,0,True,torus_fractional_coordinate,1a;1a;1a;1a;1a;1a;1a;1a;1a;1a;1a;1a;1a;1a;1a;1a;1a
SG1|1a;1a;1a;1a;1a;1a;1a;1a;1a;1a;1a;1a;1a;1a;1a;1a;1a,1,31,orbit8_fp1,wyckoff_orbit,8,1a,3,1,True,torus_fractional_coordinate,1a;1a;1a;1a;1a;1a;1a;1a;1a;1a;1a;1a;1a;1a;1a;1a;1a
SG1|1a;1a;1a;1a;1a;1a;1a;1a;1a;1a;1a;1a;1a;1a;1a;1a;1a,1,32,orbit8_fp2,wyckoff_orbit,8,1a,3,2,True,torus_fractional_coordinate,1a;1a;1a;1a;1a;1a;1a;1a;1a;1a;1a;1a;1a;1a;1a;1a;1a
SG1|1a;1a;1a;1a;1a;1a;1a;1a;1a;1a;1a;1a;1a;1a;1a;1a;1a,1,33,orbit9_fp0,wyckoff_orbit,9,1a,3,0,True,torus_fractional_coordinate,1a;1a;1a;1a;1a;1a;1a;1a;1a;1a;1a;1a;1a;1a;1a;1a;1a
SG1|1a;1a;1a;1a;1a;1a;1a;1a;1a;1a;1a;1a;1a;1a;1a;1a;1a,1,34,orbit9_fp1,wyckoff_orbit,9,1a,3,1,True,torus_fractional_coordinate,1a;1a;1a;1a;1a;1a;1a;1a;1a;1a;1a;1a;1a;1a;1a;1a;1a
SG1|1a;1a;1a;1a;1a;1a;1a;1a;1a;1a;1a;1a;1a;1a;1a;1a;1a,1,35,orbit9_fp2,wyckoff_orbit,9,1a,3,2,True,torus_fractional_coordinate,1a;1a;1a;1a;1a;1a;1a;1a;1a;1a;1a;1a;1a;1a;1a;1a;1a
SG1|1a;1a;1a;1a;1a;1a;1a;1a;1a;1a;1a;1a;1a;1a;1a;1a;1a,1,36,orbit10_fp0,wyckoff_orbit,10,1a,3,0,True,torus_fractional_coordinate,1a;1a;1a;1a;1a;1a;1a;1a;1a;1a;1a;1a;1a;1a;1a;1a;1a
SG1|1a;1a;1a;1a;1a;1a;1a;1a;1a;1a;1a;1a;1a;1a;1a;1a;1a,1,37,orbit10_fp1,wyckoff_orbit,10,1a,3,1,True,torus_fractional_coordinate,1a;1a;1a;1a;1a;1a;1a;1a;1a;1a;1a;1a;1a;1a;1a;1a;1a
SG1|1a;1a;1a;1a;1a;1a;1a;1a;1a;1a;1a;1a;1a;1a;1a;1a;1a,1,38,orbit10_fp2,wyckoff_orbit,10,1a,3,2,True,torus_fractional_coordinate,1a;1a;1a;1a;1a;1a;1a;1a;1a;1a;1a;1a;1a;1a;1a;1a;1a
SG1|1a;1a;1a;1a;1a;1a;1a;1a;1a;1a;1a;1a;1a;1a;1a;1a;1a,1,39,orbit11_fp0,wyckoff_orbit,11,1a,3,0,True,torus_fractional_coordinate,1a;1a;1a;1a;1a;1a;1a;1a;1a;1a;1a;1a;1a;1a;1a;1a;1a
SG1|1a;1a;1a;1a;1a;1a;1a;1a;1a;1a;1a;1a;1a;1a;1a;1a;1a,1,40,orbit11_fp1,wyckoff_orbit,11,1a,3,1,True,torus_fractional_coordinate,1a;1a;1a;1a;1a;1a;1a;1a;1a;1a;1a;1a;1a;1a;1a;1a;1a
SG1|1a;1a;1a;1a;1a;1a;1a;1a;1a;1a;1a;1a;1a;1a;1a;1a;1a,1,41,orbit11_fp2,wyckoff_orbit,11,1a,3,2,True,torus_fractional_coordinate,1a;1a;1a;1a;1a;1a;1a;1a;1a;1a;1a;1a;1a;1a;1a;1a;1a
SG1|1a;1a;1a;1a;1a;1a;1a;1a;1a;1a;1a;1a;1a;1a;1a;1a;1a,1,42,orbit12_fp0,wyckoff_orbit,12,1a,3,0,True,torus_fractional_coordinate,1a;1a;1a;1a;1a;1a;1a;1a;1a;1a;1a;1a;1a;1a;1a;1a;1a
SG1|1a;1a;1a;1a;1a;1a;1a;1a;1a;1a;1a;1a;1a;1a;1a;1a;1a,1,43,orbit12_fp1,wyckoff_orbit,12,1a,3,1,True,torus_fractional_coordinate,1a;1a;1a;1a;1a;1a;1a;1a;1a;1a;1a;1a;1a;1a;1a;1a;1a
SG1|1a;1a;1a;1a;1a;1a;1a;1a;1a;1a;1a;1a;1a;1a;1a;1a;1a,1,44,orbit12_fp2,wyckoff_orbit,12,1a,3,2,True,torus_fractional_coordinate,1a;1a;1a;1a;1a;1a;1a;1a;1a;1a;1a;1a;1a;1a;1a;1a;1a
SG1|1a;1a;1a;1a;1a;1a;1a;1a;1a;1a;1a;1a;1a;1a;1a;1a;1a,1,45,orbit13_fp0,wyckoff_orbit,13,1a,3,0,True,torus_fractional_coordinate,1a;1a;1a;1a;1a;1a;1a;1a;1a;1a;1a;1a;1a;1a;1a;1a;1a
SG1|1a;1a;1a;1a;1a;1a;1a;1a;1a;1a;1a;1a;1a;1a;1a;1a;1a,1,46,orbit13_fp1,wyckoff_orbit,13,1a,3,1,True,torus_fractional_coordinate,1a;1a;1a;1a;1a;1a;1a;1a;1a;1a;1a;1a;1a;1a;1a;1a;1a
SG1|1a;1a;1a;1a;1a;1a;1a;1a;1a;1a;1a;1a;1a;1a;1a;1a;1a,1,47,orbit13_fp2,wyckoff_orbit,13,1a,3,2,True,torus_fractional_coordinate,1a;1a;1a;1a;1a;1a;1a;1a;1a;1a;1a;1a;1a;1a;1a;1a;1a
SG1|1a;1a;1a;1a;1a;1a;1a;1a;1a;1a;1a;1a;1a;1a;1a;1a;1a,1,48,orbit14_fp0,wyckoff_orbit,14,1a,3,0,True,torus_fractional_coordinate,1a;1a;1a;1a;1a;1a;1a;1a;1a;1a;1a;1a;1a;1a;1a;1a;1a
SG1|1a;1a;1a;1a;1a;1a;1a;1a;1a;1a;1a;1a;1a;1a;1a;1a;1a,1,49,orbit14_fp1,wyckoff_orbit,14,1a,3,1,True,torus_fractional_coordinate,1a;1a;1a;1a;1a;1a;1a;1a;1a;1a;1a;1a;1a;1a;1a;1a;1a
SG1|1a;1a;1a;1a;1a;1a;1a;1a;1a;1a;1a;1a;1a;1a;1a;1a;1a,1,50,orbit14_fp2,wyckoff_orbit,14,1a,3,2,True,torus_fractional_coordinate,1a;1a;1a;1a;1a;1a;1a;1a;1a;1a;1a;1a;1a;1a;1a;1a;1a
SG1|1a;1a;1a;1a;1a;1a;1a;1a;1a;1a;1a;1a;1a;1a;1a;1a;1a,1,51,orbit15_fp0,wyckoff_orbit,15,1a,3,0,True,torus_fractional_coordinate,1a;1a;1a;1a;1a;1a;1a;1a;1a;1a;1a;1a;1a;1a;1a;1a;1a
SG1|1a;1a;1a;1a;1a;1a;1a;1a;1a;1a;1a;1a;1a;1a;1a;1a;1a,1,52,orbit15_fp1,wyckoff_orbit,15,1a,3,1,True,torus_fractional_coordinate,1a;1a;1a;1a;1a;1a;1a;1a;1a;1a;1a;1a;1a;1a;1a;1a;1a
SG1|1a;1a;1a;1a;1a;1a;1a;1a;1a;1a;1a;1a;1a;1a;1a;1a;1a,1,53,orbit15_fp2,wyckoff_orbit,15,1a,3,2,True,torus_fractional_coordinate,1a;1a;1a;1a;1a;1a;1a;1a;1a;1a;1a;1a;1a;1a;1a;1a;1a
SG1|1a;1a;1a;1a;1a;1a;1a;1a;1a;1a;1a;1a;1a;1a;1a;1a;1a,1,54,orbit16_fp0,wyckoff_orbit,16,1a,3,0,True,torus_fractional_coordinate,1a;1a;1a;1a;1a;1a;1a;1a;1a;1a;1a;1a;1a;1a;1a;1a;1a
SG1|1a;1a;1a;1a;1a;1a;1a;1a;1a;1a;1a;1a;1a;1a;1a;1a;1a,1,55,orbit16_fp1,wyckoff_orbit,16,1a,3,1,True,torus_fractional_coordinate,1a;1a;1a;1a;1a;1a;1a;1a;1a;1a;1a;1a;1a;1a;1a;1a;1a
SG1|1a;1a;1a;1a;1a;1a;1a;1a;1a;1a;1a;1a;1a;1a;1a;1a;1a,1,56,orbit16_fp2,wyckoff_orbit,16,1a,3,2,True,torus_fractional_coordinate,1a;1a;1a;1a;1a;1a;1a;1a;1a;1a;1a;1a;1a;1a;1a;1a;1a
SG1|1a;1a;1a;1a;1a;1a;1a;1a;1a;1a;1a;1a;1a;1a;1a;1a,1,0,lattice_a,lattice,-1,,0,-1,False,positive_length,1a;1a;1a;1a;1a;1a;1a;1a;1a;1a;1a;1a;1a;1a;1a;1a
SG1|1a;1a;1a;1a;1a;1a;1a;1a;1a;1a;1a;1a;1a;1a;1a;1a,1,1,lattice_b,lattice,-1,,0,-1,False,positive_length,1a;1a;1a;1a;1a;1a;1a;1a;1a;1a;1a;1a;1a;1a;1a;1a
SG1|1a;1a;1a;1a;1a;1a;1a;1a;1a;1a;1a;1a;1a;1a;1a;1a,1,2,lattice_c,lattice,-1,,0,-1,False,positive_length,1a;1a;1a;1a;1a;1a;1a;1a;1a;1a;1a;1a;1a;1a;1a;1a
SG1|1a;1a;1a;1a;1a;1a;1a;1a;1a;1a;1a;1a;1a;1a;1a;1a,1,3,alpha,lattice,-1,,0,-1,False,angle_degree,1a;1a;1a;1a;1a;1a;1a;1a;1a;1a;1a;1a;1a;1a;1a;1a
SG1|1a;1a;1a;1a;1a;1a;1a;1a;1a;1a;1a;1a;1a;1a;1a;1a,1,4,beta,lattice,-1,,0,-1,False,angle_degree,1a;1a;1a;1a;1a;1a;1a;1a;1a;1a;1a;1a;1a;1a;1a;1a
SG1|1a;1a;1a;1a;1a;1a;1a;1a;1a;1a;1a;1a;1a;1a;1a;1a,1,5,gamma,lattice,-1,,0,-1,False,angle_degree,1a;1a;1a;1a;1a;1a;1a;1a;1a;1a;1a;1a;1a;1a;1a;1a
SG1|1a;1a;1a;1a;1a;1a;1a;1a;1a;1a;1a;1a;1a;1a;1a;1a,1,6,orbit0_fp0,wyckoff_orbit,0,1a,3,0,True,torus_fractional_coordinate,1a;1a;1a;1a;1a;1a;1a;1a;1a;1a;1a;1a;1a;1a;1a;1a
SG1|1a;1a;1a;1a;1a;1a;1a;1a;1a;1a;1a;1a;1a;1a;1a;1a,1,7,orbit0_fp1,wyckoff_orbit,0,1a,3,1,True,torus_fractional_coordinate,1a;1a;1a;1a;1a;1a;1a;1a;1a;1a;1a;1a;1a;1a;1a;1a
SG1|1a;1a;1a;1a;1a;1a;1a;1a;1a;1a;1a;1a;1a;1a;1a;1a,1,8,orbit0_fp2,wyckoff_orbit,0,1a,3,2,True,torus_fractional_coordinate,1a;1a;1a;1a;1a;1a;1a;1a;1a;1a;1a;1a;1a;1a;1a;1a
SG1|1a;1a;1a;1a;1a;1a;1a;1a;1a;1a;1a;1a;1a;1a;1a;1a,1,9,orbit1_fp0,wyckoff_orbit,1,1a,3,0,True,torus_fractional_coordinate,1a;1a;1a;1a;1a;1a;1a;1a;1a;1a;1a;1a;1a;1a;1a;1a
SG1|1a;1a;1a;1a;1a;1a;1a;1a;1a;1a;1a;1a;1a;1a;1a;1a,1,10,orbit1_fp1,wyckoff_orbit,1,1a,3,1,True,torus_fractional_coordinate,1a;1a;1a;1a;1a;1a;1a;1a;1a;1a;1a;1a;1a;1a;1a;1a
SG1|1a;1a;1a;1a;1a;1a;1a;1a;1a;1a;1a;1a;1a;1a;1a;1a,1,11,orbit1_fp2,wyckoff_orbit,1,1a,3,2,True,torus_fractional_coordinate,1a;1a;1a;1a;1a;1a;1a;1a;1a;1a;1a;1a;1a;1a;1a;1a
SG1|1a;1a;1a;1a;1a;1a;1a;1a;1a;1a;1a;1a;1a;1a;1a;1a,1,12,orbit2_fp0,wyckoff_orbit,2,1a,3,0,True,torus_fractional_coordinate,1a;1a;1a;1a;1a;1a;1a;1a;1a;1a;1a;1a;1a;1a;1a;1a
SG1|1a;1a;1a;1a;1a;1a;1a;1a;1a;1a;1a;1a;1a;1a;1a;1a,1,13,orbit2_fp1,wyckoff_orbit,2,1a,3,1,True,torus_fractional_coordinate,1a;1a;1a;1a;1a;1a;1a;1a;1a;1a;1a;1a;1a;1a;1a;1a
SG1|1a;1a;1a;1a;1a;1a;1a;1a;1a;1a;1a;1a;1a;1a;1a;1a,1,14,orbit2_fp2,wyckoff_orbit,2,1a,3,2,True,torus_fractional_coordinate,1a;1a;1a;1a;1a;1a;1a;1a;1a;1a;1a;1a;1a;1a;1a;1a
SG1|1a;1a;1a;1a;1a;1a;1a;1a;1a;1a;1a;1a;1a;1a;1a;1a,1,15,orbit3_fp0,wyckoff_orbit,3,1a,3,0,True,torus_fractional_coordinate,1a;1a;1a;1a;1a;1a;1a;1a;1a;1a;1a;1a;1a;1a;1a;1a
SG1|1a;1a;1a;1a;1a;1a;1a;1a;1a;1a;1a;1a;1a;1a;1a;1a,1,16,orbit3_fp1,wyckoff_orbit,3,1a,3,1,True,torus_fractional_coordinate,1a;1a;1a;1a;1a;1a;1a;1a;1a;1a;1a;1a;1a;1a;1a;1a
SG1|1a;1a;1a;1a;1a;1a;1a;1a;1a;1a;1a;1a;1a;1a;1a;1a,1,17,orbit3_fp2,wyckoff_orbit,3,1a,3,2,True,torus_fractional_coordinate,1a;1a;1a;1a;1a;1a;1a;1a;1a;1a;1a;1a;1a;1a;1a;1a
SG1|1a;1a;1a;1a;1a;1a;1a;1a;1a;1a;1a;1a;1a;1a;1a;1a,1,18,orbit4_fp0,wyckoff_orbit,4,1a,3,0,True,torus_fractional_coordinate,1a;1a;1a;1a;1a;1a;1a;1a;1a;1a;1a;1a;1a;1a;1a;1a
SG1|1a;1a;1a;1a;1a;1a;1a;1a;1a;1a;1a;1a;1a;1a;1a;1a,1,19,orbit4_fp1,wyckoff_orbit,4,1a,3,1,True,torus_fractional_coordinate,1a;1a;1a;1a;1a;1a;1a;1a;1a;1a;1a;1a;1a;1a;1a;1a
SG1|1a;1a;1a;1a;1a;1a;1a;1a;1a;1a;1a;1a;1a;1a;1a;1a,1,20,orbit4_fp2,wyckoff_orbit,4,1a,3,2,True,torus_fractional_coordinate,1a;1a;1a;1a;1a;1a;1a;1a;1a;1a;1a;1a;1a;1a;1a;1a
SG1|1a;1a;1a;1a;1a;1a;1a;1a;1a;1a;1a;1a;1a;1a;1a;1a,1,21,orbit5_fp0,wyckoff_orbit,5,1a,3,0,True,torus_fractional_coordinate,1a;1a;1a;1a;1a;1a;1a;1a;1a;1a;1a;1a;1a;1a;1a;1a
SG1|1a;1a;1a;1a;1a;1a;1a;1a;1a;1a;1a;1a;1a;1a;1a;1a,1,22,orbit5_fp1,wyckoff_orbit,5,1a,3,1,True,torus_fractional_coordinate,1a;1a;1a;1a;1a;1a;1a;1a;1a;1a;1a;1a;1a;1a;1a;1a
SG1|1a;1a;1a;1a;1a;1a;1a;1a;1a;1a;1a;1a;1a;1a;1a;1a,1,23,orbit5_fp2,wyckoff_orbit,5,1a,3,2,True,torus_fractional_coordinate,1a;1a;1a;1a;1a;1a;1a;1a;1a;1a;1a;1a;1a;1a;1a;1a
SG1|1a;1a;1a;1a;1a;1a;1a;1a;1a;1a;1a;1a;1a;1a;1a;1a,1,24,orbit6_fp0,wyckoff_orbit,6,1a,3,0,True,torus_fractional_coordinate,1a;1a;1a;1a;1a;1a;1a;1a;1a;1a;1a;1a;1a;1a;1a;1a
SG1|1a;1a;1a;1a;1a;1a;1a;1a;1a;1a;1a;1a;1a;1a;1a;1a,1,25,orbit6_fp1,wyckoff_orbit,6,1a,3,1,True,torus_fractional_coordinate,1a;1a;1a;1a;1a;1a;1a;1a;1a;1a;1a;1a;1a;1a;1a;1a
SG1|1a;1a;1a;1a;1a;1a;1a;1a;1a;1a;1a;1a;1a;1a;1a;1a,1,26,orbit6_fp2,wyckoff_orbit,6,1a,3,2,True,torus_fractional_coordinate,1a;1a;1a;1a;1a;1a;1a;1a;1a;1a;1a;1a;1a;1a;1a;1a
SG1|1a;1a;1a;1a;1a;1a;1a;1a;1a;1a;1a;1a;1a;1a;1a;1a,1,27,orbit7_fp0,wyckoff_orbit,7,1a,3,0,True,torus_fractional_coordinate,1a;1a;1a;1a;1a;1a;1a;1a;1a;1a;1a;1a;1a;1a;1a;1a
SG1|1a;1a;1a;1a;1a;1a;1a;1a;1a;1a;1a;1a;1a;1a;1a;1a,1,28,orbit7_fp1,wyckoff_orbit,7,1a,3,1,True,torus_fractional_coordinate,1a;1a;1a;1a;1a;1a;1a;1a;1a;1a;1a;1a;1a;1a;1a;1a
SG1|1a;1a;1a;1a;1a;1a;1a;1a;1a;1a;1a;1a;1a;1a;1a;1a,1,29,orbit7_fp2,wyckoff_orbit,7,1a,3,2,True,torus_fractional_coordinate,1a;1a;1a;1a;1a;1a;1a;1a;1a;1a;1a;1a;1a;1a;1a;1a
SG1|1a;1a;1a;1a;1a;1a;1a;1a;1a;1a;1a;1a;1a;1a;1a;1a,1,30,orbit8_fp0,wyckoff_orbit,8,1a,3,0,True,torus_fractional_coordinate,1a;1a;1a;1a;1a;1a;1a;1a;1a;1a;1a;1a;1a;1a;1a;1a
SG1|1a;1a;1a;1a;1a;1a;1a;1a;1a;1a;1a;1a;1a;1a;1a;1a,1,31,orbit8_fp1,wyckoff_orbit,8,1a,3,1,True,torus_fractional_coordinate,1a;1a;1a;1a;1a;1a;1a;1a;1a;1a;1a;1a;1a;1a;1a;1a
SG1|1a;1a;1a;1a;1a;1a;1a;1a;1a;1a;1a;1a;1a;1a;1a;1a,1,32,orbit8_fp2,wyckoff_orbit,8,1a,3,2,True,torus_fractional_coordinate,1a;1a;1a;1a;1a;1a;1a;1a;1a;1a;1a;1a;1a;1a;1a;1a
SG1|1a;1a;1a;1a;1a;1a;1a;1a;1a;1a;1a;1a;1a;1a;1a;1a,1,33,orbit9_fp0,wyckoff_orbit,9,1a,3,0,True,torus_fractional_coordinate,1a;1a;1a;1a;1a;1a;1a;1a;1a;1a;1a;1a;1a;1a;1a;1a
SG1|1a;1a;1a;1a;1a;1a;1a;1a;1a;1a;1a;1a;1a;1a;1a;1a,1,34,orbit9_fp1,wyckoff_orbit,9,1a,3,1,True,torus_fractional_coordinate,1a;1a;1a;1a;1a;1a;1a;1a;1a;1a;1a;1a;1a;1a;1a;1a
SG1|1a;1a;1a;1a;1a;1a;1a;1a;1a;1a;1a;1a;1a;1a;1a;1a,1,35,orbit9_fp2,wyckoff_orbit,9,1a,3,2,True,torus_fractional_coordinate,1a;1a;1a;1a;1a;1a;1a;1a;1a;1a;1a;1a;1a;1a;1a;1a
SG1|1a;1a;1a;1a;1a;1a;1a;1a;1a;1a;1a;1a;1a;1a;1a;1a,1,36,orbit10_fp0,wyckoff_orbit,10,1a,3,0,True,torus_fractional_coordinate,1a;1a;1a;1a;1a;1a;1a;1a;1a;1a;1a;1a;1a;1a;1a;1a
SG1|1a;1a;1a;1a;1a;1a;1a;1a;1a;1a;1a;1a;1a;1a;1a;1a,1,37,orbit10_fp1,wyckoff_orbit,10,1a,3,1,True,torus_fractional_coordinate,1a;1a;1a;1a;1a;1a;1a;1a;1a;1a;1a;1a;1a;1a;1a;1a
SG1|1a;1a;1a;1a;1a;1a;1a;1a;1a;1a;1a;1a;1a;1a;1a;1a,1,38,orbit10_fp2,wyckoff_orbit,10,1a,3,2,True,torus_fractional_coordinate,1a;1a;1a;1a;1a;1a;1a;1a;1a;1a;1a;1a;1a;1a;1a;1a
SG1|1a;1a;1a;1a;1a;1a;1a;1a;1a;1a;1a;1a;1a;1a;1a;1a,1,39,orbit11_fp0,wyckoff_orbit,11,1a,3,0,True,torus_fractional_coordinate,1a;1a;1a;1a;1a;1a;1a;1a;1a;1a;1a;1a;1a;1a;1a;1a
SG1|1a;1a;1a;1a;1a;1a;1a;1a;1a;1a;1a;1a;1a;1a;1a;1a,1,40,orbit11_fp1,wyckoff_orbit,11,1a,3,1,True,torus_fractional_coordinate,1a;1a;1a;1a;1a;1a;1a;1a;1a;1a;1a;1a;1a;1a;1a;1a
SG1|1a;1a;1a;1a;1a;1a;1a;1a;1a;1a;1a;1a;1a;1a;1a;1a,1,41,orbit11_fp2,wyckoff_orbit,11,1a,3,2,True,torus_fractional_coordinate,1a;1a;1a;1a;1a;1a;1a;1a;1a;1a;1a;1a;1a;1a;1a;1a
SG1|1a;1a;1a;1a;1a;1a;1a;1a;1a;1a;1a;1a;1a;1a;1a;1a,1,42,orbit12_fp0,wyckoff_orbit,12,1a,3,0,True,torus_fractional_coordinate,1a;1a;1a;1a;1a;1a;1a;1a;1a;1a;1a;1a;1a;1a;1a;1a
SG1|1a;1a;1a;1a;1a;1a;1a;1a;1a;1a;1a;1a;1a;1a;1a;1a,1,43,orbit12_fp1,wyckoff_orbit,12,1a,3,1,True,torus_fractional_coordinate,1a;1a;1a;1a;1a;1a;1a;1a;1a;1a;1a;1a;1a;1a;1a;1a
SG1|1a;1a;1a;1a;1a;1a;1a;1a;1a;1a;1a;1a;1a;1a;1a;1a,1,44,orbit12_fp2,wyckoff_orbit,12,1a,3,2,True,torus_fractional_coordinate,1a;1a;1a;1a;1a;1a;1a;1a;1a;1a;1a;1a;1a;1a;1a;1a
SG1|1a;1a;1a;1a;1a;1a;1a;1a;1a;1a;1a;1a;1a;1a;1a;1a,1,45,orbit13_fp0,wyckoff_orbit,13,1a,3,0,True,torus_fractional_coordinate,1a;1a;1a;1a;1a;1a;1a;1a;1a;1a;1a;1a;1a;1a;1a;1a
SG1|1a;1a;1a;1a;1a;1a;1a;1a;1a;1a;1a;1a;1a;1a;1a;1a,1,46,orbit13_fp1,wyckoff_orbit,13,1a,3,1,True,torus_fractional_coordinate,1a;1a;1a;1a;1a;1a;1a;1a;1a;1a;1a;1a;1a;1a;1a;1a
SG1|1a;1a;1a;1a;1a;1a;1a;1a;1a;1a;1a;1a;1a;1a;1a;1a,1,47,orbit13_fp2,wyckoff_orbit,13,1a,3,2,True,torus_fractional_coordinate,1a;1a;1a;1a;1a;1a;1a;1a;1a;1a;1a;1a;1a;1a;1a;1a
SG1|1a;1a;1a;1a;1a;1a;1a;1a;1a;1a;1a;1a;1a;1a;1a;1a,1,48,orbit14_fp0,wyckoff_orbit,14,1a,3,0,True,torus_fractional_coordinate,1a;1a;1a;1a;1a;1a;1a;1a;1a;1a;1a;1a;1a;1a;1a;1a
SG1|1a;1a;1a;1a;1a;1a;1a;1a;1a;1a;1a;1a;1a;1a;1a;1a,1,49,orbit14_fp1,wyckoff_orbit,14,1a,3,1,True,torus_fractional_coordinate,1a;1a;1a;1a;1a;1a;1a;1a;1a;1a;1a;1a;1a;1a;1a;1a
SG1|1a;1a;1a;1a;1a;1a;1a;1a;1a;1a;1a;1a;1a;1a;1a;1a,1,50,orbit14_fp2,wyckoff_orbit,14,1a,3,2,True,torus_fractional_coordinate,1a;1a;1a;1a;1a;1a;1a;1a;1a;1a;1a;1a;1a;1a;1a;1a
SG1|1a;1a;1a;1a;1a;1a;1a;1a;1a;1a;1a;1a;1a;1a;1a;1a,1,51,orbit15_fp0,wyckoff_orbit,15,1a,3,0,True,torus_fractional_coordinate,1a;1a;1a;1a;1a;1a;1a;1a;1a;1a;1a;1a;1a;1a;1a;1a
SG1|1a;1a;1a;1a;1a;1a;1a;1a;1a;1a;1a;1a;1a;1a;1a;1a,1,52,orbit15_fp1,wyckoff_orbit,15,1a,3,1,True,torus_fractional_coordinate,1a;1a;1a;1a;1a;1a;1a;1a;1a;1a;1a;1a;1a;1a;1a;1a
SG1|1a;1a;1a;1a;1a;1a;1a;1a;1a;1a;1a;1a;1a;1a;1a;1a,1,53,orbit15_fp2,wyckoff_orbit,15,1a,3,2,True,torus_fractional_coordinate,1a;1a;1a;1a;1a;1a;1a;1a;1a;1a;1a;1a;1a;1a;1a;1a
SG1|1a;1a;1a;1a;1a;1a;1a;1a;1a;1a;1a;1a;1a;1a;1a,1,0,lattice_a,lattice,-1,,0,-1,False,positive_length,1a;1a;1a;1a;1a;1a;1a;1a;1a;1a;1a;1a;1a;1a;1a
SG1|1a;1a;1a;1a;1a;1a;1a;1a;1a;1a;1a;1a;1a;1a;1a,1,1,lattice_b,lattice,-1,,0,-1,False,positive_length,1a;1a;1a;1a;1a;1a;1a;1a;1a;1a;1a;1a;1a;1a;1a
SG1|1a;1a;1a;1a;1a;1a;1a;1a;1a;1a;1a;1a;1a;1a;1a,1,2,lattice_c,lattice,-1,,0,-1,False,positive_length,1a;1a;1a;1a;1a;1a;1a;1a;1a;1a;1a;1a;1a;1a;1a
SG1|1a;1a;1a;1a;1a;1a;1a;1a;1a;1a;1a;1a;1a;1a;1a,1,3,alpha,lattice,-1,,0,-1,False,angle_degree,1a;1a;1a;1a;1a;1a;1a;1a;1a;1a;1a;1a;1a;1a;1a
SG1|1a;1a;1a;1a;1a;1a;1a;1a;1a;1a;1a;1a;1a;1a;1a,1,4,beta,lattice,-1,,0,-1,False,angle_degree,1a;1a;1a;1a;1a;1a;1a;1a;1a;1a;1a;1a;1a;1a;1a
SG1|1a;1a;1a;1a;1a;1a;1a;1a;1a;1a;1a;1a;1a;1a;1a,1,5,gamma,lattice,-1,,0,-1,False,angle_degree,1a;1a;1a;1a;1a;1a;1a;1a;1a;1a;1a;1a;1a;1a;1a
SG1|1a;1a;1a;1a;1a;1a;1a;1a;1a;1a;1a;1a;1a;1a;1a,1,6,orbit0_fp0,wyckoff_orbit,0,1a,3,0,True,torus_fractional_coordinate,1a;1a;1a;1a;1a;1a;1a;1a;1a;1a;1a;1a;1a;1a;1a
SG1|1a;1a;1a;1a;1a;1a;1a;1a;1a;1a;1a;1a;1a;1a;1a,1,7,orbit0_fp1,wyckoff_orbit,0,1a,3,1,True,torus_fractional_coordinate,1a;1a;1a;1a;1a;1a;1a;1a;1a;1a;1a;1a;1a;1a;1a
SG1|1a;1a;1a;1a;1a;1a;1a;1a;1a;1a;1a;1a;1a;1a;1a,1,8,orbit0_fp2,wyckoff_orbit,0,1a,3,2,True,torus_fractional_coordinate,1a;1a;1a;1a;1a;1a;1a;1a;1a;1a;1a;1a;1a;1a;1a
SG1|1a;1a;1a;1a;1a;1a;1a;1a;1a;1a;1a;1a;1a;1a;1a,1,9,orbit1_fp0,wyckoff_orbit,1,1a,3,0,True,torus_fractional_coordinate,1a;1a;1a;1a;1a;1a;1a;1a;1a;1a;1a;1a;1a;1a;1a
SG1|1a;1a;1a;1a;1a;1a;1a;1a;1a;1a;1a;1a;1a;1a;1a,1,10,orbit1_fp1,wyckoff_orbit,1,1a,3,1,True,torus_fractional_coordinate,1a;1a;1a;1a;1a;1a;1a;1a;1a;1a;1a;1a;1a;1a;1a
SG1|1a;1a;1a;1a;1a;1a;1a;1a;1a;1a;1a;1a;1a;1a;1a,1,11,orbit1_fp2,wyckoff_orbit,1,1a,3,2,True,torus_fractional_coordinate,1a;1a;1a;1a;1a;1a;1a;1a;1a;1a;1a;1a;1a;1a;1a
SG1|1a;1a;1a;1a;1a;1a;1a;1a;1a;1a;1a;1a;1a;1a;1a,1,12,orbit2_fp0,wyckoff_orbit,2,1a,3,0,True,torus_fractional_coordinate,1a;1a;1a;1a;1a;1a;1a;1a;1a;1a;1a;1a;1a;1a;1a
SG1|1a;1a;1a;1a;1a;1a;1a;1a;1a;1a;1a;1a;1a;1a;1a,1,13,orbit2_fp1,wyckoff_orbit,2,1a,3,1,True,torus_fractional_coordinate,1a;1a;1a;1a;1a;1a;1a;1a;1a;1a;1a;1a;1a;1a;1a
SG1|1a;1a;1a;1a;1a;1a;1a;1a;1a;1a;1a;1a;1a;1a;1a,1,14,orbit2_fp2,wyckoff_orbit,2,1a,3,2,True,torus_fractional_coordinate,1a;1a;1a;1a;1a;1a;1a;1a;1a;1a;1a;1a;1a;1a;1a
SG1|1a;1a;1a;1a;1a;1a;1a;1a;1a;1a;1a;1a;1a;1a;1a,1,15,orbit3_fp0,wyckoff_orbit,3,1a,3,0,True,torus_fractional_coordinate,1a;1a;1a;1a;1a;1a;1a;1a;1a;1a;1a;1a;1a;1a;1a
SG1|1a;1a;1a;1a;1a;1a;1a;1a;1a;1a;1a;1a;1a;1a;1a,1,16,orbit3_fp1,wyckoff_orbit,3,1a,3,1,True,torus_fractional_coordinate,1a;1a;1a;1a;1a;1a;1a;1a;1a;1a;1a;1a;1a;1a;1a
SG1|1a;1a;1a;1a;1a;1a;1a;1a;1a;1a;1a;1a;1a;1a;1a,1,17,orbit3_fp2,wyckoff_orbit,3,1a,3,2,True,torus_fractional_coordinate,1a;1a;1a;1a;1a;1a;1a;1a;1a;1a;1a;1a;1a;1a;1a
SG1|1a;1a;1a;1a;1a;1a;1a;1a;1a;1a;1a;1a;1a;1a;1a,1,18,orbit4_fp0,wyckoff_orbit,4,1a,3,0,True,torus_fractional_coordinate,1a;1a;1a;1a;1a;1a;1a;1a;1a;1a;1a;1a;1a;1a;1a
SG1|1a;1a;1a;1a;1a;1a;1a;1a;1a;1a;1a;1a;1a;1a;1a,1,19,orbit4_fp1,wyckoff_orbit,4,1a,3,1,True,torus_fractional_coordinate,1a;1a;1a;1a;1a;1a;1a;1a;1a;1a;1a;1a;1a;1a;1a
SG1|1a;1a;1a;1a;1a;1a;1a;1a;1a;1a;1a;1a;1a;1a;1a,1,20,orbit4_fp2,wyckoff_orbit,4,1a,3,2,True,torus_fractional_coordinate,1a;1a;1a;1a;1a;1a;1a;1a;1a;1a;1a;1a;1a;1a;1a
SG1|1a;1a;1a;1a;1a;1a;1a;1a;1a;1a;1a;1a;1a;1a;1a,1,21,orbit5_fp0,wyckoff_orbit,5,1a,3,0,True,torus_fractional_coordinate,1a;1a;1a;1a;1a;1a;1a;1a;1a;1a;1a;1a;1a;1a;1a
SG1|1a;1a;1a;1a;1a;1a;1a;1a;1a;1a;1a;1a;1a;1a;1a,1,22,orbit5_fp1,wyckoff_orbit,5,1a,3,1,True,torus_fractional_coordinate,1a;1a;1a;1a;1a;1a;1a;1a;1a;1a;1a;1a;1a;1a;1a
SG1|1a;1a;1a;1a;1a;1a;1a;1a;1a;1a;1a;1a;1a;1a;1a,1,23,orbit5_fp2,wyckoff_orbit,5,1a,3,2,True,torus_fractional_coordinate,1a;1a;1a;1a;1a;1a;1a;1a;1a;1a;1a;1a;1a;1a;1a
SG1|1a;1a;1a;1a;1a;1a;1a;1a;1a;1a;1a;1a;1a;1a;1a,1,24,orbit6_fp0,wyckoff_orbit,6,1a,3,0,True,torus_fractional_coordinate,1a;1a;1a;1a;1a;1a;1a;1a;1a;1a;1a;1a;1a;1a;1a
SG1|1a;1a;1a;1a;1a;1a;1a;1a;1a;1a;1a;1a;1a;1a;1a,1,25,orbit6_fp1,wyckoff_orbit,6,1a,3,1,True,torus_fractional_coordinate,1a;1a;1a;1a;1a;1a;1a;1a;1a;1a;1a;1a;1a;1a;1a
SG1|1a;1a;1a;1a;1a;1a;1a;1a;1a;1a;1a;1a;1a;1a;1a,1,26,orbit6_fp2,wyckoff_orbit,6,1a,3,2,True,torus_fractional_coordinate,1a;1a;1a;1a;1a;1a;1a;1a;1a;1a;1a;1a;1a;1a;1a
SG1|1a;1a;1a;1a;1a;1a;1a;1a;1a;1a;1a;1a;1a;1a;1a,1,27,orbit7_fp0,wyckoff_orbit,7,1a,3,0,True,torus_fractional_coordinate,1a;1a;1a;1a;1a;1a;1a;1a;1a;1a;1a;1a;1a;1a;1a
SG1|1a;1a;1a;1a;1a;1a;1a;1a;1a;1a;1a;1a;1a;1a;1a,1,28,orbit7_fp1,wyckoff_orbit,7,1a,3,1,True,torus_fractional_coordinate,1a;1a;1a;1a;1a;1a;1a;1a;1a;1a;1a;1a;1a;1a;1a
SG1|1a;1a;1a;1a;1a;1a;1a;1a;1a;1a;1a;1a;1a;1a;1a,1,29,orbit7_fp2,wyckoff_orbit,7,1a,3,2,True,torus_fractional_coordinate,1a;1a;1a;1a;1a;1a;1a;1a;1a;1a;1a;1a;1a;1a;1a
SG1|1a;1a;1a;1a;1a;1a;1a;1a;1a;1a;1a;1a;1a;1a;1a,1,30,orbit8_fp0,wyckoff_orbit,8,1a,3,0,True,torus_fractional_coordinate,1a;1a;1a;1a;1a;1a;1a;1a;1a;1a;1a;1a;1a;1a;1a
SG1|1a;1a;1a;1a;1a;1a;1a;1a;1a;1a;1a;1a;1a;1a;1a,1,31,orbit8_fp1,wyckoff_orbit,8,1a,3,1,True,torus_fractional_coordinate,1a;1a;1a;1a;1a;1a;1a;1a;1a;1a;1a;1a;1a;1a;1a
SG1|1a;1a;1a;1a;1a;1a;1a;1a;1a;1a;1a;1a;1a;1a;1a,1,32,orbit8_fp2,wyckoff_orbit,8,1a,3,2,True,torus_fractional_coordinate,1a;1a;1a;1a;1a;1a;1a;1a;1a;1a;1a;1a;1a;1a;1a
SG1|1a;1a;1a;1a;1a;1a;1a;1a;1a;1a;1a;1a;1a;1a;1a,1,33,orbit9_fp0,wyckoff_orbit,9,1a,3,0,True,torus_fractional_coordinate,1a;1a;1a;1a;1a;1a;1a;1a;1a;1a;1a;1a;1a;1a;1a
SG1|1a;1a;1a;1a;1a;1a;1a;1a;1a;1a;1a;1a;1a;1a;1a,1,34,orbit9_fp1,wyckoff_orbit,9,1a,3,1,True,torus_fractional_coordinate,1a;1a;1a;1a;1a;1a;1a;1a;1a;1a;1a;1a;1a;1a;1a
SG1|1a;1a;1a;1a;1a;1a;1a;1a;1a;1a;1a;1a;1a;1a;1a,1,35,orbit9_fp2,wyckoff_orbit,9,1a,3,2,True,torus_fractional_coordinate,1a;1a;1a;1a;1a;1a;1a;1a;1a;1a;1a;1a;1a;1a;1a
SG1|1a;1a;1a;1a;1a;1a;1a;1a;1a;1a;1a;1a;1a;1a;1a,1,36,orbit10_fp0,wyckoff_orbit,10,1a,3,0,True,torus_fractional_coordinate,1a;1a;1a;1a;1a;1a;1a;1a;1a;1a;1a;1a;1a;1a;1a
SG1|1a;1a;1a;1a;1a;1a;1a;1a;1a;1a;1a;1a;1a;1a;1a,1,37,orbit10_fp1,wyckoff_orbit,10,1a,3,1,True,torus_fractional_coordinate,1a;1a;1a;1a;1a;1a;1a;1a;1a;1a;1a;1a;1a;1a;1a
SG1|1a;1a;1a;1a;1a;1a;1a;1a;1a;1a;1a;1a;1a;1a;1a,1,38,orbit10_fp2,wyckoff_orbit,10,1a,3,2,True,torus_fractional_coordinate,1a;1a;1a;1a;1a;1a;1a;1a;1a;1a;1a;1a;1a;1a;1a
SG1|1a;1a;1a;1a;1a;1a;1a;1a;1a;1a;1a;1a;1a;1a;1a,1,39,orbit11_fp0,wyckoff_orbit,11,1a,3,0,True,torus_fractional_coordinate,1a;1a;1a;1a;1a;1a;1a;1a;1a;1a;1a;1a;1a;1a;1a
SG1|1a;1a;1a;1a;1a;1a;1a;1a;1a;1a;1a;1a;1a;1a;1a,1,40,orbit11_fp1,wyckoff_orbit,11,1a,3,1,True,torus_fractional_coordinate,1a;1a;1a;1a;1a;1a;1a;1a;1a;1a;1a;1a;1a;1a;1a
SG1|1a;1a;1a;1a;1a;1a;1a;1a;1a;1a;1a;1a;1a;1a;1a,1,41,orbit11_fp2,wyckoff_orbit,11,1a,3,2,True,torus_fractional_coordinate,1a;1a;1a;1a;1a;1a;1a;1a;1a;1a;1a;1a;1a;1a;1a
SG1|1a;1a;1a;1a;1a;1a;1a;1a;1a;1a;1a;1a;1a;1a;1a,1,42,orbit12_fp0,wyckoff_orbit,12,1a,3,0,True,torus_fractional_coordinate,1a;1a;1a;1a;1a;1a;1a;1a;1a;1a;1a;1a;1a;1a;1a
SG1|1a;1a;1a;1a;1a;1a;1a;1a;1a;1a;1a;1a;1a;1a;1a,1,43,orbit12_fp1,wyckoff_orbit,12,1a,3,1,True,torus_fractional_coordinate,1a;1a;1a;1a;1a;1a;1a;1a;1a;1a;1a;1a;1a;1a;1a
SG1|1a;1a;1a;1a;1a;1a;1a;1a;1a;1a;1a;1a;1a;1a;1a,1,44,orbit12_fp2,wyckoff_orbit,12,1a,3,2,True,torus_fractional_coordinate,1a;1a;1a;1a;1a;1a;1a;1a;1a;1a;1a;1a;1a;1a;1a
SG1|1a;1a;1a;1a;1a;1a;1a;1a;1a;1a;1a;1a;1a;1a;1a,1,45,orbit13_fp0,wyckoff_orbit,13,1a,3,0,True,torus_fractional_coordinate,1a;1a;1a;1a;1a;1a;1a;1a;1a;1a;1a;1a;1a;1a;1a
SG1|1a;1a;1a;1a;1a;1a;1a;1a;1a;1a;1a;1a;1a;1a;1a,1,46,orbit13_fp1,wyckoff_orbit,13,1a,3,1,True,torus_fractional_coordinate,1a;1a;1a;1a;1a;1a;1a;1a;1a;1a;1a;1a;1a;1a;1a
SG1|1a;1a;1a;1a;1a;1a;1a;1a;1a;1a;1a;1a;1a;1a;1a,1,47,orbit13_fp2,wyckoff_orbit,13,1a,3,2,True,torus_fractional_coordinate,1a;1a;1a;1a;1a;1a;1a;1a;1a;1a;1a;1a;1a;1a;1a
SG1|1a;1a;1a;1a;1a;1a;1a;1a;1a;1a;1a;1a;1a;1a;1a,1,48,orbit14_fp0,wyckoff_orbit,14,1a,3,0,True,torus_fractional_coordinate,1a;1a;1a;1a;1a;1a;1a;1a;1a;1a;1a;1a;1a;1a;1a
SG1|1a;1a;1a;1a;1a;1a;1a;1a;1a;1a;1a;1a;1a;1a;1a,1,49,orbit14_fp1,wyckoff_orbit,14,1a,3,1,True,torus_fractional_coordinate,1a;1a;1a;1a;1a;1a;1a;1a;1a;1a;1a;1a;1a;1a;1a
SG1|1a;1a;1a;1a;1a;1a;1a;1a;1a;1a;1a;1a;1a;1a;1a,1,50,orbit14_fp2,wyckoff_orbit,14,1a,3,2,True,torus_fractional_coordinate,1a;1a;1a;1a;1a;1a;1a;1a;1a;1a;1a;1a;1a;1a;1a
SG1|1a;1a;1a;1a;1a;1a;1a;1a;1a;1a;1a;1a;1a;1a,1,0,lattice_a,lattice,-1,,0,-1,False,positive_length,1a;1a;1a;1a;1a;1a;1a;1a;1a;1a;1a;1a;1a;1a
SG1|1a;1a;1a;1a;1a;1a;1a;1a;1a;1a;1a;1a;1a;1a,1,1,lattice_b,lattice,-1,,0,-1,False,positive_length,1a;1a;1a;1a;1a;1a;1a;1a;1a;1a;1a;1a;1a;1a
SG1|1a;1a;1a;1a;1a;1a;1a;1a;1a;1a;1a;1a;1a;1a,1,2,lattice_c,lattice,-1,,0,-1,False,positive_length,1a;1a;1a;1a;1a;1a;1a;1a;1a;1a;1a;1a;1a;1a
SG1|1a;1a;1a;1a;1a;1a;1a;1a;1a;1a;1a;1a;1a;1a,1,3,alpha,lattice,-1,,0,-1,False,angle_degree,1a;1a;1a;1a;1a;1a;1a;1a;1a;1a;1a;1a;1a;1a
SG1|1a;1a;1a;1a;1a;1a;1a;1a;1a;1a;1a;1a;1a;1a,1,4,beta,lattice,-1,,0,-1,False,angle_degree,1a;1a;1a;1a;1a;1a;1a;1a;1a;1a;1a;1a;1a;1a
SG1|1a;1a;1a;1a;1a;1a;1a;1a;1a;1a;1a;1a;1a;1a,1,5,gamma,lattice,-1,,0,-1,False,angle_degree,1a;1a;1a;1a;1a;1a;1a;1a;1a;1a;1a;1a;1a;1a
SG1|1a;1a;1a;1a;1a;1a;1a;1a;1a;1a;1a;1a;1a;1a,1,6,orbit0_fp0,wyckoff_orbit,0,1a,3,0,True,torus_fractional_coordinate,1a;1a;1a;1a;1a;1a;1a;1a;1a;1a;1a;1a;1a;1a
SG1|1a;1a;1a;1a;1a;1a;1a;1a;1a;1a;1a;1a;1a;1a,1,7,orbit0_fp1,wyckoff_orbit,0,1a,3,1,True,torus_fractional_coordinate,1a;1a;1a;1a;1a;1a;1a;1a;1a;1a;1a;1a;1a;1a
SG1|1a;1a;1a;1a;1a;1a;1a;1a;1a;1a;1a;1a;1a;1a,1,8,orbit0_fp2,wyckoff_orbit,0,1a,3,2,True,torus_fractional_coordinate,1a;1a;1a;1a;1a;1a;1a;1a;1a;1a;1a;1a;1a;1a
SG1|1a;1a;1a;1a;1a;1a;1a;1a;1a;1a;1a;1a;1a;1a,1,9,orbit1_fp0,wyckoff_orbit,1,1a,3,0,True,torus_fractional_coordinate,1a;1a;1a;1a;1a;1a;1a;1a;1a;1a;1a;1a;1a;1a
SG1|1a;1a;1a;1a;1a;1a;1a;1a;1a;1a;1a;1a;1a;1a,1,10,orbit1_fp1,wyckoff_orbit,1,1a,3,1,True,torus_fractional_coordinate,1a;1a;1a;1a;1a;1a;1a;1a;1a;1a;1a;1a;1a;1a
SG1|1a;1a;1a;1a;1a;1a;1a;1a;1a;1a;1a;1a;1a;1a,1,11,orbit1_fp2,wyckoff_orbit,1,1a,3,2,True,torus_fractional_coordinate,1a;1a;1a;1a;1a;1a;1a;1a;1a;1a;1a;1a;1a;1a
SG1|1a;1a;1a;1a;1a;1a;1a;1a;1a;1a;1a;1a;1a;1a,1,12,orbit2_fp0,wyckoff_orbit,2,1a,3,0,True,torus_fractional_coordinate,1a;1a;1a;1a;1a;1a;1a;1a;1a;1a;1a;1a;1a;1a
SG1|1a;1a;1a;1a;1a;1a;1a;1a;1a;1a;1a;1a;1a;1a,1,13,orbit2_fp1,wyckoff_orbit,2,1a,3,1,True,torus_fractional_coordinate,1a;1a;1a;1a;1a;1a;1a;1a;1a;1a;1a;1a;1a;1a
SG1|1a;1a;1a;1a;1a;1a;1a;1a;1a;1a;1a;1a;1a;1a,1,14,orbit2_fp2,wyckoff_orbit,2,1a,3,2,True,torus_fractional_coordinate,1a;1a;1a;1a;1a;1a;1a;1a;1a;1a;1a;1a;1a;1a
SG1|1a;1a;1a;1a;1a;1a;1a;1a;1a;1a;1a;1a;1a;1a,1,15,orbit3_fp0,wyckoff_orbit,3,1a,3,0,True,torus_fractional_coordinate,1a;1a;1a;1a;1a;1a;1a;1a;1a;1a;1a;1a;1a;1a
SG1|1a;1a;1a;1a;1a;1a;1a;1a;1a;1a;1a;1a;1a;1a,1,16,orbit3_fp1,wyckoff_orbit,3,1a,3,1,True,torus_fractional_coordinate,1a;1a;1a;1a;1a;1a;1a;1a;1a;1a;1a;1a;1a;1a
SG1|1a;1a;1a;1a;1a;1a;1a;1a;1a;1a;1a;1a;1a;1a,1,17,orbit3_fp2,wyckoff_orbit,3,1a,3,2,True,torus_fractional_coordinate,1a;1a;1a;1a;1a;1a;1a;1a;1a;1a;1a;1a;1a;1a
SG1|1a;1a;1a;1a;1a;1a;1a;1a;1a;1a;1a;1a;1a;1a,1,18,orbit4_fp0,wyckoff_orbit,4,1a,3,0,True,torus_fractional_coordinate,1a;1a;1a;1a;1a;1a;1a;1a;1a;1a;1a;1a;1a;1a
SG1|1a;1a;1a;1a;1a;1a;1a;1a;1a;1a;1a;1a;1a;1a,1,19,orbit4_fp1,wyckoff_orbit,4,1a,3,1,True,torus_fractional_coordinate,1a;1a;1a;1a;1a;1a;1a;1a;1a;1a;1a;1a;1a;1a
SG1|1a;1a;1a;1a;1a;1a;1a;1a;1a;1a;1a;1a;1a;1a,1,20,orbit4_fp2,wyckoff_orbit,4,1a,3,2,True,torus_fractional_coordinate,1a;1a;1a;1a;1a;1a;1a;1a;1a;1a;1a;1a;1a;1a
SG1|1a;1a;1a;1a;1a;1a;1a;1a;1a;1a;1a;1a;1a;1a,1,21,orbit5_fp0,wyckoff_orbit,5,1a,3,0,True,torus_fractional_coordinate,1a;1a;1a;1a;1a;1a;1a;1a;1a;1a;1a;1a;1a;1a
SG1|1a;1a;1a;1a;1a;1a;1a;1a;1a;1a;1a;1a;1a;1a,1,22,orbit5_fp1,wyckoff_orbit,5,1a,3,1,True,torus_fractional_coordinate,1a;1a;1a;1a;1a;1a;1a;1a;1a;1a;1a;1a;1a;1a
SG1|1a;1a;1a;1a;1a;1a;1a;1a;1a;1a;1a;1a;1a;1a,1,23,orbit5_fp2,wyckoff_orbit,5,1a,3,2,True,torus_fractional_coordinate,1a;1a;1a;1a;1a;1a;1a;1a;1a;1a;1a;1a;1a;1a
SG1|1a;1a;1a;1a;1a;1a;1a;1a;1a;1a;1a;1a;1a;1a,1,24,orbit6_fp0,wyckoff_orbit,6,1a,3,0,True,torus_fractional_coordinate,1a;1a;1a;1a;1a;1a;1a;1a;1a;1a;1a;1a;1a;1a
SG1|1a;1a;1a;1a;1a;1a;1a;1a;1a;1a;1a;1a;1a;1a,1,25,orbit6_fp1,wyckoff_orbit,6,1a,3,1,True,torus_fractional_coordinate,1a;1a;1a;1a;1a;1a;1a;1a;1a;1a;1a;1a;1a;1a
SG1|1a;1a;1a;1a;1a;1a;1a;1a;1a;1a;1a;1a;1a;1a,1,26,orbit6_fp2,wyckoff_orbit,6,1a,3,2,True,torus_fractional_coordinate,1a;1a;1a;1a;1a;1a;1a;1a;1a;1a;1a;1a;1a;1a
SG1|1a;1a;1a;1a;1a;1a;1a;1a;1a;1a;1a;1a;1a;1a,1,27,orbit7_fp0,wyckoff_orbit,7,1a,3,0,True,torus_fractional_coordinate,1a;1a;1a;1a;1a;1a;1a;1a;1a;1a;1a;1a;1a;1a
SG1|1a;1a;1a;1a;1a;1a;1a;1a;1a;1a;1a;1a;1a;1a,1,28,orbit7_fp1,wyckoff_orbit,7,1a,3,1,True,torus_fractional_coordinate,1a;1a;1a;1a;1a;1a;1a;1a;1a;1a;1a;1a;1a;1a
SG1|1a;1a;1a;1a;1a;1a;1a;1a;1a;1a;1a;1a;1a;1a,1,29,orbit7_fp2,wyckoff_orbit,7,1a,3,2,True,torus_fractional_coordinate,1a;1a;1a;1a;1a;1a;1a;1a;1a;1a;1a;1a;1a;1a
SG1|1a;1a;1a;1a;1a;1a;1a;1a;1a;1a;1a;1a;1a;1a,1,30,orbit8_fp0,wyckoff_orbit,8,1a,3,0,True,torus_fractional_coordinate,1a;1a;1a;1a;1a;1a;1a;1a;1a;1a;1a;1a;1a;1a
SG1|1a;1a;1a;1a;1a;1a;1a;1a;1a;1a;1a;1a;1a;1a,1,31,orbit8_fp1,wyckoff_orbit,8,1a,3,1,True,torus_fractional_coordinate,1a;1a;1a;1a;1a;1a;1a;1a;1a;1a;1a;1a;1a;1a
SG1|1a;1a;1a;1a;1a;1a;1a;1a;1a;1a;1a;1a;1a;1a,1,32,orbit8_fp2,wyckoff_orbit,8,1a,3,2,True,torus_fractional_coordinate,1a;1a;1a;1a;1a;1a;1a;1a;1a;1a;1a;1a;1a;1a
SG1|1a;1a;1a;1a;1a;1a;1a;1a;1a;1a;1a;1a;1a;1a,1,33,orbit9_fp0,wyckoff_orbit,9,1a,3,0,True,torus_fractional_coordinate,1a;1a;1a;1a;1a;1a;1a;1a;1a;1a;1a;1a;1a;1a
SG1|1a;1a;1a;1a;1a;1a;1a;1a;1a;1a;1a;1a;1a;1a,1,34,orbit9_fp1,wyckoff_orbit,9,1a,3,1,True,torus_fractional_coordinate,1a;1a;1a;1a;1a;1a;1a;1a;1a;1a;1a;1a;1a;1a
SG1|1a;1a;1a;1a;1a;1a;1a;1a;1a;1a;1a;1a;1a;1a,1,35,orbit9_fp2,wyckoff_orbit,9,1a,3,2,True,torus_fractional_coordinate,1a;1a;1a;1a;1a;1a;1a;1a;1a;1a;1a;1a;1a;1a
SG1|1a;1a;1a;1a;1a;1a;1a;1a;1a;1a;1a;1a;1a;1a,1,36,orbit10_fp0,wyckoff_orbit,10,1a,3,0,True,torus_fractional_coordinate,1a;1a;1a;1a;1a;1a;1a;1a;1a;1a;1a;1a;1a;1a
SG1|1a;1a;1a;1a;1a;1a;1a;1a;1a;1a;1a;1a;1a;1a,1,37,orbit10_fp1,wyckoff_orbit,10,1a,3,1,True,torus_fractional_coordinate,1a;1a;1a;1a;1a;1a;1a;1a;1a;1a;1a;1a;1a;1a
SG1|1a;1a;1a;1a;1a;1a;1a;1a;1a;1a;1a;1a;1a;1a,1,38,orbit10_fp2,wyckoff_orbit,10,1a,3,2,True,torus_fractional_coordinate,1a;1a;1a;1a;1a;1a;1a;1a;1a;1a;1a;1a;1a;1a
SG1|1a;1a;1a;1a;1a;1a;1a;1a;1a;1a;1a;1a;1a;1a,1,39,orbit11_fp0,wyckoff_orbit,11,1a,3,0,True,torus_fractional_coordinate,1a;1a;1a;1a;1a;1a;1a;1a;1a;1a;1a;1a;1a;1a
SG1|1a;1a;1a;1a;1a;1a;1a;1a;1a;1a;1a;1a;1a;1a,1,40,orbit11_fp1,wyckoff_orbit,11,1a,3,1,True,torus_fractional_coordinate,1a;1a;1a;1a;1a;1a;1a;1a;1a;1a;1a;1a;1a;1a
SG1|1a;1a;1a;1a;1a;1a;1a;1a;1a;1a;1a;1a;1a;1a,1,41,orbit11_fp2,wyckoff_orbit,11,1a,3,2,True,torus_fractional_coordinate,1a;1a;1a;1a;1a;1a;1a;1a;1a;1a;1a;1a;1a;1a
SG1|1a;1a;1a;1a;1a;1a;1a;1a;1a;1a;1a;1a;1a;1a,1,42,orbit12_fp0,wyckoff_orbit,12,1a,3,0,True,torus_fractional_coordinate,1a;1a;1a;1a;1a;1a;1a;1a;1a;1a;1a;1a;1a;1a
SG1|1a;1a;1a;1a;1a;1a;1a;1a;1a;1a;1a;1a;1a;1a,1,43,orbit12_fp1,wyckoff_orbit,12,1a,3,1,True,torus_fractional_coordinate,1a;1a;1a;1a;1a;1a;1a;1a;1a;1a;1a;1a;1a;1a
SG1|1a;1a;1a;1a;1a;1a;1a;1a;1a;1a;1a;1a;1a;1a,1,44,orbit12_fp2,wyckoff_orbit,12,1a,3,2,True,torus_fractional_coordinate,1a;1a;1a;1a;1a;1a;1a;1a;1a;1a;1a;1a;1a;1a
SG1|1a;1a;1a;1a;1a;1a;1a;1a;1a;1a;1a;1a;1a;1a,1,45,orbit13_fp0,wyckoff_orbit,13,1a,3,0,True,torus_fractional_coordinate,1a;1a;1a;1a;1a;1a;1a;1a;1a;1a;1a;1a;1a;1a
SG1|1a;1a;1a;1a;1a;1a;1a;1a;1a;1a;1a;1a;1a;1a,1,46,orbit13_fp1,wyckoff_orbit,13,1a,3,1,True,torus_fractional_coordinate,1a;1a;1a;1a;1a;1a;1a;1a;1a;1a;1a;1a;1a;1a
SG1|1a;1a;1a;1a;1a;1a;1a;1a;1a;1a;1a;1a;1a;1a,1,47,orbit13_fp2,wyckoff_orbit,13,1a,3,2,True,torus_fractional_coordinate,1a;1a;1a;1a;1a;1a;1a;1a;1a;1a;1a;1a;1a;1a
SG1|1a;1a;1a;1a;1a;1a;1a;1a;1a;1a;1a;1a;1a,1,0,lattice_a,lattice,-1,,0,-1,False,positive_length,1a;1a;1a;1a;1a;1a;1a;1a;1a;1a;1a;1a;1a
SG1|1a;1a;1a;1a;1a;1a;1a;1a;1a;1a;1a;1a;1a,1,1,lattice_b,lattice,-1,,0,-1,False,positive_length,1a;1a;1a;1a;1a;1a;1a;1a;1a;1a;1a;1a;1a
SG1|1a;1a;1a;1a;1a;1a;1a;1a;1a;1a;1a;1a;1a,1,2,lattice_c,lattice,-1,,0,-1,False,positive_length,1a;1a;1a;1a;1a;1a;1a;1a;1a;1a;1a;1a;1a
SG1|1a;1a;1a;1a;1a;1a;1a;1a;1a;1a;1a;1a;1a,1,3,alpha,lattice,-1,,0,-1,False,angle_degree,1a;1a;1a;1a;1a;1a;1a;1a;1a;1a;1a;1a;1a
SG1|1a;1a;1a;1a;1a;1a;1a;1a;1a;1a;1a;1a;1a,1,4,beta,lattice,-1,,0,-1,False,angle_degree,1a;1a;1a;1a;1a;1a;1a;1a;1a;1a;1a;1a;1a
SG1|1a;1a;1a;1a;1a;1a;1a;1a;1a;1a;1a;1a;1a,1,5,gamma,lattice,-1,,0,-1,False,angle_degree,1a;1a;1a;1a;1a;1a;1a;1a;1a;1a;1a;1a;1a
SG1|1a;1a;1a;1a;1a;1a;1a;1a;1a;1a;1a;1a;1a,1,6,orbit0_fp0,wyckoff_orbit,0,1a,3,0,True,torus_fractional_coordinate,1a;1a;1a;1a;1a;1a;1a;1a;1a;1a;1a;1a;1a
SG1|1a;1a;1a;1a;1a;1a;1a;1a;1a;1a;1a;1a;1a,1,7,orbit0_fp1,wyckoff_orbit,0,1a,3,1,True,torus_fractional_coordinate,1a;1a;1a;1a;1a;1a;1a;1a;1a;1a;1a;1a;1a
SG1|1a;1a;1a;1a;1a;1a;1a;1a;1a;1a;1a;1a;1a,1,8,orbit0_fp2,wyckoff_orbit,0,1a,3,2,True,torus_fractional_coordinate,1a;1a;1a;1a;1a;1a;1a;1a;1a;1a;1a;1a;1a
SG1|1a;1a;1a;1a;1a;1a;1a;1a;1a;1a;1a;1a;1a,1,9,orbit1_fp0,wyckoff_orbit,1,1a,3,0,True,torus_fractional_coordinate,1a;1a;1a;1a;1a;1a;1a;1a;1a;1a;1a;1a;1a
SG1|1a;1a;1a;1a;1a;1a;1a;1a;1a;1a;1a;1a;1a,1,10,orbit1_fp1,wyckoff_orbit,1,1a,3,1,True,torus_fractional_coordinate,1a;1a;1a;1a;1a;1a;1a;1a;1a;1a;1a;1a;1a
SG1|1a;1a;1a;1a;1a;1a;1a;1a;1a;1a;1a;1a;1a,1,11,orbit1_fp2,wyckoff_orbit,1,1a,3,2,True,torus_fractional_coordinate,1a;1a;1a;1a;1a;1a;1a;1a;1a;1a;1a;1a;1a
SG1|1a;1a;1a;1a;1a;1a;1a;1a;1a;1a;1a;1a;1a,1,12,orbit2_fp0,wyckoff_orbit,2,1a,3,0,True,torus_fractional_coordinate,1a;1a;1a;1a;1a;1a;1a;1a;1a;1a;1a;1a;1a
SG1|1a;1a;1a;1a;1a;1a;1a;1a;1a;1a;1a;1a;1a,1,13,orbit2_fp1,wyckoff_orbit,2,1a,3,1,True,torus_fractional_coordinate,1a;1a;1a;1a;1a;1a;1a;1a;1a;1a;1a;1a;1a
SG1|1a;1a;1a;1a;1a;1a;1a;1a;1a;1a;1a;1a;1a,1,14,orbit2_fp2,wyckoff_orbit,2,1a,3,2,True,torus_fractional_coordinate,1a;1a;1a;1a;1a;1a;1a;1a;1a;1a;1a;1a;1a
SG1|1a;1a;1a;1a;1a;1a;1a;1a;1a;1a;1a;1a;1a,1,15,orbit3_fp0,wyckoff_orbit,3,1a,3,0,True,torus_fractional_coordinate,1a;1a;1a;1a;1a;1a;1a;1a;1a;1a;1a;1a;1a
SG1|1a;1a;1a;1a;1a;1a;1a;1a;1a;1a;1a;1a;1a,1,16,orbit3_fp1,wyckoff_orbit,3,1a,3,1,True,torus_fractional_coordinate,1a;1a;1a;1a;1a;1a;1a;1a;1a;1a;1a;1a;1a
SG1|1a;1a;1a;1a;1a;1a;1a;1a;1a;1a;1a;1a;1a,1,17,orbit3_fp2,wyckoff_orbit,3,1a,3,2,True,torus_fractional_coordinate,1a;1a;1a;1a;1a;1a;1a;1a;1a;1a;1a;1a;1a
SG1|1a;1a;1a;1a;1a;1a;1a;1a;1a;1a;1a;1a;1a,1,18,orbit4_fp0,wyckoff_orbit,4,1a,3,0,True,torus_fractional_coordinate,1a;1a;1a;1a;1a;1a;1a;1a;1a;1a;1a;1a;1a
SG1|1a;1a;1a;1a;1a;1a;1a;1a;1a;1a;1a;1a;1a,1,19,orbit4_fp1,wyckoff_orbit,4,1a,3,1,True,torus_fractional_coordinate,1a;1a;1a;1a;1a;1a;1a;1a;1a;1a;1a;1a;1a
SG1|1a;1a;1a;1a;1a;1a;1a;1a;1a;1a;1a;1a;1a,1,20,orbit4_fp2,wyckoff_orbit,4,1a,3,2,True,torus_fractional_coordinate,1a;1a;1a;1a;1a;1a;1a;1a;1a;1a;1a;1a;1a
SG1|1a;1a;1a;1a;1a;1a;1a;1a;1a;1a;1a;1a;1a,1,21,orbit5_fp0,wyckoff_orbit,5,1a,3,0,True,torus_fractional_coordinate,1a;1a;1a;1a;1a;1a;1a;1a;1a;1a;1a;1a;1a
SG1|1a;1a;1a;1a;1a;1a;1a;1a;1a;1a;1a;1a;1a,1,22,orbit5_fp1,wyckoff_orbit,5,1a,3,1,True,torus_fractional_coordinate,1a;1a;1a;1a;1a;1a;1a;1a;1a;1a;1a;1a;1a
SG1|1a;1a;1a;1a;1a;1a;1a;1a;1a;1a;1a;1a;1a,1,23,orbit5_fp2,wyckoff_orbit,5,1a,3,2,True,torus_fractional_coordinate,1a;1a;1a;1a;1a;1a;1a;1a;1a;1a;1a;1a;1a
SG1|1a;1a;1a;1a;1a;1a;1a;1a;1a;1a;1a;1a;1a,1,24,orbit6_fp0,wyckoff_orbit,6,1a,3,0,True,torus_fractional_coordinate,1a;1a;1a;1a;1a;1a;1a;1a;1a;1a;1a;1a;1a
SG1|1a;1a;1a;1a;1a;1a;1a;1a;1a;1a;1a;1a;1a,1,25,orbit6_fp1,wyckoff_orbit,6,1a,3,1,True,torus_fractional_coordinate,1a;1a;1a;1a;1a;1a;1a;1a;1a;1a;1a;1a;1a
SG1|1a;1a;1a;1a;1a;1a;1a;1a;1a;1a;1a;1a;1a,1,26,orbit6_fp2,wyckoff_orbit,6,1a,3,2,True,torus_fractional_coordinate,1a;1a;1a;1a;1a;1a;1a;1a;1a;1a;1a;1a;1a
SG1|1a;1a;1a;1a;1a;1a;1a;1a;1a;1a;1a;1a;1a,1,27,orbit7_fp0,wyckoff_orbit,7,1a,3,0,True,torus_fractional_coordinate,1a;1a;1a;1a;1a;1a;1a;1a;1a;1a;1a;1a;1a
SG1|1a;1a;1a;1a;1a;1a;1a;1a;1a;1a;1a;1a;1a,1,28,orbit7_fp1,wyckoff_orbit,7,1a,3,1,True,torus_fractional_coordinate,1a;1a;1a;1a;1a;1a;1a;1a;1a;1a;1a;1a;1a
SG1|1a;1a;1a;1a;1a;1a;1a;1a;1a;1a;1a;1a;1a,1,29,orbit7_fp2,wyckoff_orbit,7,1a,3,2,True,torus_fractional_coordinate,1a;1a;1a;1a;1a;1a;1a;1a;1a;1a;1a;1a;1a
SG1|1a;1a;1a;1a;1a;1a;1a;1a;1a;1a;1a;1a;1a,1,30,orbit8_fp0,wyckoff_orbit,8,1a,3,0,True,torus_fractional_coordinate,1a;1a;1a;1a;1a;1a;1a;1a;1a;1a;1a;1a;1a
SG1|1a;1a;1a;1a;1a;1a;1a;1a;1a;1a;1a;1a;1a,1,31,orbit8_fp1,wyckoff_orbit,8,1a,3,1,True,torus_fractional_coordinate,1a;1a;1a;1a;1a;1a;1a;1a;1a;1a;1a;1a;1a
SG1|1a;1a;1a;1a;1a;1a;1a;1a;1a;1a;1a;1a;1a,1,32,orbit8_fp2,wyckoff_orbit,8,1a,3,2,True,torus_fractional_coordinate,1a;1a;1a;1a;1a;1a;1a;1a;1a;1a;1a;1a;1a
SG1|1a;1a;1a;1a;1a;1a;1a;1a;1a;1a;1a;1a;1a,1,33,orbit9_fp0,wyckoff_orbit,9,1a,3,0,True,torus_fractional_coordinate,1a;1a;1a;1a;1a;1a;1a;1a;1a;1a;1a;1a;1a
SG1|1a;1a;1a;1a;1a;1a;1a;1a;1a;1a;1a;1a;1a,1,34,orbit9_fp1,wyckoff_orbit,9,1a,3,1,True,torus_fractional_coordinate,1a;1a;1a;1a;1a;1a;1a;1a;1a;1a;1a;1a;1a
SG1|1a;1a;1a;1a;1a;1a;1a;1a;1a;1a;1a;1a;1a,1,35,orbit9_fp2,wyckoff_orbit,9,1a,3,2,True,torus_fractional_coordinate,1a;1a;1a;1a;1a;1a;1a;1a;1a;1a;1a;1a;1a
SG1|1a;1a;1a;1a;1a;1a;1a;1a;1a;1a;1a;1a;1a,1,36,orbit10_fp0,wyckoff_orbit,10,1a,3,0,True,torus_fractional_coordinate,1a;1a;1a;1a;1a;1a;1a;1a;1a;1a;1a;1a;1a
SG1|1a;1a;1a;1a;1a;1a;1a;1a;1a;1a;1a;1a;1a,1,37,orbit10_fp1,wyckoff_orbit,10,1a,3,1,True,torus_fractional_coordinate,1a;1a;1a;1a;1a;1a;1a;1a;1a;1a;1a;1a;1a
SG1|1a;1a;1a;1a;1a;1a;1a;1a;1a;1a;1a;1a;1a,1,38,orbit10_fp2,wyckoff_orbit,10,1a,3,2,True,torus_fractional_coordinate,1a;1a;1a;1a;1a;1a;1a;1a;1a;1a;1a;1a;1a
SG1|1a;1a;1a;1a;1a;1a;1a;1a;1a;1a;1a;1a;1a,1,39,orbit11_fp0,wyckoff_orbit,11,1a,3,0,True,torus_fractional_coordinate,1a;1a;1a;1a;1a;1a;1a;1a;1a;1a;1a;1a;1a
SG1|1a;1a;1a;1a;1a;1a;1a;1a;1a;1a;1a;1a;1a,1,40,orbit11_fp1,wyckoff_orbit,11,1a,3,1,True,torus_fractional_coordinate,1a;1a;1a;1a;1a;1a;1a;1a;1a;1a;1a;1a;1a
SG1|1a;1a;1a;1a;1a;1a;1a;1a;1a;1a;1a;1a;1a,1,41,orbit11_fp2,wyckoff_orbit,11,1a,3,2,True,torus_fractional_coordinate,1a;1a;1a;1a;1a;1a;1a;1a;1a;1a;1a;1a;1a
SG1|1a;1a;1a;1a;1a;1a;1a;1a;1a;1a;1a;1a;1a,1,42,orbit12_fp0,wyckoff_orbit,12,1a,3,0,True,torus_fractional_coordinate,1a;1a;1a;1a;1a;1a;1a;1a;1a;1a;1a;1a;1a
SG1|1a;1a;1a;1a;1a;1a;1a;1a;1a;1a;1a;1a;1a,1,43,orbit12_fp1,wyckoff_orbit,12,1a,3,1,True,torus_fractional_coordinate,1a;1a;1a;1a;1a;1a;1a;1a;1a;1a;1a;1a;1a
SG1|1a;1a;1a;1a;1a;1a;1a;1a;1a;1a;1a;1a;1a,1,44,orbit12_fp2,wyckoff_orbit,12,1a,3,2,True,torus_fractional_coordinate,1a;1a;1a;1a;1a;1a;1a;1a;1a;1a;1a;1a;1a
SG1|1a;1a;1a;1a;1a;1a;1a;1a;1a;1a;1a;1a,1,0,lattice_a,lattice,-1,,0,-1,False,positive_length,1a;1a;1a;1a;1a;1a;1a;1a;1a;1a;1a;1a
SG1|1a;1a;1a;1a;1a;1a;1a;1a;1a;1a;1a;1a,1,1,lattice_b,lattice,-1,,0,-1,False,positive_length,1a;1a;1a;1a;1a;1a;1a;1a;1a;1a;1a;1a
SG1|1a;1a;1a;1a;1a;1a;1a;1a;1a;1a;1a;1a,1,2,lattice_c,lattice,-1,,0,-1,False,positive_length,1a;1a;1a;1a;1a;1a;1a;1a;1a;1a;1a;1a
SG1|1a;1a;1a;1a;1a;1a;1a;1a;1a;1a;1a;1a,1,3,alpha,lattice,-1,,0,-1,False,angle_degree,1a;1a;1a;1a;1a;1a;1a;1a;1a;1a;1a;1a
SG1|1a;1a;1a;1a;1a;1a;1a;1a;1a;1a;1a;1a,1,4,beta,lattice,-1,,0,-1,False,angle_degree,1a;1a;1a;1a;1a;1a;1a;1a;1a;1a;1a;1a
SG1|1a;1a;1a;1a;1a;1a;1a;1a;1a;1a;1a;1a,1,5,gamma,lattice,-1,,0,-1,False,angle_degree,1a;1a;1a;1a;1a;1a;1a;1a;1a;1a;1a;1a
SG1|1a;1a;1a;1a;1a;1a;1a;1a;1a;1a;1a;1a,1,6,orbit0_fp0,wyckoff_orbit,0,1a,3,0,True,torus_fractional_coordinate,1a;1a;1a;1a;1a;1a;1a;1a;1a;1a;1a;1a
SG1|1a;1a;1a;1a;1a;1a;1a;1a;1a;1a;1a;1a,1,7,orbit0_fp1,wyckoff_orbit,0,1a,3,1,True,torus_fractional_coordinate,1a;1a;1a;1a;1a;1a;1a;1a;1a;1a;1a;1a
SG1|1a;1a;1a;1a;1a;1a;1a;1a;1a;1a;1a;1a,1,8,orbit0_fp2,wyckoff_orbit,0,1a,3,2,True,torus_fractional_coordinate,1a;1a;1a;1a;1a;1a;1a;1a;1a;1a;1a;1a
SG1|1a;1a;1a;1a;1a;1a;1a;1a;1a;1a;1a;1a,1,9,orbit1_fp0,wyckoff_orbit,1,1a,3,0,True,torus_fractional_coordinate,1a;1a;1a;1a;1a;1a;1a;1a;1a;1a;1a;1a
SG1|1a;1a;1a;1a;1a;1a;1a;1a;1a;1a;1a;1a,1,10,orbit1_fp1,wyckoff_orbit,1,1a,3,1,True,torus_fractional_coordinate,1a;1a;1a;1a;1a;1a;1a;1a;1a;1a;1a;1a
SG1|1a;1a;1a;1a;1a;1a;1a;1a;1a;1a;1a;1a,1,11,orbit1_fp2,wyckoff_orbit,1,1a,3,2,True,torus_fractional_coordinate,1a;1a;1a;1a;1a;1a;1a;1a;1a;1a;1a;1a
SG1|1a;1a;1a;1a;1a;1a;1a;1a;1a;1a;1a;1a,1,12,orbit2_fp0,wyckoff_orbit,2,1a,3,0,True,torus_fractional_coordinate,1a;1a;1a;1a;1a;1a;1a;1a;1a;1a;1a;1a
SG1|1a;1a;1a;1a;1a;1a;1a;1a;1a;1a;1a;1a,1,13,orbit2_fp1,wyckoff_orbit,2,1a,3,1,True,torus_fractional_coordinate,1a;1a;1a;1a;1a;1a;1a;1a;1a;1a;1a;1a
SG1|1a;1a;1a;1a;1a;1a;1a;1a;1a;1a;1a;1a,1,14,orbit2_fp2,wyckoff_orbit,2,1a,3,2,True,torus_fractional_coordinate,1a;1a;1a;1a;1a;1a;1a;1a;1a;1a;1a;1a
SG1|1a;1a;1a;1a;1a;1a;1a;1a;1a;1a;1a;1a,1,15,orbit3_fp0,wyckoff_orbit,3,1a,3,0,True,torus_fractional_coordinate,1a;1a;1a;1a;1a;1a;1a;1a;1a;1a;1a;1a
SG1|1a;1a;1a;1a;1a;1a;1a;1a;1a;1a;1a;1a,1,16,orbit3_fp1,wyckoff_orbit,3,1a,3,1,True,torus_fractional_coordinate,1a;1a;1a;1a;1a;1a;1a;1a;1a;1a;1a;1a
SG1|1a;1a;1a;1a;1a;1a;1a;1a;1a;1a;1a;1a,1,17,orbit3_fp2,wyckoff_orbit,3,1a,3,2,True,torus_fractional_coordinate,1a;1a;1a;1a;1a;1a;1a;1a;1a;1a;1a;1a
SG1|1a;1a;1a;1a;1a;1a;1a;1a;1a;1a;1a;1a,1,18,orbit4_fp0,wyckoff_orbit,4,1a,3,0,True,torus_fractional_coordinate,1a;1a;1a;1a;1a;1a;1a;1a;1a;1a;1a;1a
SG1|1a;1a;1a;1a;1a;1a;1a;1a;1a;1a;1a;1a,1,19,orbit4_fp1,wyckoff_orbit,4,1a,3,1,True,torus_fractional_coordinate,1a;1a;1a;1a;1a;1a;1a;1a;1a;1a;1a;1a
SG1|1a;1a;1a;1a;1a;1a;1a;1a;1a;1a;1a;1a,1,20,orbit4_fp2,wyckoff_orbit,4,1a,3,2,True,torus_fractional_coordinate,1a;1a;1a;1a;1a;1a;1a;1a;1a;1a;1a;1a
SG1|1a;1a;1a;1a;1a;1a;1a;1a;1a;1a;1a;1a,1,21,orbit5_fp0,wyckoff_orbit,5,1a,3,0,True,torus_fractional_coordinate,1a;1a;1a;1a;1a;1a;1a;1a;1a;1a;1a;1a
SG1|1a;1a;1a;1a;1a;1a;1a;1a;1a;1a;1a;1a,1,22,orbit5_fp1,wyckoff_orbit,5,1a,3,1,True,torus_fractional_coordinate,1a;1a;1a;1a;1a;1a;1a;1a;1a;1a;1a;1a
SG1|1a;1a;1a;1a;1a;1a;1a;1a;1a;1a;1a;1a,1,23,orbit5_fp2,wyckoff_orbit,5,1a,3,2,True,torus_fractional_coordinate,1a;1a;1a;1a;1a;1a;1a;1a;1a;1a;1a;1a
SG1|1a;1a;1a;1a;1a;1a;1a;1a;1a;1a;1a;1a,1,24,orbit6_fp0,wyckoff_orbit,6,1a,3,0,True,torus_fractional_coordinate,1a;1a;1a;1a;1a;1a;1a;1a;1a;1a;1a;1a
SG1|1a;1a;1a;1a;1a;1a;1a;1a;1a;1a;1a;1a,1,25,orbit6_fp1,wyckoff_orbit,6,1a,3,1,True,torus_fractional_coordinate,1a;1a;1a;1a;1a;1a;1a;1a;1a;1a;1a;1a
SG1|1a;1a;1a;1a;1a;1a;1a;1a;1a;1a;1a;1a,1,26,orbit6_fp2,wyckoff_orbit,6,1a,3,2,True,torus_fractional_coordinate,1a;1a;1a;1a;1a;1a;1a;1a;1a;1a;1a;1a
SG1|1a;1a;1a;1a;1a;1a;1a;1a;1a;1a;1a;1a,1,27,orbit7_fp0,wyckoff_orbit,7,1a,3,0,True,torus_fractional_coordinate,1a;1a;1a;1a;1a;1a;1a;1a;1a;1a;1a;1a
SG1|1a;1a;1a;1a;1a;1a;1a;1a;1a;1a;1a;1a,1,28,orbit7_fp1,wyckoff_orbit,7,1a,3,1,True,torus_fractional_coordinate,1a;1a;1a;1a;1a;1a;1a;1a;1a;1a;1a;1a
SG1|1a;1a;1a;1a;1a;1a;1a;1a;1a;1a;1a;1a,1,29,orbit7_fp2,wyckoff_orbit,7,1a,3,2,True,torus_fractional_coordinate,1a;1a;1a;1a;1a;1a;1a;1a;1a;1a;1a;1a
SG1|1a;1a;1a;1a;1a;1a;1a;1a;1a;1a;1a;1a,1,30,orbit8_fp0,wyckoff_orbit,8,1a,3,0,True,torus_fractional_coordinate,1a;1a;1a;1a;1a;1a;1a;1a;1a;1a;1a;1a
SG1|1a;1a;1a;1a;1a;1a;1a;1a;1a;1a;1a;1a,1,31,orbit8_fp1,wyckoff_orbit,8,1a,3,1,True,torus_fractional_coordinate,1a;1a;1a;1a;1a;1a;1a;1a;1a;1a;1a;1a
SG1|1a;1a;1a;1a;1a;1a;1a;1a;1a;1a;1a;1a,1,32,orbit8_fp2,wyckoff_orbit,8,1a,3,2,True,torus_fractional_coordinate,1a;1a;1a;1a;1a;1a;1a;1a;1a;1a;1a;1a
SG1|1a;1a;1a;1a;1a;1a;1a;1a;1a;1a;1a;1a,1,33,orbit9_fp0,wyckoff_orbit,9,1a,3,0,True,torus_fractional_coordinate,1a;1a;1a;1a;1a;1a;1a;1a;1a;1a;1a;1a
SG1|1a;1a;1a;1a;1a;1a;1a;1a;1a;1a;1a;1a,1,34,orbit9_fp1,wyckoff_orbit,9,1a,3,1,True,torus_fractional_coordinate,1a;1a;1a;1a;1a;1a;1a;1a;1a;1a;1a;1a
SG1|1a;1a;1a;1a;1a;1a;1a;1a;1a;1a;1a;1a,1,35,orbit9_fp2,wyckoff_orbit,9,1a,3,2,True,torus_fractional_coordinate,1a;1a;1a;1a;1a;1a;1a;1a;1a;1a;1a;1a
SG1|1a;1a;1a;1a;1a;1a;1a;1a;1a;1a;1a;1a,1,36,orbit10_fp0,wyckoff_orbit,10,1a,3,0,True,torus_fractional_coordinate,1a;1a;1a;1a;1a;1a;1a;1a;1a;1a;1a;1a
SG1|1a;1a;1a;1a;1a;1a;1a;1a;1a;1a;1a;1a,1,37,orbit10_fp1,wyckoff_orbit,10,1a,3,1,True,torus_fractional_coordinate,1a;1a;1a;1a;1a;1a;1a;1a;1a;1a;1a;1a
SG1|1a;1a;1a;1a;1a;1a;1a;1a;1a;1a;1a;1a,1,38,orbit10_fp2,wyckoff_orbit,10,1a,3,2,True,torus_fractional_coordinate,1a;1a;1a;1a;1a;1a;1a;1a;1a;1a;1a;1a
SG1|1a;1a;1a;1a;1a;1a;1a;1a;1a;1a;1a;1a,1,39,orbit11_fp0,wyckoff_orbit,11,1a,3,0,True,torus_fractional_coordinate,1a;1a;1a;1a;1a;1a;1a;1a;1a;1a;1a;1a
SG1|1a;1a;1a;1a;1a;1a;1a;1a;1a;1a;1a;1a,1,40,orbit11_fp1,wyckoff_orbit,11,1a,3,1,True,torus_fractional_coordinate,1a;1a;1a;1a;1a;1a;1a;1a;1a;1a;1a;1a
SG1|1a;1a;1a;1a;1a;1a;1a;1a;1a;1a;1a;1a,1,41,orbit11_fp2,wyckoff_orbit,11,1a,3,2,True,torus_fractional_coordinate,1a;1a;1a;1a;1a;1a;1a;1a;1a;1a;1a;1a
SG1|1a;1a;1a;1a;1a;1a;1a;1a;1a;1a;1a,1,0,lattice_a,lattice,-1,,0,-1,False,positive_length,1a;1a;1a;1a;1a;1a;1a;1a;1a;1a;1a
SG1|1a;1a;1a;1a;1a;1a;1a;1a;1a;1a;1a,1,1,lattice_b,lattice,-1,,0,-1,False,positive_length,1a;1a;1a;1a;1a;1a;1a;1a;1a;1a;1a
SG1|1a;1a;1a;1a;1a;1a;1a;1a;1a;1a;1a,1,2,lattice_c,lattice,-1,,0,-1,False,positive_length,1a;1a;1a;1a;1a;1a;1a;1a;1a;1a;1a
SG1|1a;1a;1a;1a;1a;1a;1a;1a;1a;1a;1a,1,3,alpha,lattice,-1,,0,-1,False,angle_degree,1a;1a;1a;1a;1a;1a;1a;1a;1a;1a;1a
SG1|1a;1a;1a;1a;1a;1a;1a;1a;1a;1a;1a,1,4,beta,lattice,-1,,0,-1,False,angle_degree,1a;1a;1a;1a;1a;1a;1a;1a;1a;1a;1a
SG1|1a;1a;1a;1a;1a;1a;1a;1a;1a;1a;1a,1,5,gamma,lattice,-1,,0,-1,False,angle_degree,1a;1a;1a;1a;1a;1a;1a;1a;1a;1a;1a
SG1|1a;1a;1a;1a;1a;1a;1a;1a;1a;1a;1a,1,6,orbit0_fp0,wyckoff_orbit,0,1a,3,0,True,torus_fractional_coordinate,1a;1a;1a;1a;1a;1a;1a;1a;1a;1a;1a
SG1|1a;1a;1a;1a;1a;1a;1a;1a;1a;1a;1a,1,7,orbit0_fp1,wyckoff_orbit,0,1a,3,1,True,torus_fractional_coordinate,1a;1a;1a;1a;1a;1a;1a;1a;1a;1a;1a
SG1|1a;1a;1a;1a;1a;1a;1a;1a;1a;1a;1a,1,8,orbit0_fp2,wyckoff_orbit,0,1a,3,2,True,torus_fractional_coordinate,1a;1a;1a;1a;1a;1a;1a;1a;1a;1a;1a
SG1|1a;1a;1a;1a;1a;1a;1a;1a;1a;1a;1a,1,9,orbit1_fp0,wyckoff_orbit,1,1a,3,0,True,torus_fractional_coordinate,1a;1a;1a;1a;1a;1a;1a;1a;1a;1a;1a
SG1|1a;1a;1a;1a;1a;1a;1a;1a;1a;1a;1a,1,10,orbit1_fp1,wyckoff_orbit,1,1a,3,1,True,torus_fractional_coordinate,1a;1a;1a;1a;1a;1a;1a;1a;1a;1a;1a
SG1|1a;1a;1a;1a;1a;1a;1a;1a;1a;1a;1a,1,11,orbit1_fp2,wyckoff_orbit,1,1a,3,2,True,torus_fractional_coordinate,1a;1a;1a;1a;1a;1a;1a;1a;1a;1a;1a
SG1|1a;1a;1a;1a;1a;1a;1a;1a;1a;1a;1a,1,12,orbit2_fp0,wyckoff_orbit,2,1a,3,0,True,torus_fractional_coordinate,1a;1a;1a;1a;1a;1a;1a;1a;1a;1a;1a
SG1|1a;1a;1a;1a;1a;1a;1a;1a;1a;1a;1a,1,13,orbit2_fp1,wyckoff_orbit,2,1a,3,1,True,torus_fractional_coordinate,1a;1a;1a;1a;1a;1a;1a;1a;1a;1a;1a
SG1|1a;1a;1a;1a;1a;1a;1a;1a;1a;1a;1a,1,14,orbit2_fp2,wyckoff_orbit,2,1a,3,2,True,torus_fractional_coordinate,1a;1a;1a;1a;1a;1a;1a;1a;1a;1a;1a
SG1|1a;1a;1a;1a;1a;1a;1a;1a;1a;1a;1a,1,15,orbit3_fp0,wyckoff_orbit,3,1a,3,0,True,torus_fractional_coordinate,1a;1a;1a;1a;1a;1a;1a;1a;1a;1a;1a
SG1|1a;1a;1a;1a;1a;1a;1a;1a;1a;1a;1a,1,16,orbit3_fp1,wyckoff_orbit,3,1a,3,1,True,torus_fractional_coordinate,1a;1a;1a;1a;1a;1a;1a;1a;1a;1a;1a
SG1|1a;1a;1a;1a;1a;1a;1a;1a;1a;1a;1a,1,17,orbit3_fp2,wyckoff_orbit,3,1a,3,2,True,torus_fractional_coordinate,1a;1a;1a;1a;1a;1a;1a;1a;1a;1a;1a
SG1|1a;1a;1a;1a;1a;1a;1a;1a;1a;1a;1a,1,18,orbit4_fp0,wyckoff_orbit,4,1a,3,0,True,torus_fractional_coordinate,1a;1a;1a;1a;1a;1a;1a;1a;1a;1a;1a
SG1|1a;1a;1a;1a;1a;1a;1a;1a;1a;1a;1a,1,19,orbit4_fp1,wyckoff_orbit,4,1a,3,1,True,torus_fractional_coordinate,1a;1a;1a;1a;1a;1a;1a;1a;1a;1a;1a
SG1|1a;1a;1a;1a;1a;1a;1a;1a;1a;1a;1a,1,20,orbit4_fp2,wyckoff_orbit,4,1a,3,2,True,torus_fractional_coordinate,1a;1a;1a;1a;1a;1a;1a;1a;1a;1a;1a
SG1|1a;1a;1a;1a;1a;1a;1a;1a;1a;1a;1a,1,21,orbit5_fp0,wyckoff_orbit,5,1a,3,0,True,torus_fractional_coordinate,1a;1a;1a;1a;1a;1a;1a;1a;1a;1a;1a
SG1|1a;1a;1a;1a;1a;1a;1a;1a;1a;1a;1a,1,22,orbit5_fp1,wyckoff_orbit,5,1a,3,1,True,torus_fractional_coordinate,1a;1a;1a;1a;1a;1a;1a;1a;1a;1a;1a
SG1|1a;1a;1a;1a;1a;1a;1a;1a;1a;1a;1a,1,23,orbit5_fp2,wyckoff_orbit,5,1a,3,2,True,torus_fractional_coordinate,1a;1a;1a;1a;1a;1a;1a;1a;1a;1a;1a
SG1|1a;1a;1a;1a;1a;1a;1a;1a;1a;1a;1a,1,24,orbit6_fp0,wyckoff_orbit,6,1a,3,0,True,torus_fractional_coordinate,1a;1a;1a;1a;1a;1a;1a;1a;1a;1a;1a
SG1|1a;1a;1a;1a;1a;1a;1a;1a;1a;1a;1a,1,25,orbit6_fp1,wyckoff_orbit,6,1a,3,1,True,torus_fractional_coordinate,1a;1a;1a;1a;1a;1a;1a;1a;1a;1a;1a
SG1|1a;1a;1a;1a;1a;1a;1a;1a;1a;1a;1a,1,26,orbit6_fp2,wyckoff_orbit,6,1a,3,2,True,torus_fractional_coordinate,1a;1a;1a;1a;1a;1a;1a;1a;1a;1a;1a
SG1|1a;1a;1a;1a;1a;1a;1a;1a;1a;1a;1a,1,27,orbit7_fp0,wyckoff_orbit,7,1a,3,0,True,torus_fractional_coordinate,1a;1a;1a;1a;1a;1a;1a;1a;1a;1a;1a
SG1|1a;1a;1a;1a;1a;1a;1a;1a;1a;1a;1a,1,28,orbit7_fp1,wyckoff_orbit,7,1a,3,1,True,torus_fractional_coordinate,1a;1a;1a;1a;1a;1a;1a;1a;1a;1a;1a
SG1|1a;1a;1a;1a;1a;1a;1a;1a;1a;1a;1a,1,29,orbit7_fp2,wyckoff_orbit,7,1a,3,2,True,torus_fractional_coordinate,1a;1a;1a;1a;1a;1a;1a;1a;1a;1a;1a
SG1|1a;1a;1a;1a;1a;1a;1a;1a;1a;1a;1a,1,30,orbit8_fp0,wyckoff_orbit,8,1a,3,0,True,torus_fractional_coordinate,1a;1a;1a;1a;1a;1a;1a;1a;1a;1a;1a
SG1|1a;1a;1a;1a;1a;1a;1a;1a;1a;1a;1a,1,31,orbit8_fp1,wyckoff_orbit,8,1a,3,1,True,torus_fractional_coordinate,1a;1a;1a;1a;1a;1a;1a;1a;1a;1a;1a
SG1|1a;1a;1a;1a;1a;1a;1a;1a;1a;1a;1a,1,32,orbit8_fp2,wyckoff_orbit,8,1a,3,2,True,torus_fractional_coordinate,1a;1a;1a;1a;1a;1a;1a;1a;1a;1a;1a
SG1|1a;1a;1a;1a;1a;1a;1a;1a;1a;1a;1a,1,33,orbit9_fp0,wyckoff_orbit,9,1a,3,0,True,torus_fractional_coordinate,1a;1a;1a;1a;1a;1a;1a;1a;1a;1a;1a
SG1|1a;1a;1a;1a;1a;1a;1a;1a;1a;1a;1a,1,34,orbit9_fp1,wyckoff_orbit,9,1a,3,1,True,torus_fractional_coordinate,1a;1a;1a;1a;1a;1a;1a;1a;1a;1a;1a
SG1|1a;1a;1a;1a;1a;1a;1a;1a;1a;1a;1a,1,35,orbit9_fp2,wyckoff_orbit,9,1a,3,2,True,torus_fractional_coordinate,1a;1a;1a;1a;1a;1a;1a;1a;1a;1a;1a
SG1|1a;1a;1a;1a;1a;1a;1a;1a;1a;1a;1a,1,36,orbit10_fp0,wyckoff_orbit,10,1a,3,0,True,torus_fractional_coordinate,1a;1a;1a;1a;1a;1a;1a;1a;1a;1a;1a
SG1|1a;1a;1a;1a;1a;1a;1a;1a;1a;1a;1a,1,37,orbit10_fp1,wyckoff_orbit,10,1a,3,1,True,torus_fractional_coordinate,1a;1a;1a;1a;1a;1a;1a;1a;1a;1a;1a
SG1|1a;1a;1a;1a;1a;1a;1a;1a;1a;1a;1a,1,38,orbit10_fp2,wyckoff_orbit,10,1a,3,2,True,torus_fractional_coordinate,1a;1a;1a;1a;1a;1a;1a;1a;1a;1a;1a
SG2|2i;2i;2i;2i;2i;2i;2i;2i;2i;2i;2i;2i;2i;2i;2i;2i;2i;2i;2i;2i;2i;2i,2,0,lattice_a,lattice,-1,,0,-1,False,positive_length,2i;2i;2i;2i;2i;2i;2i;2i;2i;2i;2i;2i;2i;2i;2i;2i;2i;2i;2i;2i;2i;2i
SG2|2i;2i;2i;2i;2i;2i;2i;2i;2i;2i;2i;2i;2i;2i;2i;2i;2i;2i;2i;2i;2i;2i,2,1,lattice_b,lattice,-1,,0,-1,False,positive_length,2i;2i;2i;2i;2i;2i;2i;2i;2i;2i;2i;2i;2i;2i;2i;2i;2i;2i;2i;2i;2i;2i
SG2|2i;2i;2i;2i;2i;2i;2i;2i;2i;2i;2i;2i;2i;2i;2i;2i;2i;2i;2i;2i;2i;2i,2,2,lattice_c,lattice,-1,,0,-1,False,positive_length,2i;2i;2i;2i;2i;2i;2i;2i;2i;2i;2i;2i;2i;2i;2i;2i;2i;2i;2i;2i;2i;2i
SG2|2i;2i;2i;2i;2i;2i;2i;2i;2i;2i;2i;2i;2i;2i;2i;2i;2i;2i;2i;2i;2i;2i,2,3,alpha,lattice,-1,,0,-1,False,angle_degree,2i;2i;2i;2i;2i;2i;2i;2i;2i;2i;2i;2i;2i;2i;2i;2i;2i;2i;2i;2i;2i;2i
SG2|2i;2i;2i;2i;2i;2i;2i;2i;2i;2i;2i;2i;2i;2i;2i;2i;2i;2i;2i;2i;2i;2i,2,4,beta,lattice,-1,,0,-1,False,angle_degree,2i;2i;2i;2i;2i;2i;2i;2i;2i;2i;2i;2i;2i;2i;2i;2i;2i;2i;2i;2i;2i;2i
SG2|2i;2i;2i;2i;2i;2i;2i;2i;2i;2i;2i;2i;2i;2i;2i;2i;2i;2i;2i;2i;2i;2i,2,5,gamma,lattice,-1,,0,-1,False,angle_degree,2i;2i;2i;2i;2i;2i;2i;2i;2i;2i;2i;2i;2i;2i;2i;2i;2i;2i;2i;2i;2i;2i
SG2|2i;2i;2i;2i;2i;2i;2i;2i;2i;2i;2i;2i;2i;2i;2i;2i;2i;2i;2i;2i;2i;2i,2,6,orbit0_fp0,wyckoff_orbit,0,2i,3,0,True,torus_fractional_coordinate,2i;2i;2i;2i;2i;2i;2i;2i;2i;2i;2i;2i;2i;2i;2i;2i;2i;2i;2i;2i;2i;2i
SG2|2i;2i;2i;2i;2i;2i;2i;2i;2i;2i;2i;2i;2i;2i;2i;2i;2i;2i;2i;2i;2i;2i,2,7,orbit0_fp1,wyckoff_orbit,0,2i,3,1,True,torus_fractional_coordinate,2i;2i;2i;2i;2i;2i;2i;2i;2i;2i;2i;2i;2i;2i;2i;2i;2i;2i;2i;2i;2i;2i
SG2|2i;2i;2i;2i;2i;2i;2i;2i;2i;2i;2i;2i;2i;2i;2i;2i;2i;2i;2i;2i;2i;2i,2,8,orbit0_fp2,wyckoff_orbit,0,2i,3,2,True,torus_fractional_coordinate,2i;2i;2i;2i;2i;2i;2i;2i;2i;2i;2i;2i;2i;2i;2i;2i;2i;2i;2i;2i;2i;2i
SG2|2i;2i;2i;2i;2i;2i;2i;2i;2i;2i;2i;2i;2i;2i;2i;2i;2i;2i;2i;2i;2i;2i,2,9,orbit1_fp0,wyckoff_orbit,1,2i,3,0,True,torus_fractional_coordinate,2i;2i;2i;2i;2i;2i;2i;2i;2i;2i;2i;2i;2i;2i;2i;2i;2i;2i;2i;2i;2i;2i
SG2|2i;2i;2i;2i;2i;2i;2i;2i;2i;2i;2i;2i;2i;2i;2i;2i;2i;2i;2i;2i;2i;2i,2,10,orbit1_fp1,wyckoff_orbit,1,2i,3,1,True,torus_fractional_coordinate,2i;2i;2i;2i;2i;2i;2i;2i;2i;2i;2i;2i;2i;2i;2i;2i;2i;2i;2i;2i;2i;2i
SG2|2i;2i;2i;2i;2i;2i;2i;2i;2i;2i;2i;2i;2i;2i;2i;2i;2i;2i;2i;2i;2i;2i,2,11,orbit1_fp2,wyckoff_orbit,1,2i,3,2,True,torus_fractional_coordinate,2i;2i;2i;2i;2i;2i;2i;2i;2i;2i;2i;2i;2i;2i;2i;2i;2i;2i;2i;2i;2i;2i
SG2|2i;2i;2i;2i;2i;2i;2i;2i;2i;2i;2i;2i;2i;2i;2i;2i;2i;2i;2i;2i;2i;2i,2,12,orbit2_fp0,wyckoff_orbit,2,2i,3,0,True,torus_fractional_coordinate,2i;2i;2i;2i;2i;2i;2i;2i;2i;2i;2i;2i;2i;2i;2i;2i;2i;2i;2i;2i;2i;2i
SG2|2i;2i;2i;2i;2i;2i;2i;2i;2i;2i;2i;2i;2i;2i;2i;2i;2i;2i;2i;2i;2i;2i,2,13,orbit2_fp1,wyckoff_orbit,2,2i,3,1,True,torus_fractional_coordinate,2i;2i;2i;2i;2i;2i;2i;2i;2i;2i;2i;2i;2i;2i;2i;2i;2i;2i;2i;2i;2i;2i
SG2|2i;2i;2i;2i;2i;2i;2i;2i;2i;2i;2i;2i;2i;2i;2i;2i;2i;2i;2i;2i;2i;2i,2,14,orbit2_fp2,wyckoff_orbit,2,2i,3,2,True,torus_fractional_coordinate,2i;2i;2i;2i;2i;2i;2i;2i;2i;2i;2i;2i;2i;2i;2i;2i;2i;2i;2i;2i;2i;2i
SG2|2i;2i;2i;2i;2i;2i;2i;2i;2i;2i;2i;2i;2i;2i;2i;2i;2i;2i;2i;2i;2i;2i,2,15,orbit3_fp0,wyckoff_orbit,3,2i,3,0,True,torus_fractional_coordinate,2i;2i;2i;2i;2i;2i;2i;2i;2i;2i;2i;2i;2i;2i;2i;2i;2i;2i;2i;2i;2i;2i
SG2|2i;2i;2i;2i;2i;2i;2i;2i;2i;2i;2i;2i;2i;2i;2i;2i;2i;2i;2i;2i;2i;2i,2,16,orbit3_fp1,wyckoff_orbit,3,2i,3,1,True,torus_fractional_coordinate,2i;2i;2i;2i;2i;2i;2i;2i;2i;2i;2i;2i;2i;2i;2i;2i;2i;2i;2i;2i;2i;2i
SG2|2i;2i;2i;2i;2i;2i;2i;2i;2i;2i;2i;2i;2i;2i;2i;2i;2i;2i;2i;2i;2i;2i,2,17,orbit3_fp2,wyckoff_orbit,3,2i,3,2,True,torus_fractional_coordinate,2i;2i;2i;2i;2i;2i;2i;2i;2i;2i;2i;2i;2i;2i;2i;2i;2i;2i;2i;2i;2i;2i
SG2|2i;2i;2i;2i;2i;2i;2i;2i;2i;2i;2i;2i;2i;2i;2i;2i;2i;2i;2i;2i;2i;2i,2,18,orbit4_fp0,wyckoff_orbit,4,2i,3,0,True,torus_fractional_coordinate,2i;2i;2i;2i;2i;2i;2i;2i;2i;2i;2i;2i;2i;2i;2i;2i;2i;2i;2i;2i;2i;2i
SG2|2i;2i;2i;2i;2i;2i;2i;2i;2i;2i;2i;2i;2i;2i;2i;2i;2i;2i;2i;2i;2i;2i,2,19,orbit4_fp1,wyckoff_orbit,4,2i,3,1,True,torus_fractional_coordinate,2i;2i;2i;2i;2i;2i;2i;2i;2i;2i;2i;2i;2i;2i;2i;2i;2i;2i;2i;2i;2i;2i
SG2|2i;2i;2i;2i;2i;2i;2i;2i;2i;2i;2i;2i;2i;2i;2i;2i;2i;2i;2i;2i;2i;2i,2,20,orbit4_fp2,wyckoff_orbit,4,2i,3,2,True,torus_fractional_coordinate,2i;2i;2i;2i;2i;2i;2i;2i;2i;2i;2i;2i;2i;2i;2i;2i;2i;2i;2i;2i;2i;2i
SG2|2i;2i;2i;2i;2i;2i;2i;2i;2i;2i;2i;2i;2i;2i;2i;2i;2i;2i;2i;2i;2i;2i,2,21,orbit5_fp0,wyckoff_orbit,5,2i,3,0,True,torus_fractional_coordinate,2i;2i;2i;2i;2i;2i;2i;2i;2i;2i;2i;2i;2i;2i;2i;2i;2i;2i;2i;2i;2i;2i
SG2|2i;2i;2i;2i;2i;2i;2i;2i;2i;2i;2i;2i;2i;2i;2i;2i;2i;2i;2i;2i;2i;2i,2,22,orbit5_fp1,wyckoff_orbit,5,2i,3,1,True,torus_fractional_coordinate,2i;2i;2i;2i;2i;2i;2i;2i;2i;2i;2i;2i;2i;2i;2i;2i;2i;2i;2i;2i;2i;2i
SG2|2i;2i;2i;2i;2i;2i;2i;2i;2i;2i;2i;2i;2i;2i;2i;2i;2i;2i;2i;2i;2i;2i,2,23,orbit5_fp2,wyckoff_orbit,5,2i,3,2,True,torus_fractional_coordinate,2i;2i;2i;2i;2i;2i;2i;2i;2i;2i;2i;2i;2i;2i;2i;2i;2i;2i;2i;2i;2i;2i
SG2|2i;2i;2i;2i;2i;2i;2i;2i;2i;2i;2i;2i;2i;2i;2i;2i;2i;2i;2i;2i;2i;2i,2,24,orbit6_fp0,wyckoff_orbit,6,2i,3,0,True,torus_fractional_coordinate,2i;2i;2i;2i;2i;2i;2i;2i;2i;2i;2i;2i;2i;2i;2i;2i;2i;2i;2i;2i;2i;2i
SG2|2i;2i;2i;2i;2i;2i;2i;2i;2i;2i;2i;2i;2i;2i;2i;2i;2i;2i;2i;2i;2i;2i,2,25,orbit6_fp1,wyckoff_orbit,6,2i,3,1,True,torus_fractional_coordinate,2i;2i;2i;2i;2i;2i;2i;2i;2i;2i;2i;2i;2i;2i;2i;2i;2i;2i;2i;2i;2i;2i
SG2|2i;2i;2i;2i;2i;2i;2i;2i;2i;2i;2i;2i;2i;2i;2i;2i;2i;2i;2i;2i;2i;2i,2,26,orbit6_fp2,wyckoff_orbit,6,2i,3,2,True,torus_fractional_coordinate,2i;2i;2i;2i;2i;2i;2i;2i;2i;2i;2i;2i;2i;2i;2i;2i;2i;2i;2i;2i;2i;2i
SG2|2i;2i;2i;2i;2i;2i;2i;2i;2i;2i;2i;2i;2i;2i;2i;2i;2i;2i;2i;2i;2i;2i,2,27,orbit7_fp0,wyckoff_orbit,7,2i,3,0,True,torus_fractional_coordinate,2i;2i;2i;2i;2i;2i;2i;2i;2i;2i;2i;2i;2i;2i;2i;2i;2i;2i;2i;2i;2i;2i
SG2|2i;2i;2i;2i;2i;2i;2i;2i;2i;2i;2i;2i;2i;2i;2i;2i;2i;2i;2i;2i;2i;2i,2,28,orbit7_fp1,wyckoff_orbit,7,2i,3,1,True,torus_fractional_coordinate,2i;2i;2i;2i;2i;2i;2i;2i;2i;2i;2i;2i;2i;2i;2i;2i;2i;2i;2i;2i;2i;2i
SG2|2i;2i;2i;2i;2i;2i;2i;2i;2i;2i;2i;2i;2i;2i;2i;2i;2i;2i;2i;2i;2i;2i,2,29,orbit7_fp2,wyckoff_orbit,7,2i,3,2,True,torus_fractional_coordinate,2i;2i;2i;2i;2i;2i;2i;2i;2i;2i;2i;2i;2i;2i;2i;2i;2i;2i;2i;2i;2i;2i
SG2|2i;2i;2i;2i;2i;2i;2i;2i;2i;2i;2i;2i;2i;2i;2i;2i;2i;2i;2i;2i;2i;2i,2,30,orbit8_fp0,wyckoff_orbit,8,2i,3,0,True,torus_fractional_coordinate,2i;2i;2i;2i;2i;2i;2i;2i;2i;2i;2i;2i;2i;2i;2i;2i;2i;2i;2i;2i;2i;2i
SG2|2i;2i;2i;2i;2i;2i;2i;2i;2i;2i;2i;2i;2i;2i;2i;2i;2i;2i;2i;2i;2i;2i,2,31,orbit8_fp1,wyckoff_orbit,8,2i,3,1,True,torus_fractional_coordinate,2i;2i;2i;2i;2i;2i;2i;2i;2i;2i;2i;2i;2i;2i;2i;2i;2i;2i;2i;2i;2i;2i
SG2|2i;2i;2i;2i;2i;2i;2i;2i;2i;2i;2i;2i;2i;2i;2i;2i;2i;2i;2i;2i;2i;2i,2,32,orbit8_fp2,wyckoff_orbit,8,2i,3,2,True,torus_fractional_coordinate,2i;2i;2i;2i;2i;2i;2i;2i;2i;2i;2i;2i;2i;2i;2i;2i;2i;2i;2i;2i;2i;2i
SG2|2i;2i;2i;2i;2i;2i;2i;2i;2i;2i;2i;2i;2i;2i;2i;2i;2i;2i;2i;2i;2i;2i,2,33,orbit9_fp0,wyckoff_orbit,9,2i,3,0,True,torus_fractional_coordinate,2i;2i;2i;2i;2i;2i;2i;2i;2i;2i;2i;2i;2i;2i;2i;2i;2i;2i;2i;2i;2i;2i
SG2|2i;2i;2i;2i;2i;2i;2i;2i;2i;2i;2i;2i;2i;2i;2i;2i;2i;2i;2i;2i;2i;2i,2,34,orbit9_fp1,wyckoff_orbit,9,2i,3,1,True,torus_fractional_coordinate,2i;2i;2i;2i;2i;2i;2i;2i;2i;2i;2i;2i;2i;2i;2i;2i;2i;2i;2i;2i;2i;2i
SG2|2i;2i;2i;2i;2i;2i;2i;2i;2i;2i;2i;2i;2i;2i;2i;2i;2i;2i;2i;2i;2i;2i,2,35,orbit9_fp2,wyckoff_orbit,9,2i,3,2,True,torus_fractional_coordinate,2i;2i;2i;2i;2i;2i;2i;2i;2i;2i;2i;2i;2i;2i;2i;2i;2i;2i;2i;2i;2i;2i
SG2|2i;2i;2i;2i;2i;2i;2i;2i;2i;2i;2i;2i;2i;2i;2i;2i;2i;2i;2i;2i;2i;2i,2,36,orbit10_fp0,wyckoff_orbit,10,2i,3,0,True,torus_fractional_coordinate,2i;2i;2i;2i;2i;2i;2i;2i;2i;2i;2i;2i;2i;2i;2i;2i;2i;2i;2i;2i;2i;2i
SG2|2i;2i;2i;2i;2i;2i;2i;2i;2i;2i;2i;2i;2i;2i;2i;2i;2i;2i;2i;2i;2i;2i,2,37,orbit10_fp1,wyckoff_orbit,10,2i,3,1,True,torus_fractional_coordinate,2i;2i;2i;2i;2i;2i;2i;2i;2i;2i;2i;2i;2i;2i;2i;2i;2i;2i;2i;2i;2i;2i
SG2|2i;2i;2i;2i;2i;2i;2i;2i;2i;2i;2i;2i;2i;2i;2i;2i;2i;2i;2i;2i;2i;2i,2,38,orbit10_fp2,wyckoff_orbit,10,2i,3,2,True,torus_fractional_coordinate,2i;2i;2i;2i;2i;2i;2i;2i;2i;2i;2i;2i;2i;2i;2i;2i;2i;2i;2i;2i;2i;2i
SG2|2i;2i;2i;2i;2i;2i;2i;2i;2i;2i;2i;2i;2i;2i;2i;2i;2i;2i;2i;2i;2i;2i,2,39,orbit11_fp0,wyckoff_orbit,11,2i,3,0,True,torus_fractional_coordinate,2i;2i;2i;2i;2i;2i;2i;2i;2i;2i;2i;2i;2i;2i;2i;2i;2i;2i;2i;2i;2i;2i
SG2|2i;2i;2i;2i;2i;2i;2i;2i;2i;2i;2i;2i;2i;2i;2i;2i;2i;2i;2i;2i;2i;2i,2,40,orbit11_fp1,wyckoff_orbit,11,2i,3,1,True,torus_fractional_coordinate,2i;2i;2i;2i;2i;2i;2i;2i;2i;2i;2i;2i;2i;2i;2i;2i;2i;2i;2i;2i;2i;2i
SG2|2i;2i;2i;2i;2i;2i;2i;2i;2i;2i;2i;2i;2i;2i;2i;2i;2i;2i;2i;2i;2i;2i,2,41,orbit11_fp2,wyckoff_orbit,11,2i,3,2,True,torus_fractional_coordinate,2i;2i;2i;2i;2i;2i;2i;2i;2i;2i;2i;2i;2i;2i;2i;2i;2i;2i;2i;2i;2i;2i
SG2|2i;2i;2i;2i;2i;2i;2i;2i;2i;2i;2i;2i;2i;2i;2i;2i;2i;2i;2i;2i;2i;2i,2,42,orbit12_fp0,wyckoff_orbit,12,2i,3,0,True,torus_fractional_coordinate,2i;2i;2i;2i;2i;2i;2i;2i;2i;2i;2i;2i;2i;2i;2i;2i;2i;2i;2i;2i;2i;2i
SG2|2i;2i;2i;2i;2i;2i;2i;2i;2i;2i;2i;2i;2i;2i;2i;2i;2i;2i;2i;2i;2i;2i,2,43,orbit12_fp1,wyckoff_orbit,12,2i,3,1,True,torus_fractional_coordinate,2i;2i;2i;2i;2i;2i;2i;2i;2i;2i;2i;2i;2i;2i;2i;2i;2i;2i;2i;2i;2i;2i
SG2|2i;2i;2i;2i;2i;2i;2i;2i;2i;2i;2i;2i;2i;2i;2i;2i;2i;2i;2i;2i;2i;2i,2,44,orbit12_fp2,wyckoff_orbit,12,2i,3,2,True,torus_fractional_coordinate,2i;2i;2i;2i;2i;2i;2i;2i;2i;2i;2i;2i;2i;2i;2i;2i;2i;2i;2i;2i;2i;2i
SG2|2i;2i;2i;2i;2i;2i;2i;2i;2i;2i;2i;2i;2i;2i;2i;2i;2i;2i;2i;2i;2i;2i,2,45,orbit13_fp0,wyckoff_orbit,13,2i,3,0,True,torus_fractional_coordinate,2i;2i;2i;2i;2i;2i;2i;2i;2i;2i;2i;2i;2i;2i;2i;2i;2i;2i;2i;2i;2i;2i
SG2|2i;2i;2i;2i;2i;2i;2i;2i;2i;2i;2i;2i;2i;2i;2i;2i;2i;2i;2i;2i;2i;2i,2,46,orbit13_fp1,wyckoff_orbit,13,2i,3,1,True,torus_fractional_coordinate,2i;2i;2i;2i;2i;2i;2i;2i;2i;2i;2i;2i;2i;2i;2i;2i;2i;2i;2i;2i;2i;2i
SG2|2i;2i;2i;2i;2i;2i;2i;2i;2i;2i;2i;2i;2i;2i;2i;2i;2i;2i;2i;2i;2i;2i,2,47,orbit13_fp2,wyckoff_orbit,13,2i,3,2,True,torus_fractional_coordinate,2i;2i;2i;2i;2i;2i;2i;2i;2i;2i;2i;2i;2i;2i;2i;2i;2i;2i;2i;2i;2i;2i
SG2|2i;2i;2i;2i;2i;2i;2i;2i;2i;2i;2i;2i;2i;2i;2i;2i;2i;2i;2i;2i;2i;2i,2,48,orbit14_fp0,wyckoff_orbit,14,2i,3,0,True,torus_fractional_coordinate,2i;2i;2i;2i;2i;2i;2i;2i;2i;2i;2i;2i;2i;2i;2i;2i;2i;2i;2i;2i;2i;2i
SG2|2i;2i;2i;2i;2i;2i;2i;2i;2i;2i;2i;2i;2i;2i;2i;2i;2i;2i;2i;2i;2i;2i,2,49,orbit14_fp1,wyckoff_orbit,14,2i,3,1,True,torus_fractional_coordinate,2i;2i;2i;2i;2i;2i;2i;2i;2i;2i;2i;2i;2i;2i;2i;2i;2i;2i;2i;2i;2i;2i
SG2|2i;2i;2i;2i;2i;2i;2i;2i;2i;2i;2i;2i;2i;2i;2i;2i;2i;2i;2i;2i;2i;2i,2,50,orbit14_fp2,wyckoff_orbit,14,2i,3,2,True,torus_fractional_coordinate,2i;2i;2i;2i;2i;2i;2i;2i;2i;2i;2i;2i;2i;2i;2i;2i;2i;2i;2i;2i;2i;2i
SG2|2i;2i;2i;2i;2i;2i;2i;2i;2i;2i;2i;2i;2i;2i;2i;2i;2i;2i;2i;2i;2i;2i,2,51,orbit15_fp0,wyckoff_orbit,15,2i,3,0,True,torus_fractional_coordinate,2i;2i;2i;2i;2i;2i;2i;2i;2i;2i;2i;2i;2i;2i;2i;2i;2i;2i;2i;2i;2i;2i
SG2|2i;2i;2i;2i;2i;2i;2i;2i;2i;2i;2i;2i;2i;2i;2i;2i;2i;2i;2i;2i;2i;2i,2,52,orbit15_fp1,wyckoff_orbit,15,2i,3,1,True,torus_fractional_coordinate,2i;2i;2i;2i;2i;2i;2i;2i;2i;2i;2i;2i;2i;2i;2i;2i;2i;2i;2i;2i;2i;2i
SG2|2i;2i;2i;2i;2i;2i;2i;2i;2i;2i;2i;2i;2i;2i;2i;2i;2i;2i;2i;2i;2i;2i,2,53,orbit15_fp2,wyckoff_orbit,15,2i,3,2,True,torus_fractional_coordinate,2i;2i;2i;2i;2i;2i;2i;2i;2i;2i;2i;2i;2i;2i;2i;2i;2i;2i;2i;2i;2i;2i
SG2|2i;2i;2i;2i;2i;2i;2i;2i;2i;2i;2i;2i;2i;2i;2i;2i;2i;2i;2i;2i;2i;2i,2,54,orbit16_fp0,wyckoff_orbit,16,2i,3,0,True,torus_fractional_coordinate,2i;2i;2i;2i;2i;2i;2i;2i;2i;2i;2i;2i;2i;2i;2i;2i;2i;2i;2i;2i;2i;2i
SG2|2i;2i;2i;2i;2i;2i;2i;2i;2i;2i;2i;2i;2i;2i;2i;2i;2i;2i;2i;2i;2i;2i,2,55,orbit16_fp1,wyckoff_orbit,16,2i,3,1,True,torus_fractional_coordinate,2i;2i;2i;2i;2i;2i;2i;2i;2i;2i;2i;2i;2i;2i;2i;2i;2i;2i;2i;2i;2i;2i
SG2|2i;2i;2i;2i;2i;2i;2i;2i;2i;2i;2i;2i;2i;2i;2i;2i;2i;2i;2i;2i;2i;2i,2,56,orbit16_fp2,wyckoff_orbit,16,2i,3,2,True,torus_fractional_coordinate,2i;2i;2i;2i;2i;2i;2i;2i;2i;2i;2i;2i;2i;2i;2i;2i;2i;2i;2i;2i;2i;2i
SG2|2i;2i;2i;2i;2i;2i;2i;2i;2i;2i;2i;2i;2i;2i;2i;2i;2i;2i;2i;2i;2i;2i,2,57,orbit17_fp0,wyckoff_orbit,17,2i,3,0,True,torus_fractional_coordinate,2i;2i;2i;2i;2i;2i;2i;2i;2i;2i;2i;2i;2i;2i;2i;2i;2i;2i;2i;2i;2i;2i
SG2|2i;2i;2i;2i;2i;2i;2i;2i;2i;2i;2i;2i;2i;2i;2i;2i;2i;2i;2i;2i;2i;2i,2,58,orbit17_fp1,wyckoff_orbit,17,2i,3,1,True,torus_fractional_coordinate,2i;2i;2i;2i;2i;2i;2i;2i;2i;2i;2i;2i;2i;2i;2i;2i;2i;2i;2i;2i;2i;2i
SG2|2i;2i;2i;2i;2i;2i;2i;2i;2i;2i;2i;2i;2i;2i;2i;2i;2i;2i;2i;2i;2i;2i,2,59,orbit17_fp2,wyckoff_orbit,17,2i,3,2,True,torus_fractional_coordinate,2i;2i;2i;2i;2i;2i;2i;2i;2i;2i;2i;2i;2i;2i;2i;2i;2i;2i;2i;2i;2i;2i
SG2|2i;2i;2i;2i;2i;2i;2i;2i;2i;2i;2i;2i;2i;2i;2i;2i;2i;2i;2i;2i;2i;2i,2,60,orbit18_fp0,wyckoff_orbit,18,2i,3,0,True,torus_fractional_coordinate,2i;2i;2i;2i;2i;2i;2i;2i;2i;2i;2i;2i;2i;2i;2i;2i;2i;2i;2i;2i;2i;2i
SG2|2i;2i;2i;2i;2i;2i;2i;2i;2i;2i;2i;2i;2i;2i;2i;2i;2i;2i;2i;2i;2i;2i,2,61,orbit18_fp1,wyckoff_orbit,18,2i,3,1,True,torus_fractional_coordinate,2i;2i;2i;2i;2i;2i;2i;2i;2i;2i;2i;2i;2i;2i;2i;2i;2i;2i;2i;2i;2i;2i
SG2|2i;2i;2i;2i;2i;2i;2i;2i;2i;2i;2i;2i;2i;2i;2i;2i;2i;2i;2i;2i;2i;2i,2,62,orbit18_fp2,wyckoff_orbit,18,2i,3,2,True,torus_fractional_coordinate,2i;2i;2i;2i;2i;2i;2i;2i;2i;2i;2i;2i;2i;2i;2i;2i;2i;2i;2i;2i;2i;2i
SG2|2i;2i;2i;2i;2i;2i;2i;2i;2i;2i;2i;2i;2i;2i;2i;2i;2i;2i;2i;2i;2i;2i,2,63,orbit19_fp0,wyckoff_orbit,19,2i,3,0,True,torus_fractional_coordinate,2i;2i;2i;2i;2i;2i;2i;2i;2i;2i;2i;2i;2i;2i;2i;2i;2i;2i;2i;2i;2i;2i
SG2|2i;2i;2i;2i;2i;2i;2i;2i;2i;2i;2i;2i;2i;2i;2i;2i;2i;2i;2i;2i;2i;2i,2,64,orbit19_fp1,wyckoff_orbit,19,2i,3,1,True,torus_fractional_coordinate,2i;2i;2i;2i;2i;2i;2i;2i;2i;2i;2i;2i;2i;2i;2i;2i;2i;2i;2i;2i;2i;2i
SG2|2i;2i;2i;2i;2i;2i;2i;2i;2i;2i;2i;2i;2i;2i;2i;2i;2i;2i;2i;2i;2i;2i,2,65,orbit19_fp2,wyckoff_orbit,19,2i,3,2,True,torus_fractional_coordinate,2i;2i;2i;2i;2i;2i;2i;2i;2i;2i;2i;2i;2i;2i;2i;2i;2i;2i;2i;2i;2i;2i
SG2|2i;2i;2i;2i;2i;2i;2i;2i;2i;2i;2i;2i;2i;2i;2i;2i;2i;2i;2i;2i;2i;2i,2,66,orbit20_fp0,wyckoff_orbit,20,2i,3,0,True,torus_fractional_coordinate,2i;2i;2i;2i;2i;2i;2i;2i;2i;2i;2i;2i;2i;2i;2i;2i;2i;2i;2i;2i;2i;2i
SG2|2i;2i;2i;2i;2i;2i;2i;2i;2i;2i;2i;2i;2i;2i;2i;2i;2i;2i;2i;2i;2i;2i,2,67,orbit20_fp1,wyckoff_orbit,20,2i,3,1,True,torus_fractional_coordinate,2i;2i;2i;2i;2i;2i;2i;2i;2i;2i;2i;2i;2i;2i;2i;2i;2i;2i;2i;2i;2i;2i
SG2|2i;2i;2i;2i;2i;2i;2i;2i;2i;2i;2i;2i;2i;2i;2i;2i;2i;2i;2i;2i;2i;2i,2,68,orbit20_fp2,wyckoff_orbit,20,2i,3,2,True,torus_fractional_coordinate,2i;2i;2i;2i;2i;2i;2i;2i;2i;2i;2i;2i;2i;2i;2i;2i;2i;2i;2i;2i;2i;2i
SG2|2i;2i;2i;2i;2i;2i;2i;2i;2i;2i;2i;2i;2i;2i;2i;2i;2i;2i;2i;2i;2i;2i,2,69,orbit21_fp0,wyckoff_orbit,21,2i,3,0,True,torus_fractional_coordinate,2i;2i;2i;2i;2i;2i;2i;2i;2i;2i;2i;2i;2i;2i;2i;2i;2i;2i;2i;2i;2i;2i
SG2|2i;2i;2i;2i;2i;2i;2i;2i;2i;2i;2i;2i;2i;2i;2i;2i;2i;2i;2i;2i;2i;2i,2,70,orbit21_fp1,wyckoff_orbit,21,2i,3,1,True,torus_fractional_coordinate,2i;2i;2i;2i;2i;2i;2i;2i;2i;2i;2i;2i;2i;2i;2i;2i;2i;2i;2i;2i;2i;2i
SG2|2i;2i;2i;2i;2i;2i;2i;2i;2i;2i;2i;2i;2i;2i;2i;2i;2i;2i;2i;2i;2i;2i,2,71,orbit21_fp2,wyckoff_orbit,21,2i,3,2,True,torus_fractional_coordinate,2i;2i;2i;2i;2i;2i;2i;2i;2i;2i;2i;2i;2i;2i;2i;2i;2i;2i;2i;2i;2i;2i
SG2|2i;2i;2i;2i;2i;2i;2i;2i;2i;2i;2i;2i;2i;2i;2i;2i;2i;2i;2i;2i,2,0,lattice_a,lattice,-1,,0,-1,False,positive_length,2i;2i;2i;2i;2i;2i;2i;2i;2i;2i;2i;2i;2i;2i;2i;2i;2i;2i;2i;2i
SG2|2i;2i;2i;2i;2i;2i;2i;2i;2i;2i;2i;2i;2i;2i;2i;2i;2i;2i;2i;2i,2,1,lattice_b,lattice,-1,,0,-1,False,positive_length,2i;2i;2i;2i;2i;2i;2i;2i;2i;2i;2i;2i;2i;2i;2i;2i;2i;2i;2i;2i
SG2|2i;2i;2i;2i;2i;2i;2i;2i;2i;2i;2i;2i;2i;2i;2i;2i;2i;2i;2i;2i,2,2,lattice_c,lattice,-1,,0,-1,False,positive_length,2i;2i;2i;2i;2i;2i;2i;2i;2i;2i;2i;2i;2i;2i;2i;2i;2i;2i;2i;2i
SG2|2i;2i;2i;2i;2i;2i;2i;2i;2i;2i;2i;2i;2i;2i;2i;2i;2i;2i;2i;2i,2,3,alpha,lattice,-1,,0,-1,False,angle_degree,2i;2i;2i;2i;2i;2i;2i;2i;2i;2i;2i;2i;2i;2i;2i;2i;2i;2i;2i;2i
SG2|2i;2i;2i;2i;2i;2i;2i;2i;2i;2i;2i;2i;2i;2i;2i;2i;2i;2i;2i;2i,2,4,beta,lattice,-1,,0,-1,False,angle_degree,2i;2i;2i;2i;2i;2i;2i;2i;2i;2i;2i;2i;2i;2i;2i;2i;2i;2i;2i;2i
SG2|2i;2i;2i;2i;2i;2i;2i;2i;2i;2i;2i;2i;2i;2i;2i;2i;2i;2i;2i;2i,2,5,gamma,lattice,-1,,0,-1,False,angle_degree,2i;2i;2i;2i;2i;2i;2i;2i;2i;2i;2i;2i;2i;2i;2i;2i;2i;2i;2i;2i
SG2|2i;2i;2i;2i;2i;2i;2i;2i;2i;2i;2i;2i;2i;2i;2i;2i;2i;2i;2i;2i,2,6,orbit0_fp0,wyckoff_orbit,0,2i,3,0,True,torus_fractional_coordinate,2i;2i;2i;2i;2i;2i;2i;2i;2i;2i;2i;2i;2i;2i;2i;2i;2i;2i;2i;2i
SG2|2i;2i;2i;2i;2i;2i;2i;2i;2i;2i;2i;2i;2i;2i;2i;2i;2i;2i;2i;2i,2,7,orbit0_fp1,wyckoff_orbit,0,2i,3,1,True,torus_fractional_coordinate,2i;2i;2i;2i;2i;2i;2i;2i;2i;2i;2i;2i;2i;2i;2i;2i;2i;2i;2i;2i
SG2|2i;2i;2i;2i;2i;2i;2i;2i;2i;2i;2i;2i;2i;2i;2i;2i;2i;2i;2i;2i,2,8,orbit0_fp2,wyckoff_orbit,0,2i,3,2,True,torus_fractional_coordinate,2i;2i;2i;2i;2i;2i;2i;2i;2i;2i;2i;2i;2i;2i;2i;2i;2i;2i;2i;2i
SG2|2i;2i;2i;2i;2i;2i;2i;2i;2i;2i;2i;2i;2i;2i;2i;2i;2i;2i;2i;2i,2,9,orbit1_fp0,wyckoff_orbit,1,2i,3,0,True,torus_fractional_coordinate,2i;2i;2i;2i;2i;2i;2i;2i;2i;2i;2i;2i;2i;2i;2i;2i;2i;2i;2i;2i
SG2|2i;2i;2i;2i;2i;2i;2i;2i;2i;2i;2i;2i;2i;2i;2i;2i;2i;2i;2i;2i,2,10,orbit1_fp1,wyckoff_orbit,1,2i,3,1,True,torus_fractional_coordinate,2i;2i;2i;2i;2i;2i;2i;2i;2i;2i;2i;2i;2i;2i;2i;2i;2i;2i;2i;2i
SG2|2i;2i;2i;2i;2i;2i;2i;2i;2i;2i;2i;2i;2i;2i;2i;2i;2i;2i;2i;2i,2,11,orbit1_fp2,wyckoff_orbit,1,2i,3,2,True,torus_fractional_coordinate,2i;2i;2i;2i;2i;2i;2i;2i;2i;2i;2i;2i;2i;2i;2i;2i;2i;2i;2i;2i
SG2|2i;2i;2i;2i;2i;2i;2i;2i;2i;2i;2i;2i;2i;2i;2i;2i;2i;2i;2i;2i,2,12,orbit2_fp0,wyckoff_orbit,2,2i,3,0,True,torus_fractional_coordinate,2i;2i;2i;2i;2i;2i;2i;2i;2i;2i;2i;2i;2i;2i;2i;2i;2i;2i;2i;2i
SG2|2i;2i;2i;2i;2i;2i;2i;2i;2i;2i;2i;2i;2i;2i;2i;2i;2i;2i;2i;2i,2,13,orbit2_fp1,wyckoff_orbit,2,2i,3,1,True,torus_fractional_coordinate,2i;2i;2i;2i;2i;2i;2i;2i;2i;2i;2i;2i;2i;2i;2i;2i;2i;2i;2i;2i
SG2|2i;2i;2i;2i;2i;2i;2i;2i;2i;2i;2i;2i;2i;2i;2i;2i;2i;2i;2i;2i,2,14,orbit2_fp2,wyckoff_orbit,2,2i,3,2,True,torus_fractional_coordinate,2i;2i;2i;2i;2i;2i;2i;2i;2i;2i;2i;2i;2i;2i;2i;2i;2i;2i;2i;2i
SG2|2i;2i;2i;2i;2i;2i;2i;2i;2i;2i;2i;2i;2i;2i;2i;2i;2i;2i;2i;2i,2,15,orbit3_fp0,wyckoff_orbit,3,2i,3,0,True,torus_fractional_coordinate,2i;2i;2i;2i;2i;2i;2i;2i;2i;2i;2i;2i;2i;2i;2i;2i;2i;2i;2i;2i
SG2|2i;2i;2i;2i;2i;2i;2i;2i;2i;2i;2i;2i;2i;2i;2i;2i;2i;2i;2i;2i,2,16,orbit3_fp1,wyckoff_orbit,3,2i,3,1,True,torus_fractional_coordinate,2i;2i;2i;2i;2i;2i;2i;2i;2i;2i;2i;2i;2i;2i;2i;2i;2i;2i;2i;2i
SG2|2i;2i;2i;2i;2i;2i;2i;2i;2i;2i;2i;2i;2i;2i;2i;2i;2i;2i;2i;2i,2,17,orbit3_fp2,wyckoff_orbit,3,2i,3,2,True,torus_fractional_coordinate,2i;2i;2i;2i;2i;2i;2i;2i;2i;2i;2i;2i;2i;2i;2i;2i;2i;2i;2i;2i
SG2|2i;2i;2i;2i;2i;2i;2i;2i;2i;2i;2i;2i;2i;2i;2i;2i;2i;2i;2i;2i,2,18,orbit4_fp0,wyckoff_orbit,4,2i,3,0,True,torus_fractional_coordinate,2i;2i;2i;2i;2i;2i;2i;2i;2i;2i;2i;2i;2i;2i;2i;2i;2i;2i;2i;2i
SG2|2i;2i;2i;2i;2i;2i;2i;2i;2i;2i;2i;2i;2i;2i;2i;2i;2i;2i;2i;2i,2,19,orbit4_fp1,wyckoff_orbit,4,2i,3,1,True,torus_fractional_coordinate,2i;2i;2i;2i;2i;2i;2i;2i;2i;2i;2i;2i;2i;2i;2i;2i;2i;2i;2i;2i
SG2|2i;2i;2i;2i;2i;2i;2i;2i;2i;2i;2i;2i;2i;2i;2i;2i;2i;2i;2i;2i,2,20,orbit4_fp2,wyckoff_orbit,4,2i,3,2,True,torus_fractional_coordinate,2i;2i;2i;2i;2i;2i;2i;2i;2i;2i;2i;2i;2i;2i;2i;2i;2i;2i;2i;2i
SG2|2i;2i;2i;2i;2i;2i;2i;2i;2i;2i;2i;2i;2i;2i;2i;2i;2i;2i;2i;2i,2,21,orbit5_fp0,wyckoff_orbit,5,2i,3,0,True,torus_fractional_coordinate,2i;2i;2i;2i;2i;2i;2i;2i;2i;2i;2i;2i;2i;2i;2i;2i;2i;2i;2i;2i
SG2|2i;2i;2i;2i;2i;2i;2i;2i;2i;2i;2i;2i;2i;2i;2i;2i;2i;2i;2i;2i,2,22,orbit5_fp1,wyckoff_orbit,5,2i,3,1,True,torus_fractional_coordinate,2i;2i;2i;2i;2i;2i;2i;2i;2i;2i;2i;2i;2i;2i;2i;2i;2i;2i;2i;2i
SG2|2i;2i;2i;2i;2i;2i;2i;2i;2i;2i;2i;2i;2i;2i;2i;2i;2i;2i;2i;2i,2,23,orbit5_fp2,wyckoff_orbit,5,2i,3,2,True,torus_fractional_coordinate,2i;2i;2i;2i;2i;2i;2i;2i;2i;2i;2i;2i;2i;2i;2i;2i;2i;2i;2i;2i
SG2|2i;2i;2i;2i;2i;2i;2i;2i;2i;2i;2i;2i;2i;2i;2i;2i;2i;2i;2i;2i,2,24,orbit6_fp0,wyckoff_orbit,6,2i,3,0,True,torus_fractional_coordinate,2i;2i;2i;2i;2i;2i;2i;2i;2i;2i;2i;2i;2i;2i;2i;2i;2i;2i;2i;2i
SG2|2i;2i;2i;2i;2i;2i;2i;2i;2i;2i;2i;2i;2i;2i;2i;2i;2i;2i;2i;2i,2,25,orbit6_fp1,wyckoff_orbit,6,2i,3,1,True,torus_fractional_coordinate,2i;2i;2i;2i;2i;2i;2i;2i;2i;2i;2i;2i;2i;2i;2i;2i;2i;2i;2i;2i
SG2|2i;2i;2i;2i;2i;2i;2i;2i;2i;2i;2i;2i;2i;2i;2i;2i;2i;2i;2i;2i,2,26,orbit6_fp2,wyckoff_orbit,6,2i,3,2,True,torus_fractional_coordinate,2i;2i;2i;2i;2i;2i;2i;2i;2i;2i;2i;2i;2i;2i;2i;2i;2i;2i;2i;2i
SG2|2i;2i;2i;2i;2i;2i;2i;2i;2i;2i;2i;2i;2i;2i;2i;2i;2i;2i;2i;2i,2,27,orbit7_fp0,wyckoff_orbit,7,2i,3,0,True,torus_fractional_coordinate,2i;2i;2i;2i;2i;2i;2i;2i;2i;2i;2i;2i;2i;2i;2i;2i;2i;2i;2i;2i
SG2|2i;2i;2i;2i;2i;2i;2i;2i;2i;2i;2i;2i;2i;2i;2i;2i;2i;2i;2i;2i,2,28,orbit7_fp1,wyckoff_orbit,7,2i,3,1,True,torus_fractional_coordinate,2i;2i;2i;2i;2i;2i;2i;2i;2i;2i;2i;2i;2i;2i;2i;2i;2i;2i;2i;2i
SG2|2i;2i;2i;2i;2i;2i;2i;2i;2i;2i;2i;2i;2i;2i;2i;2i;2i;2i;2i;2i,2,29,orbit7_fp2,wyckoff_orbit,7,2i,3,2,True,torus_fractional_coordinate,2i;2i;2i;2i;2i;2i;2i;2i;2i;2i;2i;2i;2i;2i;2i;2i;2i;2i;2i;2i
SG2|2i;2i;2i;2i;2i;2i;2i;2i;2i;2i;2i;2i;2i;2i;2i;2i;2i;2i;2i;2i,2,30,orbit8_fp0,wyckoff_orbit,8,2i,3,0,True,torus_fractional_coordinate,2i;2i;2i;2i;2i;2i;2i;2i;2i;2i;2i;2i;2i;2i;2i;2i;2i;2i;2i;2i
SG2|2i;2i;2i;2i;2i;2i;2i;2i;2i;2i;2i;2i;2i;2i;2i;2i;2i;2i;2i;2i,2,31,orbit8_fp1,wyckoff_orbit,8,2i,3,1,True,torus_fractional_coordinate,2i;2i;2i;2i;2i;2i;2i;2i;2i;2i;2i;2i;2i;2i;2i;2i;2i;2i;2i;2i
SG2|2i;2i;2i;2i;2i;2i;2i;2i;2i;2i;2i;2i;2i;2i;2i;2i;2i;2i;2i;2i,2,32,orbit8_fp2,wyckoff_orbit,8,2i,3,2,True,torus_fractional_coordinate,2i;2i;2i;2i;2i;2i;2i;2i;2i;2i;2i;2i;2i;2i;2i;2i;2i;2i;2i;2i
SG2|2i;2i;2i;2i;2i;2i;2i;2i;2i;2i;2i;2i;2i;2i;2i;2i;2i;2i;2i;2i,2,33,orbit9_fp0,wyckoff_orbit,9,2i,3,0,True,torus_fractional_coordinate,2i;2i;2i;2i;2i;2i;2i;2i;2i;2i;2i;2i;2i;2i;2i;2i;2i;2i;2i;2i
SG2|2i;2i;2i;2i;2i;2i;2i;2i;2i;2i;2i;2i;2i;2i;2i;2i;2i;2i;2i;2i,2,34,orbit9_fp1,wyckoff_orbit,9,2i,3,1,True,torus_fractional_coordinate,2i;2i;2i;2i;2i;2i;2i;2i;2i;2i;2i;2i;2i;2i;2i;2i;2i;2i;2i;2i
SG2|2i;2i;2i;2i;2i;2i;2i;2i;2i;2i;2i;2i;2i;2i;2i;2i;2i;2i;2i;2i,2,35,orbit9_fp2,wyckoff_orbit,9,2i,3,2,True,torus_fractional_coordinate,2i;2i;2i;2i;2i;2i;2i;2i;2i;2i;2i;2i;2i;2i;2i;2i;2i;2i;2i;2i
SG2|2i;2i;2i;2i;2i;2i;2i;2i;2i;2i;2i;2i;2i;2i;2i;2i;2i;2i;2i;2i,2,36,orbit10_fp0,wyckoff_orbit,10,2i,3,0,True,torus_fractional_coordinate,2i;2i;2i;2i;2i;2i;2i;2i;2i;2i;2i;2i;2i;2i;2i;2i;2i;2i;2i;2i
SG2|2i;2i;2i;2i;2i;2i;2i;2i;2i;2i;2i;2i;2i;2i;2i;2i;2i;2i;2i;2i,2,37,orbit10_fp1,wyckoff_orbit,10,2i,3,1,True,torus_fractional_coordinate,2i;2i;2i;2i;2i;2i;2i;2i;2i;2i;2i;2i;2i;2i;2i;2i;2i;2i;2i;2i
SG2|2i;2i;2i;2i;2i;2i;2i;2i;2i;2i;2i;2i;2i;2i;2i;2i;2i;2i;2i;2i,2,38,orbit10_fp2,wyckoff_orbit,10,2i,3,2,True,torus_fractional_coordinate,2i;2i;2i;2i;2i;2i;2i;2i;2i;2i;2i;2i;2i;2i;2i;2i;2i;2i;2i;2i
SG2|2i;2i;2i;2i;2i;2i;2i;2i;2i;2i;2i;2i;2i;2i;2i;2i;2i;2i;2i;2i,2,39,orbit11_fp0,wyckoff_orbit,11,2i,3,0,True,torus_fractional_coordinate,2i;2i;2i;2i;2i;2i;2i;2i;2i;2i;2i;2i;2i;2i;2i;2i;2i;2i;2i;2i
SG2|2i;2i;2i;2i;2i;2i;2i;2i;2i;2i;2i;2i;2i;2i;2i;2i;2i;2i;2i;2i,2,40,orbit11_fp1,wyckoff_orbit,11,2i,3,1,True,torus_fractional_coordinate,2i;2i;2i;2i;2i;2i;2i;2i;2i;2i;2i;2i;2i;2i;2i;2i;2i;2i;2i;2i
SG2|2i;2i;2i;2i;2i;2i;2i;2i;2i;2i;2i;2i;2i;2i;2i;2i;2i;2i;2i;2i,2,41,orbit11_fp2,wyckoff_orbit,11,2i,3,2,True,torus_fractional_coordinate,2i;2i;2i;2i;2i;2i;2i;2i;2i;2i;2i;2i;2i;2i;2i;2i;2i;2i;2i;2i
SG2|2i;2i;2i;2i;2i;2i;2i;2i;2i;2i;2i;2i;2i;2i;2i;2i;2i;2i;2i;2i,2,42,orbit12_fp0,wyckoff_orbit,12,2i,3,0,True,torus_fractional_coordinate,2i;2i;2i;2i;2i;2i;2i;2i;2i;2i;2i;2i;2i;2i;2i;2i;2i;2i;2i;2i
SG2|2i;2i;2i;2i;2i;2i;2i;2i;2i;2i;2i;2i;2i;2i;2i;2i;2i;2i;2i;2i,2,43,orbit12_fp1,wyckoff_orbit,12,2i,3,1,True,torus_fractional_coordinate,2i;2i;2i;2i;2i;2i;2i;2i;2i;2i;2i;2i;2i;2i;2i;2i;2i;2i;2i;2i
SG2|2i;2i;2i;2i;2i;2i;2i;2i;2i;2i;2i;2i;2i;2i;2i;2i;2i;2i;2i;2i,2,44,orbit12_fp2,wyckoff_orbit,12,2i,3,2,True,torus_fractional_coordinate,2i;2i;2i;2i;2i;2i;2i;2i;2i;2i;2i;2i;2i;2i;2i;2i;2i;2i;2i;2i
SG2|2i;2i;2i;2i;2i;2i;2i;2i;2i;2i;2i;2i;2i;2i;2i;2i;2i;2i;2i;2i,2,45,orbit13_fp0,wyckoff_orbit,13,2i,3,0,True,torus_fractional_coordinate,2i;2i;2i;2i;2i;2i;2i;2i;2i;2i;2i;2i;2i;2i;2i;2i;2i;2i;2i;2i
SG2|2i;2i;2i;2i;2i;2i;2i;2i;2i;2i;2i;2i;2i;2i;2i;2i;2i;2i;2i;2i,2,46,orbit13_fp1,wyckoff_orbit,13,2i,3,1,True,torus_fractional_coordinate,2i;2i;2i;2i;2i;2i;2i;2i;2i;2i;2i;2i;2i;2i;2i;2i;2i;2i;2i;2i
SG2|2i;2i;2i;2i;2i;2i;2i;2i;2i;2i;2i;2i;2i;2i;2i;2i;2i;2i;2i;2i,2,47,orbit13_fp2,wyckoff_orbit,13,2i,3,2,True,torus_fractional_coordinate,2i;2i;2i;2i;2i;2i;2i;2i;2i;2i;2i;2i;2i;2i;2i;2i;2i;2i;2i;2i
SG2|2i;2i;2i;2i;2i;2i;2i;2i;2i;2i;2i;2i;2i;2i;2i;2i;2i;2i;2i;2i,2,48,orbit14_fp0,wyckoff_orbit,14,2i,3,0,True,torus_fractional_coordinate,2i;2i;2i;2i;2i;2i;2i;2i;2i;2i;2i;2i;2i;2i;2i;2i;2i;2i;2i;2i
SG2|2i;2i;2i;2i;2i;2i;2i;2i;2i;2i;2i;2i;2i;2i;2i;2i;2i;2i;2i;2i,2,49,orbit14_fp1,wyckoff_orbit,14,2i,3,1,True,torus_fractional_coordinate,2i;2i;2i;2i;2i;2i;2i;2i;2i;2i;2i;2i;2i;2i;2i;2i;2i;2i;2i;2i
SG2|2i;2i;2i;2i;2i;2i;2i;2i;2i;2i;2i;2i;2i;2i;2i;2i;2i;2i;2i;2i,2,50,orbit14_fp2,wyckoff_orbit,14,2i,3,2,True,torus_fractional_coordinate,2i;2i;2i;2i;2i;2i;2i;2i;2i;2i;2i;2i;2i;2i;2i;2i;2i;2i;2i;2i
SG2|2i;2i;2i;2i;2i;2i;2i;2i;2i;2i;2i;2i;2i;2i;2i;2i;2i;2i;2i;2i,2,51,orbit15_fp0,wyckoff_orbit,15,2i,3,0,True,torus_fractional_coordinate,2i;2i;2i;2i;2i;2i;2i;2i;2i;2i;2i;2i;2i;2i;2i;2i;2i;2i;2i;2i
SG2|2i;2i;2i;2i;2i;2i;2i;2i;2i;2i;2i;2i;2i;2i;2i;2i;2i;2i;2i;2i,2,52,orbit15_fp1,wyckoff_orbit,15,2i,3,1,True,torus_fractional_coordinate,2i;2i;2i;2i;2i;2i;2i;2i;2i;2i;2i;2i;2i;2i;2i;2i;2i;2i;2i;2i
SG2|2i;2i;2i;2i;2i;2i;2i;2i;2i;2i;2i;2i;2i;2i;2i;2i;2i;2i;2i;2i,2,53,orbit15_fp2,wyckoff_orbit,15,2i,3,2,True,torus_fractional_coordinate,2i;2i;2i;2i;2i;2i;2i;2i;2i;2i;2i;2i;2i;2i;2i;2i;2i;2i;2i;2i
SG2|2i;2i;2i;2i;2i;2i;2i;2i;2i;2i;2i;2i;2i;2i;2i;2i;2i;2i;2i;2i,2,54,orbit16_fp0,wyckoff_orbit,16,2i,3,0,True,torus_fractional_coordinate,2i;2i;2i;2i;2i;2i;2i;2i;2i;2i;2i;2i;2i;2i;2i;2i;2i;2i;2i;2i
SG2|2i;2i;2i;2i;2i;2i;2i;2i;2i;2i;2i;2i;2i;2i;2i;2i;2i;2i;2i;2i,2,55,orbit16_fp1,wyckoff_orbit,16,2i,3,1,True,torus_fractional_coordinate,2i;2i;2i;2i;2i;2i;2i;2i;2i;2i;2i;2i;2i;2i;2i;2i;2i;2i;2i;2i
SG2|2i;2i;2i;2i;2i;2i;2i;2i;2i;2i;2i;2i;2i;2i;2i;2i;2i;2i;2i;2i,2,56,orbit16_fp2,wyckoff_orbit,16,2i,3,2,True,torus_fractional_coordinate,2i;2i;2i;2i;2i;2i;2i;2i;2i;2i;2i;2i;2i;2i;2i;2i;2i;2i;2i;2i
SG2|2i;2i;2i;2i;2i;2i;2i;2i;2i;2i;2i;2i;2i;2i;2i;2i;2i;2i;2i;2i,2,57,orbit17_fp0,wyckoff_orbit,17,2i,3,0,True,torus_fractional_coordinate,2i;2i;2i;2i;2i;2i;2i;2i;2i;2i;2i;2i;2i;2i;2i;2i;2i;2i;2i;2i
SG2|2i;2i;2i;2i;2i;2i;2i;2i;2i;2i;2i;2i;2i;2i;2i;2i;2i;2i;2i;2i,2,58,orbit17_fp1,wyckoff_orbit,17,2i,3,1,True,torus_fractional_coordinate,2i;2i;2i;2i;2i;2i;2i;2i;2i;2i;2i;2i;2i;2i;2i;2i;2i;2i;2i;2i
SG2|2i;2i;2i;2i;2i;2i;2i;2i;2i;2i;2i;2i;2i;2i;2i;2i;2i;2i;2i;2i,2,59,orbit17_fp2,wyckoff_orbit,17,2i,3,2,True,torus_fractional_coordinate,2i;2i;2i;2i;2i;2i;2i;2i;2i;2i;2i;2i;2i;2i;2i;2i;2i;2i;2i;2i
SG2|2i;2i;2i;2i;2i;2i;2i;2i;2i;2i;2i;2i;2i;2i;2i;2i;2i;2i;2i;2i,2,60,orbit18_fp0,wyckoff_orbit,18,2i,3,0,True,torus_fractional_coordinate,2i;2i;2i;2i;2i;2i;2i;2i;2i;2i;2i;2i;2i;2i;2i;2i;2i;2i;2i;2i
SG2|2i;2i;2i;2i;2i;2i;2i;2i;2i;2i;2i;2i;2i;2i;2i;2i;2i;2i;2i;2i,2,61,orbit18_fp1,wyckoff_orbit,18,2i,3,1,True,torus_fractional_coordinate,2i;2i;2i;2i;2i;2i;2i;2i;2i;2i;2i;2i;2i;2i;2i;2i;2i;2i;2i;2i
SG2|2i;2i;2i;2i;2i;2i;2i;2i;2i;2i;2i;2i;2i;2i;2i;2i;2i;2i;2i;2i,2,62,orbit18_fp2,wyckoff_orbit,18,2i,3,2,True,torus_fractional_coordinate,2i;2i;2i;2i;2i;2i;2i;2i;2i;2i;2i;2i;2i;2i;2i;2i;2i;2i;2i;2i
SG2|2i;2i;2i;2i;2i;2i;2i;2i;2i;2i;2i;2i;2i;2i;2i;2i;2i;2i;2i;2i,2,63,orbit19_fp0,wyckoff_orbit,19,2i,3,0,True,torus_fractional_coordinate,2i;2i;2i;2i;2i;2i;2i;2i;2i;2i;2i;2i;2i;2i;2i;2i;2i;2i;2i;2i
SG2|2i;2i;2i;2i;2i;2i;2i;2i;2i;2i;2i;2i;2i;2i;2i;2i;2i;2i;2i;2i,2,64,orbit19_fp1,wyckoff_orbit,19,2i,3,1,True,torus_fractional_coordinate,2i;2i;2i;2i;2i;2i;2i;2i;2i;2i;2i;2i;2i;2i;2i;2i;2i;2i;2i;2i
SG2|2i;2i;2i;2i;2i;2i;2i;2i;2i;2i;2i;2i;2i;2i;2i;2i;2i;2i;2i;2i,2,65,orbit19_fp2,wyckoff_orbit,19,2i,3,2,True,torus_fractional_coordinate,2i;2i;2i;2i;2i;2i;2i;2i;2i;2i;2i;2i;2i;2i;2i;2i;2i;2i;2i;2i
SG2|2i;2i;2i;2i;2i;2i;2i;2i;2i;2i;2i;2i;2i;2i;2i;2i;2i;2i;2i,2,0,lattice_a,lattice,-1,,0,-1,False,positive_length,2i;2i;2i;2i;2i;2i;2i;2i;2i;2i;2i;2i;2i;2i;2i;2i;2i;2i;2i
SG2|2i;2i;2i;2i;2i;2i;2i;2i;2i;2i;2i;2i;2i;2i;2i;2i;2i;2i;2i,2,1,lattice_b,lattice,-1,,0,-1,False,positive_length,2i;2i;2i;2i;2i;2i;2i;2i;2i;2i;2i;2i;2i;2i;2i;2i;2i;2i;2i
SG2|2i;2i;2i;2i;2i;2i;2i;2i;2i;2i;2i;2i;2i;2i;2i;2i;2i;2i;2i,2,2,lattice_c,lattice,-1,,0,-1,False,positive_length,2i;2i;2i;2i;2i;2i;2i;2i;2i;2i;2i;2i;2i;2i;2i;2i;2i;2i;2i
SG2|2i;2i;2i;2i;2i;2i;2i;2i;2i;2i;2i;2i;2i;2i;2i;2i;2i;2i;2i,2,3,alpha,lattice,-1,,0,-1,False,angle_degree,2i;2i;2i;2i;2i;2i;2i;2i;2i;2i;2i;2i;2i;2i;2i;2i;2i;2i;2i
SG2|2i;2i;2i;2i;2i;2i;2i;2i;2i;2i;2i;2i;2i;2i;2i;2i;2i;2i;2i,2,4,beta,lattice,-1,,0,-1,False,angle_degree,2i;2i;2i;2i;2i;2i;2i;2i;2i;2i;2i;2i;2i;2i;2i;2i;2i;2i;2i
SG2|2i;2i;2i;2i;2i;2i;2i;2i;2i;2i;2i;2i;2i;2i;2i;2i;2i;2i;2i,2,5,gamma,lattice,-1,,0,-1,False,angle_degree,2i;2i;2i;2i;2i;2i;2i;2i;2i;2i;2i;2i;2i;2i;2i;2i;2i;2i;2i
SG2|2i;2i;2i;2i;2i;2i;2i;2i;2i;2i;2i;2i;2i;2i;2i;2i;2i;2i;2i,2,6,orbit0_fp0,wyckoff_orbit,0,2i,3,0,True,torus_fractional_coordinate,2i;2i;2i;2i;2i;2i;2i;2i;2i;2i;2i;2i;2i;2i;2i;2i;2i;2i;2i
SG2|2i;2i;2i;2i;2i;2i;2i;2i;2i;2i;2i;2i;2i;2i;2i;2i;2i;2i;2i,2,7,orbit0_fp1,wyckoff_orbit,0,2i,3,1,True,torus_fractional_coordinate,2i;2i;2i;2i;2i;2i;2i;2i;2i;2i;2i;2i;2i;2i;2i;2i;2i;2i;2i
SG2|2i;2i;2i;2i;2i;2i;2i;2i;2i;2i;2i;2i;2i;2i;2i;2i;2i;2i;2i,2,8,orbit0_fp2,wyckoff_orbit,0,2i,3,2,True,torus_fractional_coordinate,2i;2i;2i;2i;2i;2i;2i;2i;2i;2i;2i;2i;2i;2i;2i;2i;2i;2i;2i
SG2|2i;2i;2i;2i;2i;2i;2i;2i;2i;2i;2i;2i;2i;2i;2i;2i;2i;2i;2i,2,9,orbit1_fp0,wyckoff_orbit,1,2i,3,0,True,torus_fractional_coordinate,2i;2i;2i;2i;2i;2i;2i;2i;2i;2i;2i;2i;2i;2i;2i;2i;2i;2i;2i
SG2|2i;2i;2i;2i;2i;2i;2i;2i;2i;2i;2i;2i;2i;2i;2i;2i;2i;2i;2i,2,10,orbit1_fp1,wyckoff_orbit,1,2i,3,1,True,torus_fractional_coordinate,2i;2i;2i;2i;2i;2i;2i;2i;2i;2i;2i;2i;2i;2i;2i;2i;2i;2i;2i
SG2|2i;2i;2i;2i;2i;2i;2i;2i;2i;2i;2i;2i;2i;2i;2i;2i;2i;2i;2i,2,11,orbit1_fp2,wyckoff_orbit,1,2i,3,2,True,torus_fractional_coordinate,2i;2i;2i;2i;2i;2i;2i;2i;2i;2i;2i;2i;2i;2i;2i;2i;2i;2i;2i
SG2|2i;2i;2i;2i;2i;2i;2i;2i;2i;2i;2i;2i;2i;2i;2i;2i;2i;2i;2i,2,12,orbit2_fp0,wyckoff_orbit,2,2i,3,0,True,torus_fractional_coordinate,2i;2i;2i;2i;2i;2i;2i;2i;2i;2i;2i;2i;2i;2i;2i;2i;2i;2i;2i
SG2|2i;2i;2i;2i;2i;2i;2i;2i;2i;2i;2i;2i;2i;2i;2i;2i;2i;2i;2i,2,13,orbit2_fp1,wyckoff_orbit,2,2i,3,1,True,torus_fractional_coordinate,2i;2i;2i;2i;2i;2i;2i;2i;2i;2i;2i;2i;2i;2i;2i;2i;2i;2i;2i
SG2|2i;2i;2i;2i;2i;2i;2i;2i;2i;2i;2i;2i;2i;2i;2i;2i;2i;2i;2i,2,14,orbit2_fp2,wyckoff_orbit,2,2i,3,2,True,torus_fractional_coordinate,2i;2i;2i;2i;2i;2i;2i;2i;2i;2i;2i;2i;2i;2i;2i;2i;2i;2i;2i
SG2|2i;2i;2i;2i;2i;2i;2i;2i;2i;2i;2i;2i;2i;2i;2i;2i;2i;2i;2i,2,15,orbit3_fp0,wyckoff_orbit,3,2i,3,0,True,torus_fractional_coordinate,2i;2i;2i;2i;2i;2i;2i;2i;2i;2i;2i;2i;2i;2i;2i;2i;2i;2i;2i
SG2|2i;2i;2i;2i;2i;2i;2i;2i;2i;2i;2i;2i;2i;2i;2i;2i;2i;2i;2i,2,16,orbit3_fp1,wyckoff_orbit,3,2i,3,1,True,torus_fractional_coordinate,2i;2i;2i;2i;2i;2i;2i;2i;2i;2i;2i;2i;2i;2i;2i;2i;2i;2i;2i
SG2|2i;2i;2i;2i;2i;2i;2i;2i;2i;2i;2i;2i;2i;2i;2i;2i;2i;2i;2i,2,17,orbit3_fp2,wyckoff_orbit,3,2i,3,2,True,torus_fractional_coordinate,2i;2i;2i;2i;2i;2i;2i;2i;2i;2i;2i;2i;2i;2i;2i;2i;2i;2i;2i
SG2|2i;2i;2i;2i;2i;2i;2i;2i;2i;2i;2i;2i;2i;2i;2i;2i;2i;2i;2i,2,18,orbit4_fp0,wyckoff_orbit,4,2i,3,0,True,torus_fractional_coordinate,2i;2i;2i;2i;2i;2i;2i;2i;2i;2i;2i;2i;2i;2i;2i;2i;2i;2i;2i
SG2|2i;2i;2i;2i;2i;2i;2i;2i;2i;2i;2i;2i;2i;2i;2i;2i;2i;2i;2i,2,19,orbit4_fp1,wyckoff_orbit,4,2i,3,1,True,torus_fractional_coordinate,2i;2i;2i;2i;2i;2i;2i;2i;2i;2i;2i;2i;2i;2i;2i;2i;2i;2i;2i
SG2|2i;2i;2i;2i;2i;2i;2i;2i;2i;2i;2i;2i;2i;2i;2i;2i;2i;2i;2i,2,20,orbit4_fp2,wyckoff_orbit,4,2i,3,2,True,torus_fractional_coordinate,2i;2i;2i;2i;2i;2i;2i;2i;2i;2i;2i;2i;2i;2i;2i;2i;2i;2i;2i
SG2|2i;2i;2i;2i;2i;2i;2i;2i;2i;2i;2i;2i;2i;2i;2i;2i;2i;2i;2i,2,21,orbit5_fp0,wyckoff_orbit,5,2i,3,0,True,torus_fractional_coordinate,2i;2i;2i;2i;2i;2i;2i;2i;2i;2i;2i;2i;2i;2i;2i;2i;2i;2i;2i
SG2|2i;2i;2i;2i;2i;2i;2i;2i;2i;2i;2i;2i;2i;2i;2i;2i;2i;2i;2i,2,22,orbit5_fp1,wyckoff_orbit,5,2i,3,1,True,torus_fractional_coordinate,2i;2i;2i;2i;2i;2i;2i;2i;2i;2i;2i;2i;2i;2i;2i;2i;2i;2i;2i
SG2|2i;2i;2i;2i;2i;2i;2i;2i;2i;2i;2i;2i;2i;2i;2i;2i;2i;2i;2i,2,23,orbit5_fp2,wyckoff_orbit,5,2i,3,2,True,torus_fractional_coordinate,2i;2i;2i;2i;2i;2i;2i;2i;2i;2i;2i;2i;2i;2i;2i;2i;2i;2i;2i
SG2|2i;2i;2i;2i;2i;2i;2i;2i;2i;2i;2i;2i;2i;2i;2i;2i;2i;2i;2i,2,24,orbit6_fp0,wyckoff_orbit,6,2i,3,0,True,torus_fractional_coordinate,2i;2i;2i;2i;2i;2i;2i;2i;2i;2i;2i;2i;2i;2i;2i;2i;2i;2i;2i
SG2|2i;2i;2i;2i;2i;2i;2i;2i;2i;2i;2i;2i;2i;2i;2i;2i;2i;2i;2i,2,25,orbit6_fp1,wyckoff_orbit,6,2i,3,1,True,torus_fractional_coordinate,2i;2i;2i;2i;2i;2i;2i;2i;2i;2i;2i;2i;2i;2i;2i;2i;2i;2i;2i
SG2|2i;2i;2i;2i;2i;2i;2i;2i;2i;2i;2i;2i;2i;2i;2i;2i;2i;2i;2i,2,26,orbit6_fp2,wyckoff_orbit,6,2i,3,2,True,torus_fractional_coordinate,2i;2i;2i;2i;2i;2i;2i;2i;2i;2i;2i;2i;2i;2i;2i;2i;2i;2i;2i
SG2|2i;2i;2i;2i;2i;2i;2i;2i;2i;2i;2i;2i;2i;2i;2i;2i;2i;2i;2i,2,27,orbit7_fp0,wyckoff_orbit,7,2i,3,0,True,torus_fractional_coordinate,2i;2i;2i;2i;2i;2i;2i;2i;2i;2i;2i;2i;2i;2i;2i;2i;2i;2i;2i
SG2|2i;2i;2i;2i;2i;2i;2i;2i;2i;2i;2i;2i;2i;2i;2i;2i;2i;2i;2i,2,28,orbit7_fp1,wyckoff_orbit,7,2i,3,1,True,torus_fractional_coordinate,2i;2i;2i;2i;2i;2i;2i;2i;2i;2i;2i;2i;2i;2i;2i;2i;2i;2i;2i
SG2|2i;2i;2i;2i;2i;2i;2i;2i;2i;2i;2i;2i;2i;2i;2i;2i;2i;2i;2i,2,29,orbit7_fp2,wyckoff_orbit,7,2i,3,2,True,torus_fractional_coordinate,2i;2i;2i;2i;2i;2i;2i;2i;2i;2i;2i;2i;2i;2i;2i;2i;2i;2i;2i
SG2|2i;2i;2i;2i;2i;2i;2i;2i;2i;2i;2i;2i;2i;2i;2i;2i;2i;2i;2i,2,30,orbit8_fp0,wyckoff_orbit,8,2i,3,0,True,torus_fractional_coordinate,2i;2i;2i;2i;2i;2i;2i;2i;2i;2i;2i;2i;2i;2i;2i;2i;2i;2i;2i
SG2|2i;2i;2i;2i;2i;2i;2i;2i;2i;2i;2i;2i;2i;2i;2i;2i;2i;2i;2i,2,31,orbit8_fp1,wyckoff_orbit,8,2i,3,1,True,torus_fractional_coordinate,2i;2i;2i;2i;2i;2i;2i;2i;2i;2i;2i;2i;2i;2i;2i;2i;2i;2i;2i
SG2|2i;2i;2i;2i;2i;2i;2i;2i;2i;2i;2i;2i;2i;2i;2i;2i;2i;2i;2i,2,32,orbit8_fp2,wyckoff_orbit,8,2i,3,2,True,torus_fractional_coordinate,2i;2i;2i;2i;2i;2i;2i;2i;2i;2i;2i;2i;2i;2i;2i;2i;2i;2i;2i
SG2|2i;2i;2i;2i;2i;2i;2i;2i;2i;2i;2i;2i;2i;2i;2i;2i;2i;2i;2i,2,33,orbit9_fp0,wyckoff_orbit,9,2i,3,0,True,torus_fractional_coordinate,2i;2i;2i;2i;2i;2i;2i;2i;2i;2i;2i;2i;2i;2i;2i;2i;2i;2i;2i
SG2|2i;2i;2i;2i;2i;2i;2i;2i;2i;2i;2i;2i;2i;2i;2i;2i;2i;2i;2i,2,34,orbit9_fp1,wyckoff_orbit,9,2i,3,1,True,torus_fractional_coordinate,2i;2i;2i;2i;2i;2i;2i;2i;2i;2i;2i;2i;2i;2i;2i;2i;2i;2i;2i
SG2|2i;2i;2i;2i;2i;2i;2i;2i;2i;2i;2i;2i;2i;2i;2i;2i;2i;2i;2i,2,35,orbit9_fp2,wyckoff_orbit,9,2i,3,2,True,torus_fractional_coordinate,2i;2i;2i;2i;2i;2i;2i;2i;2i;2i;2i;2i;2i;2i;2i;2i;2i;2i;2i
SG2|2i;2i;2i;2i;2i;2i;2i;2i;2i;2i;2i;2i;2i;2i;2i;2i;2i;2i;2i,2,36,orbit10_fp0,wyckoff_orbit,10,2i,3,0,True,torus_fractional_coordinate,2i;2i;2i;2i;2i;2i;2i;2i;2i;2i;2i;2i;2i;2i;2i;2i;2i;2i;2i
SG2|2i;2i;2i;2i;2i;2i;2i;2i;2i;2i;2i;2i;2i;2i;2i;2i;2i;2i;2i,2,37,orbit10_fp1,wyckoff_orbit,10,2i,3,1,True,torus_fractional_coordinate,2i;2i;2i;2i;2i;2i;2i;2i;2i;2i;2i;2i;2i;2i;2i;2i;2i;2i;2i
SG2|2i;2i;2i;2i;2i;2i;2i;2i;2i;2i;2i;2i;2i;2i;2i;2i;2i;2i;2i,2,38,orbit10_fp2,wyckoff_orbit,10,2i,3,2,True,torus_fractional_coordinate,2i;2i;2i;2i;2i;2i;2i;2i;2i;2i;2i;2i;2i;2i;2i;2i;2i;2i;2i
SG2|2i;2i;2i;2i;2i;2i;2i;2i;2i;2i;2i;2i;2i;2i;2i;2i;2i;2i;2i,2,39,orbit11_fp0,wyckoff_orbit,11,2i,3,0,True,torus_fractional_coordinate,2i;2i;2i;2i;2i;2i;2i;2i;2i;2i;2i;2i;2i;2i;2i;2i;2i;2i;2i
SG2|2i;2i;2i;2i;2i;2i;2i;2i;2i;2i;2i;2i;2i;2i;2i;2i;2i;2i;2i,2,40,orbit11_fp1,wyckoff_orbit,11,2i,3,1,True,torus_fractional_coordinate,2i;2i;2i;2i;2i;2i;2i;2i;2i;2i;2i;2i;2i;2i;2i;2i;2i;2i;2i
SG2|2i;2i;2i;2i;2i;2i;2i;2i;2i;2i;2i;2i;2i;2i;2i;2i;2i;2i;2i,2,41,orbit11_fp2,wyckoff_orbit,11,2i,3,2,True,torus_fractional_coordinate,2i;2i;2i;2i;2i;2i;2i;2i;2i;2i;2i;2i;2i;2i;2i;2i;2i;2i;2i
SG2|2i;2i;2i;2i;2i;2i;2i;2i;2i;2i;2i;2i;2i;2i;2i;2i;2i;2i;2i,2,42,orbit12_fp0,wyckoff_orbit,12,2i,3,0,True,torus_fractional_coordinate,2i;2i;2i;2i;2i;2i;2i;2i;2i;2i;2i;2i;2i;2i;2i;2i;2i;2i;2i
SG2|2i;2i;2i;2i;2i;2i;2i;2i;2i;2i;2i;2i;2i;2i;2i;2i;2i;2i;2i,2,43,orbit12_fp1,wyckoff_orbit,12,2i,3,1,True,torus_fractional_coordinate,2i;2i;2i;2i;2i;2i;2i;2i;2i;2i;2i;2i;2i;2i;2i;2i;2i;2i;2i
SG2|2i;2i;2i;2i;2i;2i;2i;2i;2i;2i;2i;2i;2i;2i;2i;2i;2i;2i;2i,2,44,orbit12_fp2,wyckoff_orbit,12,2i,3,2,True,torus_fractional_coordinate,2i;2i;2i;2i;2i;2i;2i;2i;2i;2i;2i;2i;2i;2i;2i;2i;2i;2i;2i
SG2|2i;2i;2i;2i;2i;2i;2i;2i;2i;2i;2i;2i;2i;2i;2i;2i;2i;2i;2i,2,45,orbit13_fp0,wyckoff_orbit,13,2i,3,0,True,torus_fractional_coordinate,2i;2i;2i;2i;2i;2i;2i;2i;2i;2i;2i;2i;2i;2i;2i;2i;2i;2i;2i
SG2|2i;2i;2i;2i;2i;2i;2i;2i;2i;2i;2i;2i;2i;2i;2i;2i;2i;2i;2i,2,46,orbit13_fp1,wyckoff_orbit,13,2i,3,1,True,torus_fractional_coordinate,2i;2i;2i;2i;2i;2i;2i;2i;2i;2i;2i;2i;2i;2i;2i;2i;2i;2i;2i
SG2|2i;2i;2i;2i;2i;2i;2i;2i;2i;2i;2i;2i;2i;2i;2i;2i;2i;2i;2i,2,47,orbit13_fp2,wyckoff_orbit,13,2i,3,2,True,torus_fractional_coordinate,2i;2i;2i;2i;2i;2i;2i;2i;2i;2i;2i;2i;2i;2i;2i;2i;2i;2i;2i
SG2|2i;2i;2i;2i;2i;2i;2i;2i;2i;2i;2i;2i;2i;2i;2i;2i;2i;2i;2i,2,48,orbit14_fp0,wyckoff_orbit,14,2i,3,0,True,torus_fractional_coordinate,2i;2i;2i;2i;2i;2i;2i;2i;2i;2i;2i;2i;2i;2i;2i;2i;2i;2i;2i
SG2|2i;2i;2i;2i;2i;2i;2i;2i;2i;2i;2i;2i;2i;2i;2i;2i;2i;2i;2i,2,49,orbit14_fp1,wyckoff_orbit,14,2i,3,1,True,torus_fractional_coordinate,2i;2i;2i;2i;2i;2i;2i;2i;2i;2i;2i;2i;2i;2i;2i;2i;2i;2i;2i
SG2|2i;2i;2i;2i;2i;2i;2i;2i;2i;2i;2i;2i;2i;2i;2i;2i;2i;2i;2i,2,50,orbit14_fp2,wyckoff_orbit,14,2i,3,2,True,torus_fractional_coordinate,2i;2i;2i;2i;2i;2i;2i;2i;2i;2i;2i;2i;2i;2i;2i;2i;2i;2i;2i
SG2|2i;2i;2i;2i;2i;2i;2i;2i;2i;2i;2i;2i;2i;2i;2i;2i;2i;2i;2i,2,51,orbit15_fp0,wyckoff_orbit,15,2i,3,0,True,torus_fractional_coordinate,2i;2i;2i;2i;2i;2i;2i;2i;2i;2i;2i;2i;2i;2i;2i;2i;2i;2i;2i
SG2|2i;2i;2i;2i;2i;2i;2i;2i;2i;2i;2i;2i;2i;2i;2i;2i;2i;2i;2i,2,52,orbit15_fp1,wyckoff_orbit,15,2i,3,1,True,torus_fractional_coordinate,2i;2i;2i;2i;2i;2i;2i;2i;2i;2i;2i;2i;2i;2i;2i;2i;2i;2i;2i
SG2|2i;2i;2i;2i;2i;2i;2i;2i;2i;2i;2i;2i;2i;2i;2i;2i;2i;2i;2i,2,53,orbit15_fp2,wyckoff_orbit,15,2i,3,2,True,torus_fractional_coordinate,2i;2i;2i;2i;2i;2i;2i;2i;2i;2i;2i;2i;2i;2i;2i;2i;2i;2i;2i
SG2|2i;2i;2i;2i;2i;2i;2i;2i;2i;2i;2i;2i;2i;2i;2i;2i;2i;2i;2i,2,54,orbit16_fp0,wyckoff_orbit,16,2i,3,0,True,torus_fractional_coordinate,2i;2i;2i;2i;2i;2i;2i;2i;2i;2i;2i;2i;2i;2i;2i;2i;2i;2i;2i
SG2|2i;2i;2i;2i;2i;2i;2i;2i;2i;2i;2i;2i;2i;2i;2i;2i;2i;2i;2i,2,55,orbit16_fp1,wyckoff_orbit,16,2i,3,1,True,torus_fractional_coordinate,2i;2i;2i;2i;2i;2i;2i;2i;2i;2i;2i;2i;2i;2i;2i;2i;2i;2i;2i
SG2|2i;2i;2i;2i;2i;2i;2i;2i;2i;2i;2i;2i;2i;2i;2i;2i;2i;2i;2i,2,56,orbit16_fp2,wyckoff_orbit,16,2i,3,2,True,torus_fractional_coordinate,2i;2i;2i;2i;2i;2i;2i;2i;2i;2i;2i;2i;2i;2i;2i;2i;2i;2i;2i
SG2|2i;2i;2i;2i;2i;2i;2i;2i;2i;2i;2i;2i;2i;2i;2i;2i;2i;2i;2i,2,57,orbit17_fp0,wyckoff_orbit,17,2i,3,0,True,torus_fractional_coordinate,2i;2i;2i;2i;2i;2i;2i;2i;2i;2i;2i;2i;2i;2i;2i;2i;2i;2i;2i
SG2|2i;2i;2i;2i;2i;2i;2i;2i;2i;2i;2i;2i;2i;2i;2i;2i;2i;2i;2i,2,58,orbit17_fp1,wyckoff_orbit,17,2i,3,1,True,torus_fractional_coordinate,2i;2i;2i;2i;2i;2i;2i;2i;2i;2i;2i;2i;2i;2i;2i;2i;2i;2i;2i
SG2|2i;2i;2i;2i;2i;2i;2i;2i;2i;2i;2i;2i;2i;2i;2i;2i;2i;2i;2i,2,59,orbit17_fp2,wyckoff_orbit,17,2i,3,2,True,torus_fractional_coordinate,2i;2i;2i;2i;2i;2i;2i;2i;2i;2i;2i;2i;2i;2i;2i;2i;2i;2i;2i
SG2|2i;2i;2i;2i;2i;2i;2i;2i;2i;2i;2i;2i;2i;2i;2i;2i;2i;2i;2i,2,60,orbit18_fp0,wyckoff_orbit,18,2i,3,0,True,torus_fractional_coordinate,2i;2i;2i;2i;2i;2i;2i;2i;2i;2i;2i;2i;2i;2i;2i;2i;2i;2i;2i
SG2|2i;2i;2i;2i;2i;2i;2i;2i;2i;2i;2i;2i;2i;2i;2i;2i;2i;2i;2i,2,61,orbit18_fp1,wyckoff_orbit,18,2i,3,1,True,torus_fractional_coordinate,2i;2i;2i;2i;2i;2i;2i;2i;2i;2i;2i;2i;2i;2i;2i;2i;2i;2i;2i
SG2|2i;2i;2i;2i;2i;2i;2i;2i;2i;2i;2i;2i;2i;2i;2i;2i;2i;2i;2i,2,62,orbit18_fp2,wyckoff_orbit,18,2i,3,2,True,torus_fractional_coordinate,2i;2i;2i;2i;2i;2i;2i;2i;2i;2i;2i;2i;2i;2i;2i;2i;2i;2i;2i
SG2|2i;2i;2i;2i;2i;2i;2i;2i;2i;2i;2i;2i;2i;2i;2i;2i;2i;2i,2,0,lattice_a,lattice,-1,,0,-1,False,positive_length,2i;2i;2i;2i;2i;2i;2i;2i;2i;2i;2i;2i;2i;2i;2i;2i;2i;2i
SG2|2i;2i;2i;2i;2i;2i;2i;2i;2i;2i;2i;2i;2i;2i;2i;2i;2i;2i,2,1,lattice_b,lattice,-1,,0,-1,False,positive_length,2i;2i;2i;2i;2i;2i;2i;2i;2i;2i;2i;2i;2i;2i;2i;2i;2i;2i
SG2|2i;2i;2i;2i;2i;2i;2i;2i;2i;2i;2i;2i;2i;2i;2i;2i;2i;2i,2,2,lattice_c,lattice,-1,,0,-1,False,positive_length,2i;2i;2i;2i;2i;2i;2i;2i;2i;2i;2i;2i;2i;2i;2i;2i;2i;2i
SG2|2i;2i;2i;2i;2i;2i;2i;2i;2i;2i;2i;2i;2i;2i;2i;2i;2i;2i,2,3,alpha,lattice,-1,,0,-1,False,angle_degree,2i;2i;2i;2i;2i;2i;2i;2i;2i;2i;2i;2i;2i;2i;2i;2i;2i;2i
SG2|2i;2i;2i;2i;2i;2i;2i;2i;2i;2i;2i;2i;2i;2i;2i;2i;2i;2i,2,4,beta,lattice,-1,,0,-1,False,angle_degree,2i;2i;2i;2i;2i;2i;2i;2i;2i;2i;2i;2i;2i;2i;2i;2i;2i;2i
SG2|2i;2i;2i;2i;2i;2i;2i;2i;2i;2i;2i;2i;2i;2i;2i;2i;2i;2i,2,5,gamma,lattice,-1,,0,-1,False,angle_degree,2i;2i;2i;2i;2i;2i;2i;2i;2i;2i;2i;2i;2i;2i;2i;2i;2i;2i
SG2|2i;2i;2i;2i;2i;2i;2i;2i;2i;2i;2i;2i;2i;2i;2i;2i;2i;2i,2,6,orbit0_fp0,wyckoff_orbit,0,2i,3,0,True,torus_fractional_coordinate,2i;2i;2i;2i;2i;2i;2i;2i;2i;2i;2i;2i;2i;2i;2i;2i;2i;2i
SG2|2i;2i;2i;2i;2i;2i;2i;2i;2i;2i;2i;2i;2i;2i;2i;2i;2i;2i,2,7,orbit0_fp1,wyckoff_orbit,0,2i,3,1,True,torus_fractional_coordinate,2i;2i;2i;2i;2i;2i;2i;2i;2i;2i;2i;2i;2i;2i;2i;2i;2i;2i
SG2|2i;2i;2i;2i;2i;2i;2i;2i;2i;2i;2i;2i;2i;2i;2i;2i;2i;2i,2,8,orbit0_fp2,wyckoff_orbit,0,2i,3,2,True,torus_fractional_coordinate,2i;2i;2i;2i;2i;2i;2i;2i;2i;2i;2i;2i;2i;2i;2i;2i;2i;2i
SG2|2i;2i;2i;2i;2i;2i;2i;2i;2i;2i;2i;2i;2i;2i;2i;2i;2i;2i,2,9,orbit1_fp0,wyckoff_orbit,1,2i,3,0,True,torus_fractional_coordinate,2i;2i;2i;2i;2i;2i;2i;2i;2i;2i;2i;2i;2i;2i;2i;2i;2i;2i
SG2|2i;2i;2i;2i;2i;2i;2i;2i;2i;2i;2i;2i;2i;2i;2i;2i;2i;2i,2,10,orbit1_fp1,wyckoff_orbit,1,2i,3,1,True,torus_fractional_coordinate,2i;2i;2i;2i;2i;2i;2i;2i;2i;2i;2i;2i;2i;2i;2i;2i;2i;2i
SG2|2i;2i;2i;2i;2i;2i;2i;2i;2i;2i;2i;2i;2i;2i;2i;2i;2i;2i,2,11,orbit1_fp2,wyckoff_orbit,1,2i,3,2,True,torus_fractional_coordinate,2i;2i;2i;2i;2i;2i;2i;2i;2i;2i;2i;2i;2i;2i;2i;2i;2i;2i
SG2|2i;2i;2i;2i;2i;2i;2i;2i;2i;2i;2i;2i;2i;2i;2i;2i;2i;2i,2,12,orbit2_fp0,wyckoff_orbit,2,2i,3,0,True,torus_fractional_coordinate,2i;2i;2i;2i;2i;2i;2i;2i;2i;2i;2i;2i;2i;2i;2i;2i;2i;2i
SG2|2i;2i;2i;2i;2i;2i;2i;2i;2i;2i;2i;2i;2i;2i;2i;2i;2i;2i,2,13,orbit2_fp1,wyckoff_orbit,2,2i,3,1,True,torus_fractional_coordinate,2i;2i;2i;2i;2i;2i;2i;2i;2i;2i;2i;2i;2i;2i;2i;2i;2i;2i
SG2|2i;2i;2i;2i;2i;2i;2i;2i;2i;2i;2i;2i;2i;2i;2i;2i;2i;2i,2,14,orbit2_fp2,wyckoff_orbit,2,2i,3,2,True,torus_fractional_coordinate,2i;2i;2i;2i;2i;2i;2i;2i;2i;2i;2i;2i;2i;2i;2i;2i;2i;2i
SG2|2i;2i;2i;2i;2i;2i;2i;2i;2i;2i;2i;2i;2i;2i;2i;2i;2i;2i,2,15,orbit3_fp0,wyckoff_orbit,3,2i,3,0,True,torus_fractional_coordinate,2i;2i;2i;2i;2i;2i;2i;2i;2i;2i;2i;2i;2i;2i;2i;2i;2i;2i
SG2|2i;2i;2i;2i;2i;2i;2i;2i;2i;2i;2i;2i;2i;2i;2i;2i;2i;2i,2,16,orbit3_fp1,wyckoff_orbit,3,2i,3,1,True,torus_fractional_coordinate,2i;2i;2i;2i;2i;2i;2i;2i;2i;2i;2i;2i;2i;2i;2i;2i;2i;2i
SG2|2i;2i;2i;2i;2i;2i;2i;2i;2i;2i;2i;2i;2i;2i;2i;2i;2i;2i,2,17,orbit3_fp2,wyckoff_orbit,3,2i,3,2,True,torus_fractional_coordinate,2i;2i;2i;2i;2i;2i;2i;2i;2i;2i;2i;2i;2i;2i;2i;2i;2i;2i
SG2|2i;2i;2i;2i;2i;2i;2i;2i;2i;2i;2i;2i;2i;2i;2i;2i;2i;2i,2,18,orbit4_fp0,wyckoff_orbit,4,2i,3,0,True,torus_fractional_coordinate,2i;2i;2i;2i;2i;2i;2i;2i;2i;2i;2i;2i;2i;2i;2i;2i;2i;2i
SG2|2i;2i;2i;2i;2i;2i;2i;2i;2i;2i;2i;2i;2i;2i;2i;2i;2i;2i,2,19,orbit4_fp1,wyckoff_orbit,4,2i,3,1,True,torus_fractional_coordinate,2i;2i;2i;2i;2i;2i;2i;2i;2i;2i;2i;2i;2i;2i;2i;2i;2i;2i
SG2|2i;2i;2i;2i;2i;2i;2i;2i;2i;2i;2i;2i;2i;2i;2i;2i;2i;2i,2,20,orbit4_fp2,wyckoff_orbit,4,2i,3,2,True,torus_fractional_coordinate,2i;2i;2i;2i;2i;2i;2i;2i;2i;2i;2i;2i;2i;2i;2i;2i;2i;2i
SG2|2i;2i;2i;2i;2i;2i;2i;2i;2i;2i;2i;2i;2i;2i;2i;2i;2i;2i,2,21,orbit5_fp0,wyckoff_orbit,5,2i,3,0,True,torus_fractional_coordinate,2i;2i;2i;2i;2i;2i;2i;2i;2i;2i;2i;2i;2i;2i;2i;2i;2i;2i
SG2|2i;2i;2i;2i;2i;2i;2i;2i;2i;2i;2i;2i;2i;2i;2i;2i;2i;2i,2,22,orbit5_fp1,wyckoff_orbit,5,2i,3,1,True,torus_fractional_coordinate,2i;2i;2i;2i;2i;2i;2i;2i;2i;2i;2i;2i;2i;2i;2i;2i;2i;2i
SG2|2i;2i;2i;2i;2i;2i;2i;2i;2i;2i;2i;2i;2i;2i;2i;2i;2i;2i,2,23,orbit5_fp2,wyckoff_orbit,5,2i,3,2,True,torus_fractional_coordinate,2i;2i;2i;2i;2i;2i;2i;2i;2i;2i;2i;2i;2i;2i;2i;2i;2i;2i
SG2|2i;2i;2i;2i;2i;2i;2i;2i;2i;2i;2i;2i;2i;2i;2i;2i;2i;2i,2,24,orbit6_fp0,wyckoff_orbit,6,2i,3,0,True,torus_fractional_coordinate,2i;2i;2i;2i;2i;2i;2i;2i;2i;2i;2i;2i;2i;2i;2i;2i;2i;2i
SG2|2i;2i;2i;2i;2i;2i;2i;2i;2i;2i;2i;2i;2i;2i;2i;2i;2i;2i,2,25,orbit6_fp1,wyckoff_orbit,6,2i,3,1,True,torus_fractional_coordinate,2i;2i;2i;2i;2i;2i;2i;2i;2i;2i;2i;2i;2i;2i;2i;2i;2i;2i
SG2|2i;2i;2i;2i;2i;2i;2i;2i;2i;2i;2i;2i;2i;2i;2i;2i;2i;2i,2,26,orbit6_fp2,wyckoff_orbit,6,2i,3,2,True,torus_fractional_coordinate,2i;2i;2i;2i;2i;2i;2i;2i;2i;2i;2i;2i;2i;2i;2i;2i;2i;2i
SG2|2i;2i;2i;2i;2i;2i;2i;2i;2i;2i;2i;2i;2i;2i;2i;2i;2i;2i,2,27,orbit7_fp0,wyckoff_orbit,7,2i,3,0,True,torus_fractional_coordinate,2i;2i;2i;2i;2i;2i;2i;2i;2i;2i;2i;2i;2i;2i;2i;2i;2i;2i
SG2|2i;2i;2i;2i;2i;2i;2i;2i;2i;2i;2i;2i;2i;2i;2i;2i;2i;2i,2,28,orbit7_fp1,wyckoff_orbit,7,2i,3,1,True,torus_fractional_coordinate,2i;2i;2i;2i;2i;2i;2i;2i;2i;2i;2i;2i;2i;2i;2i;2i;2i;2i
SG2|2i;2i;2i;2i;2i;2i;2i;2i;2i;2i;2i;2i;2i;2i;2i;2i;2i;2i,2,29,orbit7_fp2,wyckoff_orbit,7,2i,3,2,True,torus_fractional_coordinate,2i;2i;2i;2i;2i;2i;2i;2i;2i;2i;2i;2i;2i;2i;2i;2i;2i;2i
SG2|2i;2i;2i;2i;2i;2i;2i;2i;2i;2i;2i;2i;2i;2i;2i;2i;2i;2i,2,30,orbit8_fp0,wyckoff_orbit,8,2i,3,0,True,torus_fractional_coordinate,2i;2i;2i;2i;2i;2i;2i;2i;2i;2i;2i;2i;2i;2i;2i;2i;2i;2i
SG2|2i;2i;2i;2i;2i;2i;2i;2i;2i;2i;2i;2i;2i;2i;2i;2i;2i;2i,2,31,orbit8_fp1,wyckoff_orbit,8,2i,3,1,True,torus_fractional_coordinate,2i;2i;2i;2i;2i;2i;2i;2i;2i;2i;2i;2i;2i;2i;2i;2i;2i;2i
SG2|2i;2i;2i;2i;2i;2i;2i;2i;2i;2i;2i;2i;2i;2i;2i;2i;2i;2i,2,32,orbit8_fp2,wyckoff_orbit,8,2i,3,2,True,torus_fractional_coordinate,2i;2i;2i;2i;2i;2i;2i;2i;2i;2i;2i;2i;2i;2i;2i;2i;2i;2i
SG2|2i;2i;2i;2i;2i;2i;2i;2i;2i;2i;2i;2i;2i;2i;2i;2i;2i;2i,2,33,orbit9_fp0,wyckoff_orbit,9,2i,3,0,True,torus_fractional_coordinate,2i;2i;2i;2i;2i;2i;2i;2i;2i;2i;2i;2i;2i;2i;2i;2i;2i;2i
SG2|2i;2i;2i;2i;2i;2i;2i;2i;2i;2i;2i;2i;2i;2i;2i;2i;2i;2i,2,34,orbit9_fp1,wyckoff_orbit,9,2i,3,1,True,torus_fractional_coordinate,2i;2i;2i;2i;2i;2i;2i;2i;2i;2i;2i;2i;2i;2i;2i;2i;2i;2i
SG2|2i;2i;2i;2i;2i;2i;2i;2i;2i;2i;2i;2i;2i;2i;2i;2i;2i;2i,2,35,orbit9_fp2,wyckoff_orbit,9,2i,3,2,True,torus_fractional_coordinate,2i;2i;2i;2i;2i;2i;2i;2i;2i;2i;2i;2i;2i;2i;2i;2i;2i;2i
SG2|2i;2i;2i;2i;2i;2i;2i;2i;2i;2i;2i;2i;2i;2i;2i;2i;2i;2i,2,36,orbit10_fp0,wyckoff_orbit,10,2i,3,0,True,torus_fractional_coordinate,2i;2i;2i;2i;2i;2i;2i;2i;2i;2i;2i;2i;2i;2i;2i;2i;2i;2i
SG2|2i;2i;2i;2i;2i;2i;2i;2i;2i;2i;2i;2i;2i;2i;2i;2i;2i;2i,2,37,orbit10_fp1,wyckoff_orbit,10,2i,3,1,True,torus_fractional_coordinate,2i;2i;2i;2i;2i;2i;2i;2i;2i;2i;2i;2i;2i;2i;2i;2i;2i;2i
SG2|2i;2i;2i;2i;2i;2i;2i;2i;2i;2i;2i;2i;2i;2i;2i;2i;2i;2i,2,38,orbit10_fp2,wyckoff_orbit,10,2i,3,2,True,torus_fractional_coordinate,2i;2i;2i;2i;2i;2i;2i;2i;2i;2i;2i;2i;2i;2i;2i;2i;2i;2i
SG2|2i;2i;2i;2i;2i;2i;2i;2i;2i;2i;2i;2i;2i;2i;2i;2i;2i;2i,2,39,orbit11_fp0,wyckoff_orbit,11,2i,3,0,True,torus_fractional_coordinate,2i;2i;2i;2i;2i;2i;2i;2i;2i;2i;2i;2i;2i;2i;2i;2i;2i;2i
SG2|2i;2i;2i;2i;2i;2i;2i;2i;2i;2i;2i;2i;2i;2i;2i;2i;2i;2i,2,40,orbit11_fp1,wyckoff_orbit,11,2i,3,1,True,torus_fractional_coordinate,2i;2i;2i;2i;2i;2i;2i;2i;2i;2i;2i;2i;2i;2i;2i;2i;2i;2i
SG2|2i;2i;2i;2i;2i;2i;2i;2i;2i;2i;2i;2i;2i;2i;2i;2i;2i;2i,2,41,orbit11_fp2,wyckoff_orbit,11,2i,3,2,True,torus_fractional_coordinate,2i;2i;2i;2i;2i;2i;2i;2i;2i;2i;2i;2i;2i;2i;2i;2i;2i;2i
SG2|2i;2i;2i;2i;2i;2i;2i;2i;2i;2i;2i;2i;2i;2i;2i;2i;2i;2i,2,42,orbit12_fp0,wyckoff_orbit,12,2i,3,0,True,torus_fractional_coordinate,2i;2i;2i;2i;2i;2i;2i;2i;2i;2i;2i;2i;2i;2i;2i;2i;2i;2i
SG2|2i;2i;2i;2i;2i;2i;2i;2i;2i;2i;2i;2i;2i;2i;2i;2i;2i;2i,2,43,orbit12_fp1,wyckoff_orbit,12,2i,3,1,True,torus_fractional_coordinate,2i;2i;2i;2i;2i;2i;2i;2i;2i;2i;2i;2i;2i;2i;2i;2i;2i;2i
SG2|2i;2i;2i;2i;2i;2i;2i;2i;2i;2i;2i;2i;2i;2i;2i;2i;2i;2i,2,44,orbit12_fp2,wyckoff_orbit,12,2i,3,2,True,torus_fractional_coordinate,2i;2i;2i;2i;2i;2i;2i;2i;2i;2i;2i;2i;2i;2i;2i;2i;2i;2i
SG2|2i;2i;2i;2i;2i;2i;2i;2i;2i;2i;2i;2i;2i;2i;2i;2i;2i;2i,2,45,orbit13_fp0,wyckoff_orbit,13,2i,3,0,True,torus_fractional_coordinate,2i;2i;2i;2i;2i;2i;2i;2i;2i;2i;2i;2i;2i;2i;2i;2i;2i;2i
SG2|2i;2i;2i;2i;2i;2i;2i;2i;2i;2i;2i;2i;2i;2i;2i;2i;2i;2i,2,46,orbit13_fp1,wyckoff_orbit,13,2i,3,1,True,torus_fractional_coordinate,2i;2i;2i;2i;2i;2i;2i;2i;2i;2i;2i;2i;2i;2i;2i;2i;2i;2i
SG2|2i;2i;2i;2i;2i;2i;2i;2i;2i;2i;2i;2i;2i;2i;2i;2i;2i;2i,2,47,orbit13_fp2,wyckoff_orbit,13,2i,3,2,True,torus_fractional_coordinate,2i;2i;2i;2i;2i;2i;2i;2i;2i;2i;2i;2i;2i;2i;2i;2i;2i;2i
SG2|2i;2i;2i;2i;2i;2i;2i;2i;2i;2i;2i;2i;2i;2i;2i;2i;2i;2i,2,48,orbit14_fp0,wyckoff_orbit,14,2i,3,0,True,torus_fractional_coordinate,2i;2i;2i;2i;2i;2i;2i;2i;2i;2i;2i;2i;2i;2i;2i;2i;2i;2i
SG2|2i;2i;2i;2i;2i;2i;2i;2i;2i;2i;2i;2i;2i;2i;2i;2i;2i;2i,2,49,orbit14_fp1,wyckoff_orbit,14,2i,3,1,True,torus_fractional_coordinate,2i;2i;2i;2i;2i;2i;2i;2i;2i;2i;2i;2i;2i;2i;2i;2i;2i;2i
SG2|2i;2i;2i;2i;2i;2i;2i;2i;2i;2i;2i;2i;2i;2i;2i;2i;2i;2i,2,50,orbit14_fp2,wyckoff_orbit,14,2i,3,2,True,torus_fractional_coordinate,2i;2i;2i;2i;2i;2i;2i;2i;2i;2i;2i;2i;2i;2i;2i;2i;2i;2i
SG2|2i;2i;2i;2i;2i;2i;2i;2i;2i;2i;2i;2i;2i;2i;2i;2i;2i;2i,2,51,orbit15_fp0,wyckoff_orbit,15,2i,3,0,True,torus_fractional_coordinate,2i;2i;2i;2i;2i;2i;2i;2i;2i;2i;2i;2i;2i;2i;2i;2i;2i;2i
SG2|2i;2i;2i;2i;2i;2i;2i;2i;2i;2i;2i;2i;2i;2i;2i;2i;2i;2i,2,52,orbit15_fp1,wyckoff_orbit,15,2i,3,1,True,torus_fractional_coordinate,2i;2i;2i;2i;2i;2i;2i;2i;2i;2i;2i;2i;2i;2i;2i;2i;2i;2i
SG2|2i;2i;2i;2i;2i;2i;2i;2i;2i;2i;2i;2i;2i;2i;2i;2i;2i;2i,2,53,orbit15_fp2,wyckoff_orbit,15,2i,3,2,True,torus_fractional_coordinate,2i;2i;2i;2i;2i;2i;2i;2i;2i;2i;2i;2i;2i;2i;2i;2i;2i;2i
SG2|2i;2i;2i;2i;2i;2i;2i;2i;2i;2i;2i;2i;2i;2i;2i;2i;2i;2i,2,54,orbit16_fp0,wyckoff_orbit,16,2i,3,0,True,torus_fractional_coordinate,2i;2i;2i;2i;2i;2i;2i;2i;2i;2i;2i;2i;2i;2i;2i;2i;2i;2i
SG2|2i;2i;2i;2i;2i;2i;2i;2i;2i;2i;2i;2i;2i;2i;2i;2i;2i;2i,2,55,orbit16_fp1,wyckoff_orbit,16,2i,3,1,True,torus_fractional_coordinate,2i;2i;2i;2i;2i;2i;2i;2i;2i;2i;2i;2i;2i;2i;2i;2i;2i;2i
SG2|2i;2i;2i;2i;2i;2i;2i;2i;2i;2i;2i;2i;2i;2i;2i;2i;2i;2i,2,56,orbit16_fp2,wyckoff_orbit,16,2i,3,2,True,torus_fractional_coordinate,2i;2i;2i;2i;2i;2i;2i;2i;2i;2i;2i;2i;2i;2i;2i;2i;2i;2i
SG2|2i;2i;2i;2i;2i;2i;2i;2i;2i;2i;2i;2i;2i;2i;2i;2i;2i;2i,2,57,orbit17_fp0,wyckoff_orbit,17,2i,3,0,True,torus_fractional_coordinate,2i;2i;2i;2i;2i;2i;2i;2i;2i;2i;2i;2i;2i;2i;2i;2i;2i;2i
SG2|2i;2i;2i;2i;2i;2i;2i;2i;2i;2i;2i;2i;2i;2i;2i;2i;2i;2i,2,58,orbit17_fp1,wyckoff_orbit,17,2i,3,1,True,torus_fractional_coordinate,2i;2i;2i;2i;2i;2i;2i;2i;2i;2i;2i;2i;2i;2i;2i;2i;2i;2i
SG2|2i;2i;2i;2i;2i;2i;2i;2i;2i;2i;2i;2i;2i;2i;2i;2i;2i;2i,2,59,orbit17_fp2,wyckoff_orbit,17,2i,3,2,True,torus_fractional_coordinate,2i;2i;2i;2i;2i;2i;2i;2i;2i;2i;2i;2i;2i;2i;2i;2i;2i;2i
SG2|2i;2i;2i;2i;2i;2i;2i;2i;2i;2i;2i;2i;2i;2i;2i;2i,2,0,lattice_a,lattice,-1,,0,-1,False,positive_length,2i;2i;2i;2i;2i;2i;2i;2i;2i;2i;2i;2i;2i;2i;2i;2i
SG2|2i;2i;2i;2i;2i;2i;2i;2i;2i;2i;2i;2i;2i;2i;2i;2i,2,1,lattice_b,lattice,-1,,0,-1,False,positive_length,2i;2i;2i;2i;2i;2i;2i;2i;2i;2i;2i;2i;2i;2i;2i;2i
SG2|2i;2i;2i;2i;2i;2i;2i;2i;2i;2i;2i;2i;2i;2i;2i;2i,2,2,lattice_c,lattice,-1,,0,-1,False,positive_length,2i;2i;2i;2i;2i;2i;2i;2i;2i;2i;2i;2i;2i;2i;2i;2i
SG2|2i;2i;2i;2i;2i;2i;2i;2i;2i;2i;2i;2i;2i;2i;2i;2i,2,3,alpha,lattice,-1,,0,-1,False,angle_degree,2i;2i;2i;2i;2i;2i;2i;2i;2i;2i;2i;2i;2i;2i;2i;2i
SG2|2i;2i;2i;2i;2i;2i;2i;2i;2i;2i;2i;2i;2i;2i;2i;2i,2,4,beta,lattice,-1,,0,-1,False,angle_degree,2i;2i;2i;2i;2i;2i;2i;2i;2i;2i;2i;2i;2i;2i;2i;2i
SG2|2i;2i;2i;2i;2i;2i;2i;2i;2i;2i;2i;2i;2i;2i;2i;2i,2,5,gamma,lattice,-1,,0,-1,False,angle_degree,2i;2i;2i;2i;2i;2i;2i;2i;2i;2i;2i;2i;2i;2i;2i;2i
SG2|2i;2i;2i;2i;2i;2i;2i;2i;2i;2i;2i;2i;2i;2i;2i;2i,2,6,orbit0_fp0,wyckoff_orbit,0,2i,3,0,True,torus_fractional_coordinate,2i;2i;2i;2i;2i;2i;2i;2i;2i;2i;2i;2i;2i;2i;2i;2i
SG2|2i;2i;2i;2i;2i;2i;2i;2i;2i;2i;2i;2i;2i;2i;2i;2i,2,7,orbit0_fp1,wyckoff_orbit,0,2i,3,1,True,torus_fractional_coordinate,2i;2i;2i;2i;2i;2i;2i;2i;2i;2i;2i;2i;2i;2i;2i;2i
SG2|2i;2i;2i;2i;2i;2i;2i;2i;2i;2i;2i;2i;2i;2i;2i;2i,2,8,orbit0_fp2,wyckoff_orbit,0,2i,3,2,True,torus_fractional_coordinate,2i;2i;2i;2i;2i;2i;2i;2i;2i;2i;2i;2i;2i;2i;2i;2i
SG2|2i;2i;2i;2i;2i;2i;2i;2i;2i;2i;2i;2i;2i;2i;2i;2i,2,9,orbit1_fp0,wyckoff_orbit,1,2i,3,0,True,torus_fractional_coordinate,2i;2i;2i;2i;2i;2i;2i;2i;2i;2i;2i;2i;2i;2i;2i;2i
SG2|2i;2i;2i;2i;2i;2i;2i;2i;2i;2i;2i;2i;2i;2i;2i;2i,2,10,orbit1_fp1,wyckoff_orbit,1,2i,3,1,True,torus_fractional_coordinate,2i;2i;2i;2i;2i;2i;2i;2i;2i;2i;2i;2i;2i;2i;2i;2i
SG2|2i;2i;2i;2i;2i;2i;2i;2i;2i;2i;2i;2i;2i;2i;2i;2i,2,11,orbit1_fp2,wyckoff_orbit,1,2i,3,2,True,torus_fractional_coordinate,2i;2i;2i;2i;2i;2i;2i;2i;2i;2i;2i;2i;2i;2i;2i;2i
SG2|2i;2i;2i;2i;2i;2i;2i;2i;2i;2i;2i;2i;2i;2i;2i;2i,2,12,orbit2_fp0,wyckoff_orbit,2,2i,3,0,True,torus_fractional_coordinate,2i;2i;2i;2i;2i;2i;2i;2i;2i;2i;2i;2i;2i;2i;2i;2i
SG2|2i;2i;2i;2i;2i;2i;2i;2i;2i;2i;2i;2i;2i;2i;2i;2i,2,13,orbit2_fp1,wyckoff_orbit,2,2i,3,1,True,torus_fractional_coordinate,2i;2i;2i;2i;2i;2i;2i;2i;2i;2i;2i;2i;2i;2i;2i;2i
SG2|2i;2i;2i;2i;2i;2i;2i;2i;2i;2i;2i;2i;2i;2i;2i;2i,2,14,orbit2_fp2,wyckoff_orbit,2,2i,3,2,True,torus_fractional_coordinate,2i;2i;2i;2i;2i;2i;2i;2i;2i;2i;2i;2i;2i;2i;2i;2i
SG2|2i;2i;2i;2i;2i;2i;2i;2i;2i;2i;2i;2i;2i;2i;2i;2i,2,15,orbit3_fp0,wyckoff_orbit,3,2i,3,0,True,torus_fractional_coordinate,2i;2i;2i;2i;2i;2i;2i;2i;2i;2i;2i;2i;2i;2i;2i;2i
SG2|2i;2i;2i;2i;2i;2i;2i;2i;2i;2i;2i;2i;2i;2i;2i;2i,2,16,orbit3_fp1,wyckoff_orbit,3,2i,3,1,True,torus_fractional_coordinate,2i;2i;2i;2i;2i;2i;2i;2i;2i;2i;2i;2i;2i;2i;2i;2i
SG2|2i;2i;2i;2i;2i;2i;2i;2i;2i;2i;2i;2i;2i;2i;2i;2i,2,17,orbit3_fp2,wyckoff_orbit,3,2i,3,2,True,torus_fractional_coordinate,2i;2i;2i;2i;2i;2i;2i;2i;2i;2i;2i;2i;2i;2i;2i;2i
SG2|2i;2i;2i;2i;2i;2i;2i;2i;2i;2i;2i;2i;2i;2i;2i;2i,2,18,orbit4_fp0,wyckoff_orbit,4,2i,3,0,True,torus_fractional_coordinate,2i;2i;2i;2i;2i;2i;2i;2i;2i;2i;2i;2i;2i;2i;2i;2i
SG2|2i;2i;2i;2i;2i;2i;2i;2i;2i;2i;2i;2i;2i;2i;2i;2i,2,19,orbit4_fp1,wyckoff_orbit,4,2i,3,1,True,torus_fractional_coordinate,2i;2i;2i;2i;2i;2i;2i;2i;2i;2i;2i;2i;2i;2i;2i;2i
SG2|2i;2i;2i;2i;2i;2i;2i;2i;2i;2i;2i;2i;2i;2i;2i;2i,2,20,orbit4_fp2,wyckoff_orbit,4,2i,3,2,True,torus_fractional_coordinate,2i;2i;2i;2i;2i;2i;2i;2i;2i;2i;2i;2i;2i;2i;2i;2i
SG2|2i;2i;2i;2i;2i;2i;2i;2i;2i;2i;2i;2i;2i;2i;2i;2i,2,21,orbit5_fp0,wyckoff_orbit,5,2i,3,0,True,torus_fractional_coordinate,2i;2i;2i;2i;2i;2i;2i;2i;2i;2i;2i;2i;2i;2i;2i;2i
SG2|2i;2i;2i;2i;2i;2i;2i;2i;2i;2i;2i;2i;2i;2i;2i;2i,2,22,orbit5_fp1,wyckoff_orbit,5,2i,3,1,True,torus_fractional_coordinate,2i;2i;2i;2i;2i;2i;2i;2i;2i;2i;2i;2i;2i;2i;2i;2i
SG2|2i;2i;2i;2i;2i;2i;2i;2i;2i;2i;2i;2i;2i;2i;2i;2i,2,23,orbit5_fp2,wyckoff_orbit,5,2i,3,2,True,torus_fractional_coordinate,2i;2i;2i;2i;2i;2i;2i;2i;2i;2i;2i;2i;2i;2i;2i;2i
SG2|2i;2i;2i;2i;2i;2i;2i;2i;2i;2i;2i;2i;2i;2i;2i;2i,2,24,orbit6_fp0,wyckoff_orbit,6,2i,3,0,True,torus_fractional_coordinate,2i;2i;2i;2i;2i;2i;2i;2i;2i;2i;2i;2i;2i;2i;2i;2i
SG2|2i;2i;2i;2i;2i;2i;2i;2i;2i;2i;2i;2i;2i;2i;2i;2i,2,25,orbit6_fp1,wyckoff_orbit,6,2i,3,1,True,torus_fractional_coordinate,2i;2i;2i;2i;2i;2i;2i;2i;2i;2i;2i;2i;2i;2i;2i;2i
SG2|2i;2i;2i;2i;2i;2i;2i;2i;2i;2i;2i;2i;2i;2i;2i;2i,2,26,orbit6_fp2,wyckoff_orbit,6,2i,3,2,True,torus_fractional_coordinate,2i;2i;2i;2i;2i;2i;2i;2i;2i;2i;2i;2i;2i;2i;2i;2i
SG2|2i;2i;2i;2i;2i;2i;2i;2i;2i;2i;2i;2i;2i;2i;2i;2i,2,27,orbit7_fp0,wyckoff_orbit,7,2i,3,0,True,torus_fractional_coordinate,2i;2i;2i;2i;2i;2i;2i;2i;2i;2i;2i;2i;2i;2i;2i;2i
SG2|2i;2i;2i;2i;2i;2i;2i;2i;2i;2i;2i;2i;2i;2i;2i;2i,2,28,orbit7_fp1,wyckoff_orbit,7,2i,3,1,True,torus_fractional_coordinate,2i;2i;2i;2i;2i;2i;2i;2i;2i;2i;2i;2i;2i;2i;2i;2i
SG2|2i;2i;2i;2i;2i;2i;2i;2i;2i;2i;2i;2i;2i;2i;2i;2i,2,29,orbit7_fp2,wyckoff_orbit,7,2i,3,2,True,torus_fractional_coordinate,2i;2i;2i;2i;2i;2i;2i;2i;2i;2i;2i;2i;2i;2i;2i;2i
SG2|2i;2i;2i;2i;2i;2i;2i;2i;2i;2i;2i;2i;2i;2i;2i;2i,2,30,orbit8_fp0,wyckoff_orbit,8,2i,3,0,True,torus_fractional_coordinate,2i;2i;2i;2i;2i;2i;2i;2i;2i;2i;2i;2i;2i;2i;2i;2i
SG2|2i;2i;2i;2i;2i;2i;2i;2i;2i;2i;2i;2i;2i;2i;2i;2i,2,31,orbit8_fp1,wyckoff_orbit,8,2i,3,1,True,torus_fractional_coordinate,2i;2i;2i;2i;2i;2i;2i;2i;2i;2i;2i;2i;2i;2i;2i;2i
SG2|2i;2i;2i;2i;2i;2i;2i;2i;2i;2i;2i;2i;2i;2i;2i;2i,2,32,orbit8_fp2,wyckoff_orbit,8,2i,3,2,True,torus_fractional_coordinate,2i;2i;2i;2i;2i;2i;2i;2i;2i;2i;2i;2i;2i;2i;2i;2i
SG2|2i;2i;2i;2i;2i;2i;2i;2i;2i;2i;2i;2i;2i;2i;2i;2i,2,33,orbit9_fp0,wyckoff_orbit,9,2i,3,0,True,torus_fractional_coordinate,2i;2i;2i;2i;2i;2i;2i;2i;2i;2i;2i;2i;2i;2i;2i;2i
SG2|2i;2i;2i;2i;2i;2i;2i;2i;2i;2i;2i;2i;2i;2i;2i;2i,2,34,orbit9_fp1,wyckoff_orbit,9,2i,3,1,True,torus_fractional_coordinate,2i;2i;2i;2i;2i;2i;2i;2i;2i;2i;2i;2i;2i;2i;2i;2i
SG2|2i;2i;2i;2i;2i;2i;2i;2i;2i;2i;2i;2i;2i;2i;2i;2i,2,35,orbit9_fp2,wyckoff_orbit,9,2i,3,2,True,torus_fractional_coordinate,2i;2i;2i;2i;2i;2i;2i;2i;2i;2i;2i;2i;2i;2i;2i;2i
SG2|2i;2i;2i;2i;2i;2i;2i;2i;2i;2i;2i;2i;2i;2i;2i;2i,2,36,orbit10_fp0,wyckoff_orbit,10,2i,3,0,True,torus_fractional_coordinate,2i;2i;2i;2i;2i;2i;2i;2i;2i;2i;2i;2i;2i;2i;2i;2i
SG2|2i;2i;2i;2i;2i;2i;2i;2i;2i;2i;2i;2i;2i;2i;2i;2i,2,37,orbit10_fp1,wyckoff_orbit,10,2i,3,1,True,torus_fractional_coordinate,2i;2i;2i;2i;2i;2i;2i;2i;2i;2i;2i;2i;2i;2i;2i;2i
SG2|2i;2i;2i;2i;2i;2i;2i;2i;2i;2i;2i;2i;2i;2i;2i;2i,2,38,orbit10_fp2,wyckoff_orbit,10,2i,3,2,True,torus_fractional_coordinate,2i;2i;2i;2i;2i;2i;2i;2i;2i;2i;2i;2i;2i;2i;2i;2i
SG2|2i;2i;2i;2i;2i;2i;2i;2i;2i;2i;2i;2i;2i;2i;2i;2i,2,39,orbit11_fp0,wyckoff_orbit,11,2i,3,0,True,torus_fractional_coordinate,2i;2i;2i;2i;2i;2i;2i;2i;2i;2i;2i;2i;2i;2i;2i;2i
SG2|2i;2i;2i;2i;2i;2i;2i;2i;2i;2i;2i;2i;2i;2i;2i;2i,2,40,orbit11_fp1,wyckoff_orbit,11,2i,3,1,True,torus_fractional_coordinate,2i;2i;2i;2i;2i;2i;2i;2i;2i;2i;2i;2i;2i;2i;2i;2i
SG2|2i;2i;2i;2i;2i;2i;2i;2i;2i;2i;2i;2i;2i;2i;2i;2i,2,41,orbit11_fp2,wyckoff_orbit,11,2i,3,2,True,torus_fractional_coordinate,2i;2i;2i;2i;2i;2i;2i;2i;2i;2i;2i;2i;2i;2i;2i;2i
SG2|2i;2i;2i;2i;2i;2i;2i;2i;2i;2i;2i;2i;2i;2i;2i;2i,2,42,orbit12_fp0,wyckoff_orbit,12,2i,3,0,True,torus_fractional_coordinate,2i;2i;2i;2i;2i;2i;2i;2i;2i;2i;2i;2i;2i;2i;2i;2i
SG2|2i;2i;2i;2i;2i;2i;2i;2i;2i;2i;2i;2i;2i;2i;2i;2i,2,43,orbit12_fp1,wyckoff_orbit,12,2i,3,1,True,torus_fractional_coordinate,2i;2i;2i;2i;2i;2i;2i;2i;2i;2i;2i;2i;2i;2i;2i;2i
SG2|2i;2i;2i;2i;2i;2i;2i;2i;2i;2i;2i;2i;2i;2i;2i;2i,2,44,orbit12_fp2,wyckoff_orbit,12,2i,3,2,True,torus_fractional_coordinate,2i;2i;2i;2i;2i;2i;2i;2i;2i;2i;2i;2i;2i;2i;2i;2i
SG2|2i;2i;2i;2i;2i;2i;2i;2i;2i;2i;2i;2i;2i;2i;2i;2i,2,45,orbit13_fp0,wyckoff_orbit,13,2i,3,0,True,torus_fractional_coordinate,2i;2i;2i;2i;2i;2i;2i;2i;2i;2i;2i;2i;2i;2i;2i;2i
SG2|2i;2i;2i;2i;2i;2i;2i;2i;2i;2i;2i;2i;2i;2i;2i;2i,2,46,orbit13_fp1,wyckoff_orbit,13,2i,3,1,True,torus_fractional_coordinate,2i;2i;2i;2i;2i;2i;2i;2i;2i;2i;2i;2i;2i;2i;2i;2i
SG2|2i;2i;2i;2i;2i;2i;2i;2i;2i;2i;2i;2i;2i;2i;2i;2i,2,47,orbit13_fp2,wyckoff_orbit,13,2i,3,2,True,torus_fractional_coordinate,2i;2i;2i;2i;2i;2i;2i;2i;2i;2i;2i;2i;2i;2i;2i;2i
SG2|2i;2i;2i;2i;2i;2i;2i;2i;2i;2i;2i;2i;2i;2i;2i;2i,2,48,orbit14_fp0,wyckoff_orbit,14,2i,3,0,True,torus_fractional_coordinate,2i;2i;2i;2i;2i;2i;2i;2i;2i;2i;2i;2i;2i;2i;2i;2i
SG2|2i;2i;2i;2i;2i;2i;2i;2i;2i;2i;2i;2i;2i;2i;2i;2i,2,49,orbit14_fp1,wyckoff_orbit,14,2i,3,1,True,torus_fractional_coordinate,2i;2i;2i;2i;2i;2i;2i;2i;2i;2i;2i;2i;2i;2i;2i;2i
SG2|2i;2i;2i;2i;2i;2i;2i;2i;2i;2i;2i;2i;2i;2i;2i;2i,2,50,orbit14_fp2,wyckoff_orbit,14,2i,3,2,True,torus_fractional_coordinate,2i;2i;2i;2i;2i;2i;2i;2i;2i;2i;2i;2i;2i;2i;2i;2i
SG2|2i;2i;2i;2i;2i;2i;2i;2i;2i;2i;2i;2i;2i;2i;2i;2i,2,51,orbit15_fp0,wyckoff_orbit,15,2i,3,0,True,torus_fractional_coordinate,2i;2i;2i;2i;2i;2i;2i;2i;2i;2i;2i;2i;2i;2i;2i;2i
SG2|2i;2i;2i;2i;2i;2i;2i;2i;2i;2i;2i;2i;2i;2i;2i;2i,2,52,orbit15_fp1,wyckoff_orbit,15,2i,3,1,True,torus_fractional_coordinate,2i;2i;2i;2i;2i;2i;2i;2i;2i;2i;2i;2i;2i;2i;2i;2i
SG2|2i;2i;2i;2i;2i;2i;2i;2i;2i;2i;2i;2i;2i;2i;2i;2i,2,53,orbit15_fp2,wyckoff_orbit,15,2i,3,2,True,torus_fractional_coordinate,2i;2i;2i;2i;2i;2i;2i;2i;2i;2i;2i;2i;2i;2i;2i;2i
SG2|2i;2i;2i;2i;2i;2i;2i;2i;2i;2i;2i;2i;2i;2i;2i,2,0,lattice_a,lattice,-1,,0,-1,False,positive_length,2i;2i;2i;2i;2i;2i;2i;2i;2i;2i;2i;2i;2i;2i;2i
SG2|2i;2i;2i;2i;2i;2i;2i;2i;2i;2i;2i;2i;2i;2i;2i,2,1,lattice_b,lattice,-1,,0,-1,False,positive_length,2i;2i;2i;2i;2i;2i;2i;2i;2i;2i;2i;2i;2i;2i;2i
SG2|2i;2i;2i;2i;2i;2i;2i;2i;2i;2i;2i;2i;2i;2i;2i,2,2,lattice_c,lattice,-1,,0,-1,False,positive_length,2i;2i;2i;2i;2i;2i;2i;2i;2i;2i;2i;2i;2i;2i;2i
SG2|2i;2i;2i;2i;2i;2i;2i;2i;2i;2i;2i;2i;2i;2i;2i,2,3,alpha,lattice,-1,,0,-1,False,angle_degree,2i;2i;2i;2i;2i;2i;2i;2i;2i;2i;2i;2i;2i;2i;2i
SG2|2i;2i;2i;2i;2i;2i;2i;2i;2i;2i;2i;2i;2i;2i;2i,2,4,beta,lattice,-1,,0,-1,False,angle_degree,2i;2i;2i;2i;2i;2i;2i;2i;2i;2i;2i;2i;2i;2i;2i
SG2|2i;2i;2i;2i;2i;2i;2i;2i;2i;2i;2i;2i;2i;2i;2i,2,5,gamma,lattice,-1,,0,-1,False,angle_degree,2i;2i;2i;2i;2i;2i;2i;2i;2i;2i;2i;2i;2i;2i;2i
SG2|2i;2i;2i;2i;2i;2i;2i;2i;2i;2i;2i;2i;2i;2i;2i,2,6,orbit0_fp0,wyckoff_orbit,0,2i,3,0,True,torus_fractional_coordinate,2i;2i;2i;2i;2i;2i;2i;2i;2i;2i;2i;2i;2i;2i;2i
SG2|2i;2i;2i;2i;2i;2i;2i;2i;2i;2i;2i;2i;2i;2i;2i,2,7,orbit0_fp1,wyckoff_orbit,0,2i,3,1,True,torus_fractional_coordinate,2i;2i;2i;2i;2i;2i;2i;2i;2i;2i;2i;2i;2i;2i;2i
SG2|2i;2i;2i;2i;2i;2i;2i;2i;2i;2i;2i;2i;2i;2i;2i,2,8,orbit0_fp2,wyckoff_orbit,0,2i,3,2,True,torus_fractional_coordinate,2i;2i;2i;2i;2i;2i;2i;2i;2i;2i;2i;2i;2i;2i;2i
SG2|2i;2i;2i;2i;2i;2i;2i;2i;2i;2i;2i;2i;2i;2i;2i,2,9,orbit1_fp0,wyckoff_orbit,1,2i,3,0,True,torus_fractional_coordinate,2i;2i;2i;2i;2i;2i;2i;2i;2i;2i;2i;2i;2i;2i;2i
SG2|2i;2i;2i;2i;2i;2i;2i;2i;2i;2i;2i;2i;2i;2i;2i,2,10,orbit1_fp1,wyckoff_orbit,1,2i,3,1,True,torus_fractional_coordinate,2i;2i;2i;2i;2i;2i;2i;2i;2i;2i;2i;2i;2i;2i;2i
SG2|2i;2i;2i;2i;2i;2i;2i;2i;2i;2i;2i;2i;2i;2i;2i,2,11,orbit1_fp2,wyckoff_orbit,1,2i,3,2,True,torus_fractional_coordinate,2i;2i;2i;2i;2i;2i;2i;2i;2i;2i;2i;2i;2i;2i;2i
SG2|2i;2i;2i;2i;2i;2i;2i;2i;2i;2i;2i;2i;2i;2i;2i,2,12,orbit2_fp0,wyckoff_orbit,2,2i,3,0,True,torus_fractional_coordinate,2i;2i;2i;2i;2i;2i;2i;2i;2i;2i;2i;2i;2i;2i;2i
SG2|2i;2i;2i;2i;2i;2i;2i;2i;2i;2i;2i;2i;2i;2i;2i,2,13,orbit2_fp1,wyckoff_orbit,2,2i,3,1,True,torus_fractional_coordinate,2i;2i;2i;2i;2i;2i;2i;2i;2i;2i;2i;2i;2i;2i;2i
SG2|2i;2i;2i;2i;2i;2i;2i;2i;2i;2i;2i;2i;2i;2i;2i,2,14,orbit2_fp2,wyckoff_orbit,2,2i,3,2,True,torus_fractional_coordinate,2i;2i;2i;2i;2i;2i;2i;2i;2i;2i;2i;2i;2i;2i;2i
SG2|2i;2i;2i;2i;2i;2i;2i;2i;2i;2i;2i;2i;2i;2i;2i,2,15,orbit3_fp0,wyckoff_orbit,3,2i,3,0,True,torus_fractional_coordinate,2i;2i;2i;2i;2i;2i;2i;2i;2i;2i;2i;2i;2i;2i;2i
SG2|2i;2i;2i;2i;2i;2i;2i;2i;2i;2i;2i;2i;2i;2i;2i,2,16,orbit3_fp1,wyckoff_orbit,3,2i,3,1,True,torus_fractional_coordinate,2i;2i;2i;2i;2i;2i;2i;2i;2i;2i;2i;2i;2i;2i;2i
SG2|2i;2i;2i;2i;2i;2i;2i;2i;2i;2i;2i;2i;2i;2i;2i,2,17,orbit3_fp2,wyckoff_orbit,3,2i,3,2,True,torus_fractional_coordinate,2i;2i;2i;2i;2i;2i;2i;2i;2i;2i;2i;2i;2i;2i;2i
SG2|2i;2i;2i;2i;2i;2i;2i;2i;2i;2i;2i;2i;2i;2i;2i,2,18,orbit4_fp0,wyckoff_orbit,4,2i,3,0,True,torus_fractional_coordinate,2i;2i;2i;2i;2i;2i;2i;2i;2i;2i;2i;2i;2i;2i;2i
SG2|2i;2i;2i;2i;2i;2i;2i;2i;2i;2i;2i;2i;2i;2i;2i,2,19,orbit4_fp1,wyckoff_orbit,4,2i,3,1,True,torus_fractional_coordinate,2i;2i;2i;2i;2i;2i;2i;2i;2i;2i;2i;2i;2i;2i;2i
SG2|2i;2i;2i;2i;2i;2i;2i;2i;2i;2i;2i;2i;2i;2i;2i,2,20,orbit4_fp2,wyckoff_orbit,4,2i,3,2,True,torus_fractional_coordinate,2i;2i;2i;2i;2i;2i;2i;2i;2i;2i;2i;2i;2i;2i;2i
SG2|2i;2i;2i;2i;2i;2i;2i;2i;2i;2i;2i;2i;2i;2i;2i,2,21,orbit5_fp0,wyckoff_orbit,5,2i,3,0,True,torus_fractional_coordinate,2i;2i;2i;2i;2i;2i;2i;2i;2i;2i;2i;2i;2i;2i;2i
SG2|2i;2i;2i;2i;2i;2i;2i;2i;2i;2i;2i;2i;2i;2i;2i,2,22,orbit5_fp1,wyckoff_orbit,5,2i,3,1,True,torus_fractional_coordinate,2i;2i;2i;2i;2i;2i;2i;2i;2i;2i;2i;2i;2i;2i;2i
SG2|2i;2i;2i;2i;2i;2i;2i;2i;2i;2i;2i;2i;2i;2i;2i,2,23,orbit5_fp2,wyckoff_orbit,5,2i,3,2,True,torus_fractional_coordinate,2i;2i;2i;2i;2i;2i;2i;2i;2i;2i;2i;2i;2i;2i;2i
SG2|2i;2i;2i;2i;2i;2i;2i;2i;2i;2i;2i;2i;2i;2i;2i,2,24,orbit6_fp0,wyckoff_orbit,6,2i,3,0,True,torus_fractional_coordinate,2i;2i;2i;2i;2i;2i;2i;2i;2i;2i;2i;2i;2i;2i;2i
SG2|2i;2i;2i;2i;2i;2i;2i;2i;2i;2i;2i;2i;2i;2i;2i,2,25,orbit6_fp1,wyckoff_orbit,6,2i,3,1,True,torus_fractional_coordinate,2i;2i;2i;2i;2i;2i;2i;2i;2i;2i;2i;2i;2i;2i;2i
SG2|2i;2i;2i;2i;2i;2i;2i;2i;2i;2i;2i;2i;2i;2i;2i,2,26,orbit6_fp2,wyckoff_orbit,6,2i,3,2,True,torus_fractional_coordinate,2i;2i;2i;2i;2i;2i;2i;2i;2i;2i;2i;2i;2i;2i;2i
SG2|2i;2i;2i;2i;2i;2i;2i;2i;2i;2i;2i;2i;2i;2i;2i,2,27,orbit7_fp0,wyckoff_orbit,7,2i,3,0,True,torus_fractional_coordinate,2i;2i;2i;2i;2i;2i;2i;2i;2i;2i;2i;2i;2i;2i;2i
SG2|2i;2i;2i;2i;2i;2i;2i;2i;2i;2i;2i;2i;2i;2i;2i,2,28,orbit7_fp1,wyckoff_orbit,7,2i,3,1,True,torus_fractional_coordinate,2i;2i;2i;2i;2i;2i;2i;2i;2i;2i;2i;2i;2i;2i;2i
SG2|2i;2i;2i;2i;2i;2i;2i;2i;2i;2i;2i;2i;2i;2i;2i,2,29,orbit7_fp2,wyckoff_orbit,7,2i,3,2,True,torus_fractional_coordinate,2i;2i;2i;2i;2i;2i;2i;2i;2i;2i;2i;2i;2i;2i;2i
SG2|2i;2i;2i;2i;2i;2i;2i;2i;2i;2i;2i;2i;2i;2i;2i,2,30,orbit8_fp0,wyckoff_orbit,8,2i,3,0,True,torus_fractional_coordinate,2i;2i;2i;2i;2i;2i;2i;2i;2i;2i;2i;2i;2i;2i;2i
SG2|2i;2i;2i;2i;2i;2i;2i;2i;2i;2i;2i;2i;2i;2i;2i,2,31,orbit8_fp1,wyckoff_orbit,8,2i,3,1,True,torus_fractional_coordinate,2i;2i;2i;2i;2i;2i;2i;2i;2i;2i;2i;2i;2i;2i;2i
SG2|2i;2i;2i;2i;2i;2i;2i;2i;2i;2i;2i;2i;2i;2i;2i,2,32,orbit8_fp2,wyckoff_orbit,8,2i,3,2,True,torus_fractional_coordinate,2i;2i;2i;2i;2i;2i;2i;2i;2i;2i;2i;2i;2i;2i;2i
SG2|2i;2i;2i;2i;2i;2i;2i;2i;2i;2i;2i;2i;2i;2i;2i,2,33,orbit9_fp0,wyckoff_orbit,9,2i,3,0,True,torus_fractional_coordinate,2i;2i;2i;2i;2i;2i;2i;2i;2i;2i;2i;2i;2i;2i;2i
SG2|2i;2i;2i;2i;2i;2i;2i;2i;2i;2i;2i;2i;2i;2i;2i,2,34,orbit9_fp1,wyckoff_orbit,9,2i,3,1,True,torus_fractional_coordinate,2i;2i;2i;2i;2i;2i;2i;2i;2i;2i;2i;2i;2i;2i;2i
SG2|2i;2i;2i;2i;2i;2i;2i;2i;2i;2i;2i;2i;2i;2i;2i,2,35,orbit9_fp2,wyckoff_orbit,9,2i,3,2,True,torus_fractional_coordinate,2i;2i;2i;2i;2i;2i;2i;2i;2i;2i;2i;2i;2i;2i;2i
SG2|2i;2i;2i;2i;2i;2i;2i;2i;2i;2i;2i;2i;2i;2i;2i,2,36,orbit10_fp0,wyckoff_orbit,10,2i,3,0,True,torus_fractional_coordinate,2i;2i;2i;2i;2i;2i;2i;2i;2i;2i;2i;2i;2i;2i;2i
SG2|2i;2i;2i;2i;2i;2i;2i;2i;2i;2i;2i;2i;2i;2i;2i,2,37,orbit10_fp1,wyckoff_orbit,10,2i,3,1,True,torus_fractional_coordinate,2i;2i;2i;2i;2i;2i;2i;2i;2i;2i;2i;2i;2i;2i;2i
SG2|2i;2i;2i;2i;2i;2i;2i;2i;2i;2i;2i;2i;2i;2i;2i,2,38,orbit10_fp2,wyckoff_orbit,10,2i,3,2,True,torus_fractional_coordinate,2i;2i;2i;2i;2i;2i;2i;2i;2i;2i;2i;2i;2i;2i;2i
SG2|2i;2i;2i;2i;2i;2i;2i;2i;2i;2i;2i;2i;2i;2i;2i,2,39,orbit11_fp0,wyckoff_orbit,11,2i,3,0,True,torus_fractional_coordinate,2i;2i;2i;2i;2i;2i;2i;2i;2i;2i;2i;2i;2i;2i;2i
SG2|2i;2i;2i;2i;2i;2i;2i;2i;2i;2i;2i;2i;2i;2i;2i,2,40,orbit11_fp1,wyckoff_orbit,11,2i,3,1,True,torus_fractional_coordinate,2i;2i;2i;2i;2i;2i;2i;2i;2i;2i;2i;2i;2i;2i;2i
SG2|2i;2i;2i;2i;2i;2i;2i;2i;2i;2i;2i;2i;2i;2i;2i,2,41,orbit11_fp2,wyckoff_orbit,11,2i,3,2,True,torus_fractional_coordinate,2i;2i;2i;2i;2i;2i;2i;2i;2i;2i;2i;2i;2i;2i;2i
SG2|2i;2i;2i;2i;2i;2i;2i;2i;2i;2i;2i;2i;2i;2i;2i,2,42,orbit12_fp0,wyckoff_orbit,12,2i,3,0,True,torus_fractional_coordinate,2i;2i;2i;2i;2i;2i;2i;2i;2i;2i;2i;2i;2i;2i;2i
SG2|2i;2i;2i;2i;2i;2i;2i;2i;2i;2i;2i;2i;2i;2i;2i,2,43,orbit12_fp1,wyckoff_orbit,12,2i,3,1,True,torus_fractional_coordinate,2i;2i;2i;2i;2i;2i;2i;2i;2i;2i;2i;2i;2i;2i;2i
SG2|2i;2i;2i;2i;2i;2i;2i;2i;2i;2i;2i;2i;2i;2i;2i,2,44,orbit12_fp2,wyckoff_orbit,12,2i,3,2,True,torus_fractional_coordinate,2i;2i;2i;2i;2i;2i;2i;2i;2i;2i;2i;2i;2i;2i;2i
SG2|2i;2i;2i;2i;2i;2i;2i;2i;2i;2i;2i;2i;2i;2i;2i,2,45,orbit13_fp0,wyckoff_orbit,13,2i,3,0,True,torus_fractional_coordinate,2i;2i;2i;2i;2i;2i;2i;2i;2i;2i;2i;2i;2i;2i;2i
SG2|2i;2i;2i;2i;2i;2i;2i;2i;2i;2i;2i;2i;2i;2i;2i,2,46,orbit13_fp1,wyckoff_orbit,13,2i,3,1,True,torus_fractional_coordinate,2i;2i;2i;2i;2i;2i;2i;2i;2i;2i;2i;2i;2i;2i;2i
SG2|2i;2i;2i;2i;2i;2i;2i;2i;2i;2i;2i;2i;2i;2i;2i,2,47,orbit13_fp2,wyckoff_orbit,13,2i,3,2,True,torus_fractional_coordinate,2i;2i;2i;2i;2i;2i;2i;2i;2i;2i;2i;2i;2i;2i;2i
SG2|2i;2i;2i;2i;2i;2i;2i;2i;2i;2i;2i;2i;2i;2i;2i,2,48,orbit14_fp0,wyckoff_orbit,14,2i,3,0,True,torus_fractional_coordinate,2i;2i;2i;2i;2i;2i;2i;2i;2i;2i;2i;2i;2i;2i;2i
SG2|2i;2i;2i;2i;2i;2i;2i;2i;2i;2i;2i;2i;2i;2i;2i,2,49,orbit14_fp1,wyckoff_orbit,14,2i,3,1,True,torus_fractional_coordinate,2i;2i;2i;2i;2i;2i;2i;2i;2i;2i;2i;2i;2i;2i;2i
SG2|2i;2i;2i;2i;2i;2i;2i;2i;2i;2i;2i;2i;2i;2i;2i,2,50,orbit14_fp2,wyckoff_orbit,14,2i,3,2,True,torus_fractional_coordinate,2i;2i;2i;2i;2i;2i;2i;2i;2i;2i;2i;2i;2i;2i;2i
SG2|2i;2i;2i;2i;2i;2i;2i;2i;2i;2i;2i;2i;2i;2i,2,0,lattice_a,lattice,-1,,0,-1,False,positive_length,2i;2i;2i;2i;2i;2i;2i;2i;2i;2i;2i;2i;2i;2i
SG2|2i;2i;2i;2i;2i;2i;2i;2i;2i;2i;2i;2i;2i;2i,2,1,lattice_b,lattice,-1,,0,-1,False,positive_length,2i;2i;2i;2i;2i;2i;2i;2i;2i;2i;2i;2i;2i;2i
SG2|2i;2i;2i;2i;2i;2i;2i;2i;2i;2i;2i;2i;2i;2i,2,2,lattice_c,lattice,-1,,0,-1,False,positive_length,2i;2i;2i;2i;2i;2i;2i;2i;2i;2i;2i;2i;2i;2i
SG2|2i;2i;2i;2i;2i;2i;2i;2i;2i;2i;2i;2i;2i;2i,2,3,alpha,lattice,-1,,0,-1,False,angle_degree,2i;2i;2i;2i;2i;2i;2i;2i;2i;2i;2i;2i;2i;2i
SG2|2i;2i;2i;2i;2i;2i;2i;2i;2i;2i;2i;2i;2i;2i,2,4,beta,lattice,-1,,0,-1,False,angle_degree,2i;2i;2i;2i;2i;2i;2i;2i;2i;2i;2i;2i;2i;2i
SG2|2i;2i;2i;2i;2i;2i;2i;2i;2i;2i;2i;2i;2i;2i,2,5,gamma,lattice,-1,,0,-1,False,angle_degree,2i;2i;2i;2i;2i;2i;2i;2i;2i;2i;2i;2i;2i;2i
SG2|2i;2i;2i;2i;2i;2i;2i;2i;2i;2i;2i;2i;2i;2i,2,6,orbit0_fp0,wyckoff_orbit,0,2i,3,0,True,torus_fractional_coordinate,2i;2i;2i;2i;2i;2i;2i;2i;2i;2i;2i;2i;2i;2i
SG2|2i;2i;2i;2i;2i;2i;2i;2i;2i;2i;2i;2i;2i;2i,2,7,orbit0_fp1,wyckoff_orbit,0,2i,3,1,True,torus_fractional_coordinate,2i;2i;2i;2i;2i;2i;2i;2i;2i;2i;2i;2i;2i;2i
SG2|2i;2i;2i;2i;2i;2i;2i;2i;2i;2i;2i;2i;2i;2i,2,8,orbit0_fp2,wyckoff_orbit,0,2i,3,2,True,torus_fractional_coordinate,2i;2i;2i;2i;2i;2i;2i;2i;2i;2i;2i;2i;2i;2i
SG2|2i;2i;2i;2i;2i;2i;2i;2i;2i;2i;2i;2i;2i;2i,2,9,orbit1_fp0,wyckoff_orbit,1,2i,3,0,True,torus_fractional_coordinate,2i;2i;2i;2i;2i;2i;2i;2i;2i;2i;2i;2i;2i;2i
SG2|2i;2i;2i;2i;2i;2i;2i;2i;2i;2i;2i;2i;2i;2i,2,10,orbit1_fp1,wyckoff_orbit,1,2i,3,1,True,torus_fractional_coordinate,2i;2i;2i;2i;2i;2i;2i;2i;2i;2i;2i;2i;2i;2i
SG2|2i;2i;2i;2i;2i;2i;2i;2i;2i;2i;2i;2i;2i;2i,2,11,orbit1_fp2,wyckoff_orbit,1,2i,3,2,True,torus_fractional_coordinate,2i;2i;2i;2i;2i;2i;2i;2i;2i;2i;2i;2i;2i;2i
SG2|2i;2i;2i;2i;2i;2i;2i;2i;2i;2i;2i;2i;2i;2i,2,12,orbit2_fp0,wyckoff_orbit,2,2i,3,0,True,torus_fractional_coordinate,2i;2i;2i;2i;2i;2i;2i;2i;2i;2i;2i;2i;2i;2i
SG2|2i;2i;2i;2i;2i;2i;2i;2i;2i;2i;2i;2i;2i;2i,2,13,orbit2_fp1,wyckoff_orbit,2,2i,3,1,True,torus_fractional_coordinate,2i;2i;2i;2i;2i;2i;2i;2i;2i;2i;2i;2i;2i;2i
SG2|2i;2i;2i;2i;2i;2i;2i;2i;2i;2i;2i;2i;2i;2i,2,14,orbit2_fp2,wyckoff_orbit,2,2i,3,2,True,torus_fractional_coordinate,2i;2i;2i;2i;2i;2i;2i;2i;2i;2i;2i;2i;2i;2i
SG2|2i;2i;2i;2i;2i;2i;2i;2i;2i;2i;2i;2i;2i;2i,2,15,orbit3_fp0,wyckoff_orbit,3,2i,3,0,True,torus_fractional_coordinate,2i;2i;2i;2i;2i;2i;2i;2i;2i;2i;2i;2i;2i;2i
SG2|2i;2i;2i;2i;2i;2i;2i;2i;2i;2i;2i;2i;2i;2i,2,16,orbit3_fp1,wyckoff_orbit,3,2i,3,1,True,torus_fractional_coordinate,2i;2i;2i;2i;2i;2i;2i;2i;2i;2i;2i;2i;2i;2i
SG2|2i;2i;2i;2i;2i;2i;2i;2i;2i;2i;2i;2i;2i;2i,2,17,orbit3_fp2,wyckoff_orbit,3,2i,3,2,True,torus_fractional_coordinate,2i;2i;2i;2i;2i;2i;2i;2i;2i;2i;2i;2i;2i;2i
SG2|2i;2i;2i;2i;2i;2i;2i;2i;2i;2i;2i;2i;2i;2i,2,18,orbit4_fp0,wyckoff_orbit,4,2i,3,0,True,torus_fractional_coordinate,2i;2i;2i;2i;2i;2i;2i;2i;2i;2i;2i;2i;2i;2i
SG2|2i;2i;2i;2i;2i;2i;2i;2i;2i;2i;2i;2i;2i;2i,2,19,orbit4_fp1,wyckoff_orbit,4,2i,3,1,True,torus_fractional_coordinate,2i;2i;2i;2i;2i;2i;2i;2i;2i;2i;2i;2i;2i;2i
SG2|2i;2i;2i;2i;2i;2i;2i;2i;2i;2i;2i;2i;2i;2i,2,20,orbit4_fp2,wyckoff_orbit,4,2i,3,2,True,torus_fractional_coordinate,2i;2i;2i;2i;2i;2i;2i;2i;2i;2i;2i;2i;2i;2i
SG2|2i;2i;2i;2i;2i;2i;2i;2i;2i;2i;2i;2i;2i;2i,2,21,orbit5_fp0,wyckoff_orbit,5,2i,3,0,True,torus_fractional_coordinate,2i;2i;2i;2i;2i;2i;2i;2i;2i;2i;2i;2i;2i;2i
SG2|2i;2i;2i;2i;2i;2i;2i;2i;2i;2i;2i;2i;2i;2i,2,22,orbit5_fp1,wyckoff_orbit,5,2i,3,1,True,torus_fractional_coordinate,2i;2i;2i;2i;2i;2i;2i;2i;2i;2i;2i;2i;2i;2i
SG2|2i;2i;2i;2i;2i;2i;2i;2i;2i;2i;2i;2i;2i;2i,2,23,orbit5_fp2,wyckoff_orbit,5,2i,3,2,True,torus_fractional_coordinate,2i;2i;2i;2i;2i;2i;2i;2i;2i;2i;2i;2i;2i;2i
SG2|2i;2i;2i;2i;2i;2i;2i;2i;2i;2i;2i;2i;2i;2i,2,24,orbit6_fp0,wyckoff_orbit,6,2i,3,0,True,torus_fractional_coordinate,2i;2i;2i;2i;2i;2i;2i;2i;2i;2i;2i;2i;2i;2i
SG2|2i;2i;2i;2i;2i;2i;2i;2i;2i;2i;2i;2i;2i;2i,2,25,orbit6_fp1,wyckoff_orbit,6,2i,3,1,True,torus_fractional_coordinate,2i;2i;2i;2i;2i;2i;2i;2i;2i;2i;2i;2i;2i;2i
SG2|2i;2i;2i;2i;2i;2i;2i;2i;2i;2i;2i;2i;2i;2i,2,26,orbit6_fp2,wyckoff_orbit,6,2i,3,2,True,torus_fractional_coordinate,2i;2i;2i;2i;2i;2i;2i;2i;2i;2i;2i;2i;2i;2i
SG2|2i;2i;2i;2i;2i;2i;2i;2i;2i;2i;2i;2i;2i;2i,2,27,orbit7_fp0,wyckoff_orbit,7,2i,3,0,True,torus_fractional_coordinate,2i;2i;2i;2i;2i;2i;2i;2i;2i;2i;2i;2i;2i;2i
SG2|2i;2i;2i;2i;2i;2i;2i;2i;2i;2i;2i;2i;2i;2i,2,28,orbit7_fp1,wyckoff_orbit,7,2i,3,1,True,torus_fractional_coordinate,2i;2i;2i;2i;2i;2i;2i;2i;2i;2i;2i;2i;2i;2i
SG2|2i;2i;2i;2i;2i;2i;2i;2i;2i;2i;2i;2i;2i;2i,2,29,orbit7_fp2,wyckoff_orbit,7,2i,3,2,True,torus_fractional_coordinate,2i;2i;2i;2i;2i;2i;2i;2i;2i;2i;2i;2i;2i;2i
SG2|2i;2i;2i;2i;2i;2i;2i;2i;2i;2i;2i;2i;2i;2i,2,30,orbit8_fp0,wyckoff_orbit,8,2i,3,0,True,torus_fractional_coordinate,2i;2i;2i;2i;2i;2i;2i;2i;2i;2i;2i;2i;2i;2i
SG2|2i;2i;2i;2i;2i;2i;2i;2i;2i;2i;2i;2i;2i;2i,2,31,orbit8_fp1,wyckoff_orbit,8,2i,3,1,True,torus_fractional_coordinate,2i;2i;2i;2i;2i;2i;2i;2i;2i;2i;2i;2i;2i;2i
SG2|2i;2i;2i;2i;2i;2i;2i;2i;2i;2i;2i;2i;2i;2i,2,32,orbit8_fp2,wyckoff_orbit,8,2i,3,2,True,torus_fractional_coordinate,2i;2i;2i;2i;2i;2i;2i;2i;2i;2i;2i;2i;2i;2i
SG2|2i;2i;2i;2i;2i;2i;2i;2i;2i;2i;2i;2i;2i;2i,2,33,orbit9_fp0,wyckoff_orbit,9,2i,3,0,True,torus_fractional_coordinate,2i;2i;2i;2i;2i;2i;2i;2i;2i;2i;2i;2i;2i;2i
SG2|2i;2i;2i;2i;2i;2i;2i;2i;2i;2i;2i;2i;2i;2i,2,34,orbit9_fp1,wyckoff_orbit,9,2i,3,1,True,torus_fractional_coordinate,2i;2i;2i;2i;2i;2i;2i;2i;2i;2i;2i;2i;2i;2i
SG2|2i;2i;2i;2i;2i;2i;2i;2i;2i;2i;2i;2i;2i;2i,2,35,orbit9_fp2,wyckoff_orbit,9,2i,3,2,True,torus_fractional_coordinate,2i;2i;2i;2i;2i;2i;2i;2i;2i;2i;2i;2i;2i;2i
SG2|2i;2i;2i;2i;2i;2i;2i;2i;2i;2i;2i;2i;2i;2i,2,36,orbit10_fp0,wyckoff_orbit,10,2i,3,0,True,torus_fractional_coordinate,2i;2i;2i;2i;2i;2i;2i;2i;2i;2i;2i;2i;2i;2i
SG2|2i;2i;2i;2i;2i;2i;2i;2i;2i;2i;2i;2i;2i;2i,2,37,orbit10_fp1,wyckoff_orbit,10,2i,3,1,True,torus_fractional_coordinate,2i;2i;2i;2i;2i;2i;2i;2i;2i;2i;2i;2i;2i;2i
SG2|2i;2i;2i;2i;2i;2i;2i;2i;2i;2i;2i;2i;2i;2i,2,38,orbit10_fp2,wyckoff_orbit,10,2i,3,2,True,torus_fractional_coordinate,2i;2i;2i;2i;2i;2i;2i;2i;2i;2i;2i;2i;2i;2i
SG2|2i;2i;2i;2i;2i;2i;2i;2i;2i;2i;2i;2i;2i;2i,2,39,orbit11_fp0,wyckoff_orbit,11,2i,3,0,True,torus_fractional_coordinate,2i;2i;2i;2i;2i;2i;2i;2i;2i;2i;2i;2i;2i;2i
SG2|2i;2i;2i;2i;2i;2i;2i;2i;2i;2i;2i;2i;2i;2i,2,40,orbit11_fp1,wyckoff_orbit,11,2i,3,1,True,torus_fractional_coordinate,2i;2i;2i;2i;2i;2i;2i;2i;2i;2i;2i;2i;2i;2i
SG2|2i;2i;2i;2i;2i;2i;2i;2i;2i;2i;2i;2i;2i;2i,2,41,orbit11_fp2,wyckoff_orbit,11,2i,3,2,True,torus_fractional_coordinate,2i;2i;2i;2i;2i;2i;2i;2i;2i;2i;2i;2i;2i;2i
SG2|2i;2i;2i;2i;2i;2i;2i;2i;2i;2i;2i;2i;2i;2i,2,42,orbit12_fp0,wyckoff_orbit,12,2i,3,0,True,torus_fractional_coordinate,2i;2i;2i;2i;2i;2i;2i;2i;2i;2i;2i;2i;2i;2i
SG2|2i;2i;2i;2i;2i;2i;2i;2i;2i;2i;2i;2i;2i;2i,2,43,orbit12_fp1,wyckoff_orbit,12,2i,3,1,True,torus_fractional_coordinate,2i;2i;2i;2i;2i;2i;2i;2i;2i;2i;2i;2i;2i;2i
SG2|2i;2i;2i;2i;2i;2i;2i;2i;2i;2i;2i;2i;2i;2i,2,44,orbit12_fp2,wyckoff_orbit,12,2i,3,2,True,torus_fractional_coordinate,2i;2i;2i;2i;2i;2i;2i;2i;2i;2i;2i;2i;2i;2i
SG2|2i;2i;2i;2i;2i;2i;2i;2i;2i;2i;2i;2i;2i;2i,2,45,orbit13_fp0,wyckoff_orbit,13,2i,3,0,True,torus_fractional_coordinate,2i;2i;2i;2i;2i;2i;2i;2i;2i;2i;2i;2i;2i;2i
SG2|2i;2i;2i;2i;2i;2i;2i;2i;2i;2i;2i;2i;2i;2i,2,46,orbit13_fp1,wyckoff_orbit,13,2i,3,1,True,torus_fractional_coordinate,2i;2i;2i;2i;2i;2i;2i;2i;2i;2i;2i;2i;2i;2i
SG2|2i;2i;2i;2i;2i;2i;2i;2i;2i;2i;2i;2i;2i;2i,2,47,orbit13_fp2,wyckoff_orbit,13,2i,3,2,True,torus_fractional_coordinate,2i;2i;2i;2i;2i;2i;2i;2i;2i;2i;2i;2i;2i;2i
SG2|2i;2i;2i;2i;2i;2i;2i;2i;2i;2i;2i;2i;2i,2,0,lattice_a,lattice,-1,,0,-1,False,positive_length,2i;2i;2i;2i;2i;2i;2i;2i;2i;2i;2i;2i;2i
SG2|2i;2i;2i;2i;2i;2i;2i;2i;2i;2i;2i;2i;2i,2,1,lattice_b,lattice,-1,,0,-1,False,positive_length,2i;2i;2i;2i;2i;2i;2i;2i;2i;2i;2i;2i;2i
SG2|2i;2i;2i;2i;2i;2i;2i;2i;2i;2i;2i;2i;2i,2,2,lattice_c,lattice,-1,,0,-1,False,positive_length,2i;2i;2i;2i;2i;2i;2i;2i;2i;2i;2i;2i;2i
SG2|2i;2i;2i;2i;2i;2i;2i;2i;2i;2i;2i;2i;2i,2,3,alpha,lattice,-1,,0,-1,False,angle_degree,2i;2i;2i;2i;2i;2i;2i;2i;2i;2i;2i;2i;2i
SG2|2i;2i;2i;2i;2i;2i;2i;2i;2i;2i;2i;2i;2i,2,4,beta,lattice,-1,,0,-1,False,angle_degree,2i;2i;2i;2i;2i;2i;2i;2i;2i;2i;2i;2i;2i
SG2|2i;2i;2i;2i;2i;2i;2i;2i;2i;2i;2i;2i;2i,2,5,gamma,lattice,-1,,0,-1,False,angle_degree,2i;2i;2i;2i;2i;2i;2i;2i;2i;2i;2i;2i;2i
SG2|2i;2i;2i;2i;2i;2i;2i;2i;2i;2i;2i;2i;2i,2,6,orbit0_fp0,wyckoff_orbit,0,2i,3,0,True,torus_fractional_coordinate,2i;2i;2i;2i;2i;2i;2i;2i;2i;2i;2i;2i;2i
SG2|2i;2i;2i;2i;2i;2i;2i;2i;2i;2i;2i;2i;2i,2,7,orbit0_fp1,wyckoff_orbit,0,2i,3,1,True,torus_fractional_coordinate,2i;2i;2i;2i;2i;2i;2i;2i;2i;2i;2i;2i;2i
SG2|2i;2i;2i;2i;2i;2i;2i;2i;2i;2i;2i;2i;2i,2,8,orbit0_fp2,wyckoff_orbit,0,2i,3,2,True,torus_fractional_coordinate,2i;2i;2i;2i;2i;2i;2i;2i;2i;2i;2i;2i;2i
SG2|2i;2i;2i;2i;2i;2i;2i;2i;2i;2i;2i;2i;2i,2,9,orbit1_fp0,wyckoff_orbit,1,2i,3,0,True,torus_fractional_coordinate,2i;2i;2i;2i;2i;2i;2i;2i;2i;2i;2i;2i;2i
SG2|2i;2i;2i;2i;2i;2i;2i;2i;2i;2i;2i;2i;2i,2,10,orbit1_fp1,wyckoff_orbit,1,2i,3,1,True,torus_fractional_coordinate,2i;2i;2i;2i;2i;2i;2i;2i;2i;2i;2i;2i;2i
SG2|2i;2i;2i;2i;2i;2i;2i;2i;2i;2i;2i;2i;2i,2,11,orbit1_fp2,wyckoff_orbit,1,2i,3,2,True,torus_fractional_coordinate,2i;2i;2i;2i;2i;2i;2i;2i;2i;2i;2i;2i;2i
SG2|2i;2i;2i;2i;2i;2i;2i;2i;2i;2i;2i;2i;2i,2,12,orbit2_fp0,wyckoff_orbit,2,2i,3,0,True,torus_fractional_coordinate,2i;2i;2i;2i;2i;2i;2i;2i;2i;2i;2i;2i;2i
SG2|2i;2i;2i;2i;2i;2i;2i;2i;2i;2i;2i;2i;2i,2,13,orbit2_fp1,wyckoff_orbit,2,2i,3,1,True,torus_fractional_coordinate,2i;2i;2i;2i;2i;2i;2i;2i;2i;2i;2i;2i;2i
SG2|2i;2i;2i;2i;2i;2i;2i;2i;2i;2i;2i;2i;2i,2,14,orbit2_fp2,wyckoff_orbit,2,2i,3,2,True,torus_fractional_coordinate,2i;2i;2i;2i;2i;2i;2i;2i;2i;2i;2i;2i;2i
SG2|2i;2i;2i;2i;2i;2i;2i;2i;2i;2i;2i;2i;2i,2,15,orbit3_fp0,wyckoff_orbit,3,2i,3,0,True,torus_fractional_coordinate,2i;2i;2i;2i;2i;2i;2i;2i;2i;2i;2i;2i;2i
SG2|2i;2i;2i;2i;2i;2i;2i;2i;2i;2i;2i;2i;2i,2,16,orbit3_fp1,wyckoff_orbit,3,2i,3,1,True,torus_fractional_coordinate,2i;2i;2i;2i;2i;2i;2i;2i;2i;2i;2i;2i;2i
SG2|2i;2i;2i;2i;2i;2i;2i;2i;2i;2i;2i;2i;2i,2,17,orbit3_fp2,wyckoff_orbit,3,2i,3,2,True,torus_fractional_coordinate,2i;2i;2i;2i;2i;2i;2i;2i;2i;2i;2i;2i;2i
SG2|2i;2i;2i;2i;2i;2i;2i;2i;2i;2i;2i;2i;2i,2,18,orbit4_fp0,wyckoff_orbit,4,2i,3,0,True,torus_fractional_coordinate,2i;2i;2i;2i;2i;2i;2i;2i;2i;2i;2i;2i;2i
SG2|2i;2i;2i;2i;2i;2i;2i;2i;2i;2i;2i;2i;2i,2,19,orbit4_fp1,wyckoff_orbit,4,2i,3,1,True,torus_fractional_coordinate,2i;2i;2i;2i;2i;2i;2i;2i;2i;2i;2i;2i;2i
SG2|2i;2i;2i;2i;2i;2i;2i;2i;2i;2i;2i;2i;2i,2,20,orbit4_fp2,wyckoff_orbit,4,2i,3,2,True,torus_fractional_coordinate,2i;2i;2i;2i;2i;2i;2i;2i;2i;2i;2i;2i;2i
SG2|2i;2i;2i;2i;2i;2i;2i;2i;2i;2i;2i;2i;2i,2,21,orbit5_fp0,wyckoff_orbit,5,2i,3,0,True,torus_fractional_coordinate,2i;2i;2i;2i;2i;2i;2i;2i;2i;2i;2i;2i;2i
SG2|2i;2i;2i;2i;2i;2i;2i;2i;2i;2i;2i;2i;2i,2,22,orbit5_fp1,wyckoff_orbit,5,2i,3,1,True,torus_fractional_coordinate,2i;2i;2i;2i;2i;2i;2i;2i;2i;2i;2i;2i;2i
SG2|2i;2i;2i;2i;2i;2i;2i;2i;2i;2i;2i;2i;2i,2,23,orbit5_fp2,wyckoff_orbit,5,2i,3,2,True,torus_fractional_coordinate,2i;2i;2i;2i;2i;2i;2i;2i;2i;2i;2i;2i;2i
SG2|2i;2i;2i;2i;2i;2i;2i;2i;2i;2i;2i;2i;2i,2,24,orbit6_fp0,wyckoff_orbit,6,2i,3,0,True,torus_fractional_coordinate,2i;2i;2i;2i;2i;2i;2i;2i;2i;2i;2i;2i;2i
SG2|2i;2i;2i;2i;2i;2i;2i;2i;2i;2i;2i;2i;2i,2,25,orbit6_fp1,wyckoff_orbit,6,2i,3,1,True,torus_fractional_coordinate,2i;2i;2i;2i;2i;2i;2i;2i;2i;2i;2i;2i;2i
SG2|2i;2i;2i;2i;2i;2i;2i;2i;2i;2i;2i;2i;2i,2,26,orbit6_fp2,wyckoff_orbit,6,2i,3,2,True,torus_fractional_coordinate,2i;2i;2i;2i;2i;2i;2i;2i;2i;2i;2i;2i;2i
SG2|2i;2i;2i;2i;2i;2i;2i;2i;2i;2i;2i;2i;2i,2,27,orbit7_fp0,wyckoff_orbit,7,2i,3,0,True,torus_fractional_coordinate,2i;2i;2i;2i;2i;2i;2i;2i;2i;2i;2i;2i;2i
SG2|2i;2i;2i;2i;2i;2i;2i;2i;2i;2i;2i;2i;2i,2,28,orbit7_fp1,wyckoff_orbit,7,2i,3,1,True,torus_fractional_coordinate,2i;2i;2i;2i;2i;2i;2i;2i;2i;2i;2i;2i;2i
SG2|2i;2i;2i;2i;2i;2i;2i;2i;2i;2i;2i;2i;2i,2,29,orbit7_fp2,wyckoff_orbit,7,2i,3,2,True,torus_fractional_coordinate,2i;2i;2i;2i;2i;2i;2i;2i;2i;2i;2i;2i;2i
SG2|2i;2i;2i;2i;2i;2i;2i;2i;2i;2i;2i;2i;2i,2,30,orbit8_fp0,wyckoff_orbit,8,2i,3,0,True,torus_fractional_coordinate,2i;2i;2i;2i;2i;2i;2i;2i;2i;2i;2i;2i;2i
SG2|2i;2i;2i;2i;2i;2i;2i;2i;2i;2i;2i;2i;2i,2,31,orbit8_fp1,wyckoff_orbit,8,2i,3,1,True,torus_fractional_coordinate,2i;2i;2i;2i;2i;2i;2i;2i;2i;2i;2i;2i;2i
SG2|2i;2i;2i;2i;2i;2i;2i;2i;2i;2i;2i;2i;2i,2,32,orbit8_fp2,wyckoff_orbit,8,2i,3,2,True,torus_fractional_coordinate,2i;2i;2i;2i;2i;2i;2i;2i;2i;2i;2i;2i;2i
SG2|2i;2i;2i;2i;2i;2i;2i;2i;2i;2i;2i;2i;2i,2,33,orbit9_fp0,wyckoff_orbit,9,2i,3,0,True,torus_fractional_coordinate,2i;2i;2i;2i;2i;2i;2i;2i;2i;2i;2i;2i;2i
SG2|2i;2i;2i;2i;2i;2i;2i;2i;2i;2i;2i;2i;2i,2,34,orbit9_fp1,wyckoff_orbit,9,2i,3,1,True,torus_fractional_coordinate,2i;2i;2i;2i;2i;2i;2i;2i;2i;2i;2i;2i;2i
SG2|2i;2i;2i;2i;2i;2i;2i;2i;2i;2i;2i;2i;2i,2,35,orbit9_fp2,wyckoff_orbit,9,2i,3,2,True,torus_fractional_coordinate,2i;2i;2i;2i;2i;2i;2i;2i;2i;2i;2i;2i;2i
SG2|2i;2i;2i;2i;2i;2i;2i;2i;2i;2i;2i;2i;2i,2,36,orbit10_fp0,wyckoff_orbit,10,2i,3,0,True,torus_fractional_coordinate,2i;2i;2i;2i;2i;2i;2i;2i;2i;2i;2i;2i;2i
SG2|2i;2i;2i;2i;2i;2i;2i;2i;2i;2i;2i;2i;2i,2,37,orbit10_fp1,wyckoff_orbit,10,2i,3,1,True,torus_fractional_coordinate,2i;2i;2i;2i;2i;2i;2i;2i;2i;2i;2i;2i;2i
SG2|2i;2i;2i;2i;2i;2i;2i;2i;2i;2i;2i;2i;2i,2,38,orbit10_fp2,wyckoff_orbit,10,2i,3,2,True,torus_fractional_coordinate,2i;2i;2i;2i;2i;2i;2i;2i;2i;2i;2i;2i;2i
SG2|2i;2i;2i;2i;2i;2i;2i;2i;2i;2i;2i;2i;2i,2,39,orbit11_fp0,wyckoff_orbit,11,2i,3,0,True,torus_fractional_coordinate,2i;2i;2i;2i;2i;2i;2i;2i;2i;2i;2i;2i;2i
SG2|2i;2i;2i;2i;2i;2i;2i;2i;2i;2i;2i;2i;2i,2,40,orbit11_fp1,wyckoff_orbit,11,2i,3,1,True,torus_fractional_coordinate,2i;2i;2i;2i;2i;2i;2i;2i;2i;2i;2i;2i;2i
SG2|2i;2i;2i;2i;2i;2i;2i;2i;2i;2i;2i;2i;2i,2,41,orbit11_fp2,wyckoff_orbit,11,2i,3,2,True,torus_fractional_coordinate,2i;2i;2i;2i;2i;2i;2i;2i;2i;2i;2i;2i;2i
SG2|2i;2i;2i;2i;2i;2i;2i;2i;2i;2i;2i;2i;2i,2,42,orbit12_fp0,wyckoff_orbit,12,2i,3,0,True,torus_fractional_coordinate,2i;2i;2i;2i;2i;2i;2i;2i;2i;2i;2i;2i;2i
SG2|2i;2i;2i;2i;2i;2i;2i;2i;2i;2i;2i;2i;2i,2,43,orbit12_fp1,wyckoff_orbit,12,2i,3,1,True,torus_fractional_coordinate,2i;2i;2i;2i;2i;2i;2i;2i;2i;2i;2i;2i;2i
SG2|2i;2i;2i;2i;2i;2i;2i;2i;2i;2i;2i;2i;2i,2,44,orbit12_fp2,wyckoff_orbit,12,2i,3,2,True,torus_fractional_coordinate,2i;2i;2i;2i;2i;2i;2i;2i;2i;2i;2i;2i;2i
SG2|2i;2i;2i;2i;2i;2i;2i;2i;2i;2i;2i;2i,2,0,lattice_a,lattice,-1,,0,-1,False,positive_length,2i;2i;2i;2i;2i;2i;2i;2i;2i;2i;2i;2i
SG2|2i;2i;2i;2i;2i;2i;2i;2i;2i;2i;2i;2i,2,1,lattice_b,lattice,-1,,0,-1,False,positive_length,2i;2i;2i;2i;2i;2i;2i;2i;2i;2i;2i;2i
SG2|2i;2i;2i;2i;2i;2i;2i;2i;2i;2i;2i;2i,2,2,lattice_c,lattice,-1,,0,-1,False,positive_length,2i;2i;2i;2i;2i;2i;2i;2i;2i;2i;2i;2i
SG2|2i;2i;2i;2i;2i;2i;2i;2i;2i;2i;2i;2i,2,3,alpha,lattice,-1,,0,-1,False,angle_degree,2i;2i;2i;2i;2i;2i;2i;2i;2i;2i;2i;2i
SG2|2i;2i;2i;2i;2i;2i;2i;2i;2i;2i;2i;2i,2,4,beta,lattice,-1,,0,-1,False,angle_degree,2i;2i;2i;2i;2i;2i;2i;2i;2i;2i;2i;2i
SG2|2i;2i;2i;2i;2i;2i;2i;2i;2i;2i;2i;2i,2,5,gamma,lattice,-1,,0,-1,False,angle_degree,2i;2i;2i;2i;2i;2i;2i;2i;2i;2i;2i;2i
SG2|2i;2i;2i;2i;2i;2i;2i;2i;2i;2i;2i;2i,2,6,orbit0_fp0,wyckoff_orbit,0,2i,3,0,True,torus_fractional_coordinate,2i;2i;2i;2i;2i;2i;2i;2i;2i;2i;2i;2i
SG2|2i;2i;2i;2i;2i;2i;2i;2i;2i;2i;2i;2i,2,7,orbit0_fp1,wyckoff_orbit,0,2i,3,1,True,torus_fractional_coordinate,2i;2i;2i;2i;2i;2i;2i;2i;2i;2i;2i;2i
SG2|2i;2i;2i;2i;2i;2i;2i;2i;2i;2i;2i;2i,2,8,orbit0_fp2,wyckoff_orbit,0,2i,3,2,True,torus_fractional_coordinate,2i;2i;2i;2i;2i;2i;2i;2i;2i;2i;2i;2i
SG2|2i;2i;2i;2i;2i;2i;2i;2i;2i;2i;2i;2i,2,9,orbit1_fp0,wyckoff_orbit,1,2i,3,0,True,torus_fractional_coordinate,2i;2i;2i;2i;2i;2i;2i;2i;2i;2i;2i;2i
SG2|2i;2i;2i;2i;2i;2i;2i;2i;2i;2i;2i;2i,2,10,orbit1_fp1,wyckoff_orbit,1,2i,3,1,True,torus_fractional_coordinate,2i;2i;2i;2i;2i;2i;2i;2i;2i;2i;2i;2i
SG2|2i;2i;2i;2i;2i;2i;2i;2i;2i;2i;2i;2i,2,11,orbit1_fp2,wyckoff_orbit,1,2i,3,2,True,torus_fractional_coordinate,2i;2i;2i;2i;2i;2i;2i;2i;2i;2i;2i;2i
SG2|2i;2i;2i;2i;2i;2i;2i;2i;2i;2i;2i;2i,2,12,orbit2_fp0,wyckoff_orbit,2,2i,3,0,True,torus_fractional_coordinate,2i;2i;2i;2i;2i;2i;2i;2i;2i;2i;2i;2i
SG2|2i;2i;2i;2i;2i;2i;2i;2i;2i;2i;2i;2i,2,13,orbit2_fp1,wyckoff_orbit,2,2i,3,1,True,torus_fractional_coordinate,2i;2i;2i;2i;2i;2i;2i;2i;2i;2i;2i;2i
SG2|2i;2i;2i;2i;2i;2i;2i;2i;2i;2i;2i;2i,2,14,orbit2_fp2,wyckoff_orbit,2,2i,3,2,True,torus_fractional_coordinate,2i;2i;2i;2i;2i;2i;2i;2i;2i;2i;2i;2i
SG2|2i;2i;2i;2i;2i;2i;2i;2i;2i;2i;2i;2i,2,15,orbit3_fp0,wyckoff_orbit,3,2i,3,0,True,torus_fractional_coordinate,2i;2i;2i;2i;2i;2i;2i;2i;2i;2i;2i;2i
SG2|2i;2i;2i;2i;2i;2i;2i;2i;2i;2i;2i;2i,2,16,orbit3_fp1,wyckoff_orbit,3,2i,3,1,True,torus_fractional_coordinate,2i;2i;2i;2i;2i;2i;2i;2i;2i;2i;2i;2i
SG2|2i;2i;2i;2i;2i;2i;2i;2i;2i;2i;2i;2i,2,17,orbit3_fp2,wyckoff_orbit,3,2i,3,2,True,torus_fractional_coordinate,2i;2i;2i;2i;2i;2i;2i;2i;2i;2i;2i;2i
SG2|2i;2i;2i;2i;2i;2i;2i;2i;2i;2i;2i;2i,2,18,orbit4_fp0,wyckoff_orbit,4,2i,3,0,True,torus_fractional_coordinate,2i;2i;2i;2i;2i;2i;2i;2i;2i;2i;2i;2i
SG2|2i;2i;2i;2i;2i;2i;2i;2i;2i;2i;2i;2i,2,19,orbit4_fp1,wyckoff_orbit,4,2i,3,1,True,torus_fractional_coordinate,2i;2i;2i;2i;2i;2i;2i;2i;2i;2i;2i;2i
SG2|2i;2i;2i;2i;2i;2i;2i;2i;2i;2i;2i;2i,2,20,orbit4_fp2,wyckoff_orbit,4,2i,3,2,True,torus_fractional_coordinate,2i;2i;2i;2i;2i;2i;2i;2i;2i;2i;2i;2i
SG2|2i;2i;2i;2i;2i;2i;2i;2i;2i;2i;2i;2i,2,21,orbit5_fp0,wyckoff_orbit,5,2i,3,0,True,torus_fractional_coordinate,2i;2i;2i;2i;2i;2i;2i;2i;2i;2i;2i;2i
SG2|2i;2i;2i;2i;2i;2i;2i;2i;2i;2i;2i;2i,2,22,orbit5_fp1,wyckoff_orbit,5,2i,3,1,True,torus_fractional_coordinate,2i;2i;2i;2i;2i;2i;2i;2i;2i;2i;2i;2i
SG2|2i;2i;2i;2i;2i;2i;2i;2i;2i;2i;2i;2i,2,23,orbit5_fp2,wyckoff_orbit,5,2i,3,2,True,torus_fractional_coordinate,2i;2i;2i;2i;2i;2i;2i;2i;2i;2i;2i;2i
SG2|2i;2i;2i;2i;2i;2i;2i;2i;2i;2i;2i;2i,2,24,orbit6_fp0,wyckoff_orbit,6,2i,3,0,True,torus_fractional_coordinate,2i;2i;2i;2i;2i;2i;2i;2i;2i;2i;2i;2i
SG2|2i;2i;2i;2i;2i;2i;2i;2i;2i;2i;2i;2i,2,25,orbit6_fp1,wyckoff_orbit,6,2i,3,1,True,torus_fractional_coordinate,2i;2i;2i;2i;2i;2i;2i;2i;2i;2i;2i;2i
SG2|2i;2i;2i;2i;2i;2i;2i;2i;2i;2i;2i;2i,2,26,orbit6_fp2,wyckoff_orbit,6,2i,3,2,True,torus_fractional_coordinate,2i;2i;2i;2i;2i;2i;2i;2i;2i;2i;2i;2i
SG2|2i;2i;2i;2i;2i;2i;2i;2i;2i;2i;2i;2i,2,27,orbit7_fp0,wyckoff_orbit,7,2i,3,0,True,torus_fractional_coordinate,2i;2i;2i;2i;2i;2i;2i;2i;2i;2i;2i;2i
SG2|2i;2i;2i;2i;2i;2i;2i;2i;2i;2i;2i;2i,2,28,orbit7_fp1,wyckoff_orbit,7,2i,3,1,True,torus_fractional_coordinate,2i;2i;2i;2i;2i;2i;2i;2i;2i;2i;2i;2i
SG2|2i;2i;2i;2i;2i;2i;2i;2i;2i;2i;2i;2i,2,29,orbit7_fp2,wyckoff_orbit,7,2i,3,2,True,torus_fractional_coordinate,2i;2i;2i;2i;2i;2i;2i;2i;2i;2i;2i;2i
SG2|2i;2i;2i;2i;2i;2i;2i;2i;2i;2i;2i;2i,2,30,orbit8_fp0,wyckoff_orbit,8,2i,3,0,True,torus_fractional_coordinate,2i;2i;2i;2i;2i;2i;2i;2i;2i;2i;2i;2i
SG2|2i;2i;2i;2i;2i;2i;2i;2i;2i;2i;2i;2i,2,31,orbit8_fp1,wyckoff_orbit,8,2i,3,1,True,torus_fractional_coordinate,2i;2i;2i;2i;2i;2i;2i;2i;2i;2i;2i;2i
SG2|2i;2i;2i;2i;2i;2i;2i;2i;2i;2i;2i;2i,2,32,orbit8_fp2,wyckoff_orbit,8,2i,3,2,True,torus_fractional_coordinate,2i;2i;2i;2i;2i;2i;2i;2i;2i;2i;2i;2i
SG2|2i;2i;2i;2i;2i;2i;2i;2i;2i;2i;2i;2i,2,33,orbit9_fp0,wyckoff_orbit,9,2i,3,0,True,torus_fractional_coordinate,2i;2i;2i;2i;2i;2i;2i;2i;2i;2i;2i;2i
SG2|2i;2i;2i;2i;2i;2i;2i;2i;2i;2i;2i;2i,2,34,orbit9_fp1,wyckoff_orbit,9,2i,3,1,True,torus_fractional_coordinate,2i;2i;2i;2i;2i;2i;2i;2i;2i;2i;2i;2i
SG2|2i;2i;2i;2i;2i;2i;2i;2i;2i;2i;2i;2i,2,35,orbit9_fp2,wyckoff_orbit,9,2i,3,2,True,torus_fractional_coordinate,2i;2i;2i;2i;2i;2i;2i;2i;2i;2i;2i;2i
SG2|2i;2i;2i;2i;2i;2i;2i;2i;2i;2i;2i;2i,2,36,orbit10_fp0,wyckoff_orbit,10,2i,3,0,True,torus_fractional_coordinate,2i;2i;2i;2i;2i;2i;2i;2i;2i;2i;2i;2i
SG2|2i;2i;2i;2i;2i;2i;2i;2i;2i;2i;2i;2i,2,37,orbit10_fp1,wyckoff_orbit,10,2i,3,1,True,torus_fractional_coordinate,2i;2i;2i;2i;2i;2i;2i;2i;2i;2i;2i;2i
SG2|2i;2i;2i;2i;2i;2i;2i;2i;2i;2i;2i;2i,2,38,orbit10_fp2,wyckoff_orbit,10,2i,3,2,True,torus_fractional_coordinate,2i;2i;2i;2i;2i;2i;2i;2i;2i;2i;2i;2i
SG2|2i;2i;2i;2i;2i;2i;2i;2i;2i;2i;2i;2i,2,39,orbit11_fp0,wyckoff_orbit,11,2i,3,0,True,torus_fractional_coordinate,2i;2i;2i;2i;2i;2i;2i;2i;2i;2i;2i;2i
SG2|2i;2i;2i;2i;2i;2i;2i;2i;2i;2i;2i;2i,2,40,orbit11_fp1,wyckoff_orbit,11,2i,3,1,True,torus_fractional_coordinate,2i;2i;2i;2i;2i;2i;2i;2i;2i;2i;2i;2i
SG2|2i;2i;2i;2i;2i;2i;2i;2i;2i;2i;2i;2i,2,41,orbit11_fp2,wyckoff_orbit,11,2i,3,2,True,torus_fractional_coordinate,2i;2i;2i;2i;2i;2i;2i;2i;2i;2i;2i;2i
SG2|1c;1d;1f;1g;2i;2i;2i;2i;2i;2i;2i;2i,2,0,lattice_a,lattice,-1,,0,-1,False,positive_length,1c;1d;1f;1g;2i;2i;2i;2i;2i;2i;2i;2i
SG2|1c;1d;1f;1g;2i;2i;2i;2i;2i;2i;2i;2i,2,1,lattice_b,lattice,-1,,0,-1,False,positive_length,1c;1d;1f;1g;2i;2i;2i;2i;2i;2i;2i;2i
SG2|1c;1d;1f;1g;2i;2i;2i;2i;2i;2i;2i;2i,2,2,lattice_c,lattice,-1,,0,-1,False,positive_length,1c;1d;1f;1g;2i;2i;2i;2i;2i;2i;2i;2i
SG2|1c;1d;1f;1g;2i;2i;2i;2i;2i;2i;2i;2i,2,3,alpha,lattice,-1,,0,-1,False,angle_degree,1c;1d;1f;1g;2i;2i;2i;2i;2i;2i;2i;2i
SG2|1c;1d;1f;1g;2i;2i;2i;2i;2i;2i;2i;2i,2,4,beta,lattice,-1,,0,-1,False,angle_degree,1c;1d;1f;1g;2i;2i;2i;2i;2i;2i;2i;2i
SG2|1c;1d;1f;1g;2i;2i;2i;2i;2i;2i;2i;2i,2,5,gamma,lattice,-1,,0,-1,False,angle_degree,1c;1d;1f;1g;2i;2i;2i;2i;2i;2i;2i;2i
SG2|1c;1d;1f;1g;2i;2i;2i;2i;2i;2i;2i;2i,2,6,orbit4_fp0,wyckoff_orbit,4,2i,3,0,True,torus_fractional_coordinate,1c;1d;1f;1g;2i;2i;2i;2i;2i;2i;2i;2i
SG2|1c;1d;1f;1g;2i;2i;2i;2i;2i;2i;2i;2i,2,7,orbit4_fp1,wyckoff_orbit,4,2i,3,1,True,torus_fractional_coordinate,1c;1d;1f;1g;2i;2i;2i;2i;2i;2i;2i;2i
SG2|1c;1d;1f;1g;2i;2i;2i;2i;2i;2i;2i;2i,2,8,orbit4_fp2,wyckoff_orbit,4,2i,3,2,True,torus_fractional_coordinate,1c;1d;1f;1g;2i;2i;2i;2i;2i;2i;2i;2i
SG2|1c;1d;1f;1g;2i;2i;2i;2i;2i;2i;2i;2i,2,9,orbit5_fp0,wyckoff_orbit,5,2i,3,0,True,torus_fractional_coordinate,1c;1d;1f;1g;2i;2i;2i;2i;2i;2i;2i;2i
SG2|1c;1d;1f;1g;2i;2i;2i;2i;2i;2i;2i;2i,2,10,orbit5_fp1,wyckoff_orbit,5,2i,3,1,True,torus_fractional_coordinate,1c;1d;1f;1g;2i;2i;2i;2i;2i;2i;2i;2i
SG2|1c;1d;1f;1g;2i;2i;2i;2i;2i;2i;2i;2i,2,11,orbit5_fp2,wyckoff_orbit,5,2i,3,2,True,torus_fractional_coordinate,1c;1d;1f;1g;2i;2i;2i;2i;2i;2i;2i;2i
SG2|1c;1d;1f;1g;2i;2i;2i;2i;2i;2i;2i;2i,2,12,orbit6_fp0,wyckoff_orbit,6,2i,3,0,True,torus_fractional_coordinate,1c;1d;1f;1g;2i;2i;2i;2i;2i;2i;2i;2i
SG2|1c;1d;1f;1g;2i;2i;2i;2i;2i;2i;2i;2i,2,13,orbit6_fp1,wyckoff_orbit,6,2i,3,1,True,torus_fractional_coordinate,1c;1d;1f;1g;2i;2i;2i;2i;2i;2i;2i;2i
SG2|1c;1d;1f;1g;2i;2i;2i;2i;2i;2i;2i;2i,2,14,orbit6_fp2,wyckoff_orbit,6,2i,3,2,True,torus_fractional_coordinate,1c;1d;1f;1g;2i;2i;2i;2i;2i;2i;2i;2i
SG2|1c;1d;1f;1g;2i;2i;2i;2i;2i;2i;2i;2i,2,15,orbit7_fp0,wyckoff_orbit,7,2i,3,0,True,torus_fractional_coordinate,1c;1d;1f;1g;2i;2i;2i;2i;2i;2i;2i;2i
SG2|1c;1d;1f;1g;2i;2i;2i;2i;2i;2i;2i;2i,2,16,orbit7_fp1,wyckoff_orbit,7,2i,3,1,True,torus_fractional_coordinate,1c;1d;1f;1g;2i;2i;2i;2i;2i;2i;2i;2i
SG2|1c;1d;1f;1g;2i;2i;2i;2i;2i;2i;2i;2i,2,17,orbit7_fp2,wyckoff_orbit,7,2i,3,2,True,torus_fractional_coordinate,1c;1d;1f;1g;2i;2i;2i;2i;2i;2i;2i;2i
SG2|1c;1d;1f;1g;2i;2i;2i;2i;2i;2i;2i;2i,2,18,orbit8_fp0,wyckoff_orbit,8,2i,3,0,True,torus_fractional_coordinate,1c;1d;1f;1g;2i;2i;2i;2i;2i;2i;2i;2i
SG2|1c;1d;1f;1g;2i;2i;2i;2i;2i;2i;2i;2i,2,19,orbit8_fp1,wyckoff_orbit,8,2i,3,1,True,torus_fractional_coordinate,1c;1d;1f;1g;2i;2i;2i;2i;2i;2i;2i;2i
SG2|1c;1d;1f;1g;2i;2i;2i;2i;2i;2i;2i;2i,2,20,orbit8_fp2,wyckoff_orbit,8,2i,3,2,True,torus_fractional_coordinate,1c;1d;1f;1g;2i;2i;2i;2i;2i;2i;2i;2i
SG2|1c;1d;1f;1g;2i;2i;2i;2i;2i;2i;2i;2i,2,21,orbit9_fp0,wyckoff_orbit,9,2i,3,0,True,torus_fractional_coordinate,1c;1d;1f;1g;2i;2i;2i;2i;2i;2i;2i;2i
SG2|1c;1d;1f;1g;2i;2i;2i;2i;2i;2i;2i;2i,2,22,orbit9_fp1,wyckoff_orbit,9,2i,3,1,True,torus_fractional_coordinate,1c;1d;1f;1g;2i;2i;2i;2i;2i;2i;2i;2i
SG2|1c;1d;1f;1g;2i;2i;2i;2i;2i;2i;2i;2i,2,23,orbit9_fp2,wyckoff_orbit,9,2i,3,2,True,torus_fractional_coordinate,1c;1d;1f;1g;2i;2i;2i;2i;2i;2i;2i;2i
SG2|1c;1d;1f;1g;2i;2i;2i;2i;2i;2i;2i;2i,2,24,orbit10_fp0,wyckoff_orbit,10,2i,3,0,True,torus_fractional_coordinate,1c;1d;1f;1g;2i;2i;2i;2i;2i;2i;2i;2i
SG2|1c;1d;1f;1g;2i;2i;2i;2i;2i;2i;2i;2i,2,25,orbit10_fp1,wyckoff_orbit,10,2i,3,1,True,torus_fractional_coordinate,1c;1d;1f;1g;2i;2i;2i;2i;2i;2i;2i;2i
SG2|1c;1d;1f;1g;2i;2i;2i;2i;2i;2i;2i;2i,2,26,orbit10_fp2,wyckoff_orbit,10,2i,3,2,True,torus_fractional_coordinate,1c;1d;1f;1g;2i;2i;2i;2i;2i;2i;2i;2i
SG2|1c;1d;1f;1g;2i;2i;2i;2i;2i;2i;2i;2i,2,27,orbit11_fp0,wyckoff_orbit,11,2i,3,0,True,torus_fractional_coordinate,1c;1d;1f;1g;2i;2i;2i;2i;2i;2i;2i;2i
SG2|1c;1d;1f;1g;2i;2i;2i;2i;2i;2i;2i;2i,2,28,orbit11_fp1,wyckoff_orbit,11,2i,3,1,True,torus_fractional_coordinate,1c;1d;1f;1g;2i;2i;2i;2i;2i;2i;2i;2i
SG2|1c;1d;1f;1g;2i;2i;2i;2i;2i;2i;2i;2i,2,29,orbit11_fp2,wyckoff_orbit,11,2i,3,2,True,torus_fractional_coordinate,1c;1d;1f;1g;2i;2i;2i;2i;2i;2i;2i;2i
SG2|2i;2i;2i;2i;2i;2i;2i;2i;2i;2i;2i,2,0,lattice_a,lattice,-1,,0,-1,False,positive_length,2i;2i;2i;2i;2i;2i;2i;2i;2i;2i;2i
SG2|2i;2i;2i;2i;2i;2i;2i;2i;2i;2i;2i,2,1,lattice_b,lattice,-1,,0,-1,False,positive_length,2i;2i;2i;2i;2i;2i;2i;2i;2i;2i;2i
SG2|2i;2i;2i;2i;2i;2i;2i;2i;2i;2i;2i,2,2,lattice_c,lattice,-1,,0,-1,False,positive_length,2i;2i;2i;2i;2i;2i;2i;2i;2i;2i;2i
SG2|2i;2i;2i;2i;2i;2i;2i;2i;2i;2i;2i,2,3,alpha,lattice,-1,,0,-1,False,angle_degree,2i;2i;2i;2i;2i;2i;2i;2i;2i;2i;2i
SG2|2i;2i;2i;2i;2i;2i;2i;2i;2i;2i;2i,2,4,beta,lattice,-1,,0,-1,False,angle_degree,2i;2i;2i;2i;2i;2i;2i;2i;2i;2i;2i
SG2|2i;2i;2i;2i;2i;2i;2i;2i;2i;2i;2i,2,5,gamma,lattice,-1,,0,-1,False,angle_degree,2i;2i;2i;2i;2i;2i;2i;2i;2i;2i;2i
SG2|2i;2i;2i;2i;2i;2i;2i;2i;2i;2i;2i,2,6,orbit0_fp0,wyckoff_orbit,0,2i,3,0,True,torus_fractional_coordinate,2i;2i;2i;2i;2i;2i;2i;2i;2i;2i;2i
SG2|2i;2i;2i;2i;2i;2i;2i;2i;2i;2i;2i,2,7,orbit0_fp1,wyckoff_orbit,0,2i,3,1,True,torus_fractional_coordinate,2i;2i;2i;2i;2i;2i;2i;2i;2i;2i;2i
SG2|2i;2i;2i;2i;2i;2i;2i;2i;2i;2i;2i,2,8,orbit0_fp2,wyckoff_orbit,0,2i,3,2,True,torus_fractional_coordinate,2i;2i;2i;2i;2i;2i;2i;2i;2i;2i;2i
SG2|2i;2i;2i;2i;2i;2i;2i;2i;2i;2i;2i,2,9,orbit1_fp0,wyckoff_orbit,1,2i,3,0,True,torus_fractional_coordinate,2i;2i;2i;2i;2i;2i;2i;2i;2i;2i;2i
SG2|2i;2i;2i;2i;2i;2i;2i;2i;2i;2i;2i,2,10,orbit1_fp1,wyckoff_orbit,1,2i,3,1,True,torus_fractional_coordinate,2i;2i;2i;2i;2i;2i;2i;2i;2i;2i;2i
SG2|2i;2i;2i;2i;2i;2i;2i;2i;2i;2i;2i,2,11,orbit1_fp2,wyckoff_orbit,1,2i,3,2,True,torus_fractional_coordinate,2i;2i;2i;2i;2i;2i;2i;2i;2i;2i;2i
SG2|2i;2i;2i;2i;2i;2i;2i;2i;2i;2i;2i,2,12,orbit2_fp0,wyckoff_orbit,2,2i,3,0,True,torus_fractional_coordinate,2i;2i;2i;2i;2i;2i;2i;2i;2i;2i;2i
SG2|2i;2i;2i;2i;2i;2i;2i;2i;2i;2i;2i,2,13,orbit2_fp1,wyckoff_orbit,2,2i,3,1,True,torus_fractional_coordinate,2i;2i;2i;2i;2i;2i;2i;2i;2i;2i;2i
SG2|2i;2i;2i;2i;2i;2i;2i;2i;2i;2i;2i,2,14,orbit2_fp2,wyckoff_orbit,2,2i,3,2,True,torus_fractional_coordinate,2i;2i;2i;2i;2i;2i;2i;2i;2i;2i;2i
SG2|2i;2i;2i;2i;2i;2i;2i;2i;2i;2i;2i,2,15,orbit3_fp0,wyckoff_orbit,3,2i,3,0,True,torus_fractional_coordinate,2i;2i;2i;2i;2i;2i;2i;2i;2i;2i;2i
SG2|2i;2i;2i;2i;2i;2i;2i;2i;2i;2i;2i,2,16,orbit3_fp1,wyckoff_orbit,3,2i,3,1,True,torus_fractional_coordinate,2i;2i;2i;2i;2i;2i;2i;2i;2i;2i;2i
SG2|2i;2i;2i;2i;2i;2i;2i;2i;2i;2i;2i,2,17,orbit3_fp2,wyckoff_orbit,3,2i,3,2,True,torus_fractional_coordinate,2i;2i;2i;2i;2i;2i;2i;2i;2i;2i;2i
SG2|2i;2i;2i;2i;2i;2i;2i;2i;2i;2i;2i,2,18,orbit4_fp0,wyckoff_orbit,4,2i,3,0,True,torus_fractional_coordinate,2i;2i;2i;2i;2i;2i;2i;2i;2i;2i;2i
SG2|2i;2i;2i;2i;2i;2i;2i;2i;2i;2i;2i,2,19,orbit4_fp1,wyckoff_orbit,4,2i,3,1,True,torus_fractional_coordinate,2i;2i;2i;2i;2i;2i;2i;2i;2i;2i;2i
SG2|2i;2i;2i;2i;2i;2i;2i;2i;2i;2i;2i,2,20,orbit4_fp2,wyckoff_orbit,4,2i,3,2,True,torus_fractional_coordinate,2i;2i;2i;2i;2i;2i;2i;2i;2i;2i;2i
SG2|2i;2i;2i;2i;2i;2i;2i;2i;2i;2i;2i,2,21,orbit5_fp0,wyckoff_orbit,5,2i,3,0,True,torus_fractional_coordinate,2i;2i;2i;2i;2i;2i;2i;2i;2i;2i;2i
SG2|2i;2i;2i;2i;2i;2i;2i;2i;2i;2i;2i,2,22,orbit5_fp1,wyckoff_orbit,5,2i,3,1,True,torus_fractional_coordinate,2i;2i;2i;2i;2i;2i;2i;2i;2i;2i;2i
SG2|2i;2i;2i;2i;2i;2i;2i;2i;2i;2i;2i,2,23,orbit5_fp2,wyckoff_orbit,5,2i,3,2,True,torus_fractional_coordinate,2i;2i;2i;2i;2i;2i;2i;2i;2i;2i;2i
SG2|2i;2i;2i;2i;2i;2i;2i;2i;2i;2i;2i,2,24,orbit6_fp0,wyckoff_orbit,6,2i,3,0,True,torus_fractional_coordinate,2i;2i;2i;2i;2i;2i;2i;2i;2i;2i;2i
SG2|2i;2i;2i;2i;2i;2i;2i;2i;2i;2i;2i,2,25,orbit6_fp1,wyckoff_orbit,6,2i,3,1,True,torus_fractional_coordinate,2i;2i;2i;2i;2i;2i;2i;2i;2i;2i;2i
SG2|2i;2i;2i;2i;2i;2i;2i;2i;2i;2i;2i,2,26,orbit6_fp2,wyckoff_orbit,6,2i,3,2,True,torus_fractional_coordinate,2i;2i;2i;2i;2i;2i;2i;2i;2i;2i;2i
SG2|2i;2i;2i;2i;2i;2i;2i;2i;2i;2i;2i,2,27,orbit7_fp0,wyckoff_orbit,7,2i,3,0,True,torus_fractional_coordinate,2i;2i;2i;2i;2i;2i;2i;2i;2i;2i;2i
SG2|2i;2i;2i;2i;2i;2i;2i;2i;2i;2i;2i,2,28,orbit7_fp1,wyckoff_orbit,7,2i,3,1,True,torus_fractional_coordinate,2i;2i;2i;2i;2i;2i;2i;2i;2i;2i;2i
SG2|2i;2i;2i;2i;2i;2i;2i;2i;2i;2i;2i,2,29,orbit7_fp2,wyckoff_orbit,7,2i,3,2,True,torus_fractional_coordinate,2i;2i;2i;2i;2i;2i;2i;2i;2i;2i;2i
SG2|2i;2i;2i;2i;2i;2i;2i;2i;2i;2i;2i,2,30,orbit8_fp0,wyckoff_orbit,8,2i,3,0,True,torus_fractional_coordinate,2i;2i;2i;2i;2i;2i;2i;2i;2i;2i;2i
SG2|2i;2i;2i;2i;2i;2i;2i;2i;2i;2i;2i,2,31,orbit8_fp1,wyckoff_orbit,8,2i,3,1,True,torus_fractional_coordinate,2i;2i;2i;2i;2i;2i;2i;2i;2i;2i;2i
SG2|2i;2i;2i;2i;2i;2i;2i;2i;2i;2i;2i,2,32,orbit8_fp2,wyckoff_orbit,8,2i,3,2,True,torus_fractional_coordinate,2i;2i;2i;2i;2i;2i;2i;2i;2i;2i;2i
SG2|2i;2i;2i;2i;2i;2i;2i;2i;2i;2i;2i,2,33,orbit9_fp0,wyckoff_orbit,9,2i,3,0,True,torus_fractional_coordinate,2i;2i;2i;2i;2i;2i;2i;2i;2i;2i;2i
SG2|2i;2i;2i;2i;2i;2i;2i;2i;2i;2i;2i,2,34,orbit9_fp1,wyckoff_orbit,9,2i,3,1,True,torus_fractional_coordinate,2i;2i;2i;2i;2i;2i;2i;2i;2i;2i;2i
SG2|2i;2i;2i;2i;2i;2i;2i;2i;2i;2i;2i,2,35,orbit9_fp2,wyckoff_orbit,9,2i,3,2,True,torus_fractional_coordinate,2i;2i;2i;2i;2i;2i;2i;2i;2i;2i;2i
SG2|2i;2i;2i;2i;2i;2i;2i;2i;2i;2i;2i,2,36,orbit10_fp0,wyckoff_orbit,10,2i,3,0,True,torus_fractional_coordinate,2i;2i;2i;2i;2i;2i;2i;2i;2i;2i;2i
SG2|2i;2i;2i;2i;2i;2i;2i;2i;2i;2i;2i,2,37,orbit10_fp1,wyckoff_orbit,10,2i,3,1,True,torus_fractional_coordinate,2i;2i;2i;2i;2i;2i;2i;2i;2i;2i;2i
SG2|2i;2i;2i;2i;2i;2i;2i;2i;2i;2i;2i,2,38,orbit10_fp2,wyckoff_orbit,10,2i,3,2,True,torus_fractional_coordinate,2i;2i;2i;2i;2i;2i;2i;2i;2i;2i;2i
SG2|2i;2i;2i;2i;2i;2i;2i;2i;2i;2i,2,0,lattice_a,lattice,-1,,0,-1,False,positive_length,2i;2i;2i;2i;2i;2i;2i;2i;2i;2i
SG2|2i;2i;2i;2i;2i;2i;2i;2i;2i;2i,2,1,lattice_b,lattice,-1,,0,-1,False,positive_length,2i;2i;2i;2i;2i;2i;2i;2i;2i;2i
SG2|2i;2i;2i;2i;2i;2i;2i;2i;2i;2i,2,2,lattice_c,lattice,-1,,0,-1,False,positive_length,2i;2i;2i;2i;2i;2i;2i;2i;2i;2i
SG2|2i;2i;2i;2i;2i;2i;2i;2i;2i;2i,2,3,alpha,lattice,-1,,0,-1,False,angle_degree,2i;2i;2i;2i;2i;2i;2i;2i;2i;2i
SG2|2i;2i;2i;2i;2i;2i;2i;2i;2i;2i,2,4,beta,lattice,-1,,0,-1,False,angle_degree,2i;2i;2i;2i;2i;2i;2i;2i;2i;2i
SG2|2i;2i;2i;2i;2i;2i;2i;2i;2i;2i,2,5,gamma,lattice,-1,,0,-1,False,angle_degree,2i;2i;2i;2i;2i;2i;2i;2i;2i;2i
SG2|2i;2i;2i;2i;2i;2i;2i;2i;2i;2i,2,6,orbit0_fp0,wyckoff_orbit,0,2i,3,0,True,torus_fractional_coordinate,2i;2i;2i;2i;2i;2i;2i;2i;2i;2i
SG2|2i;2i;2i;2i;2i;2i;2i;2i;2i;2i,2,7,orbit0_fp1,wyckoff_orbit,0,2i,3,1,True,torus_fractional_coordinate,2i;2i;2i;2i;2i;2i;2i;2i;2i;2i
SG2|2i;2i;2i;2i;2i;2i;2i;2i;2i;2i,2,8,orbit0_fp2,wyckoff_orbit,0,2i,3,2,True,torus_fractional_coordinate,2i;2i;2i;2i;2i;2i;2i;2i;2i;2i
SG2|2i;2i;2i;2i;2i;2i;2i;2i;2i;2i,2,9,orbit1_fp0,wyckoff_orbit,1,2i,3,0,True,torus_fractional_coordinate,2i;2i;2i;2i;2i;2i;2i;2i;2i;2i
SG2|2i;2i;2i;2i;2i;2i;2i;2i;2i;2i,2,10,orbit1_fp1,wyckoff_orbit,1,2i,3,1,True,torus_fractional_coordinate,2i;2i;2i;2i;2i;2i;2i;2i;2i;2i
SG2|2i;2i;2i;2i;2i;2i;2i;2i;2i;2i,2,11,orbit1_fp2,wyckoff_orbit,1,2i,3,2,True,torus_fractional_coordinate,2i;2i;2i;2i;2i;2i;2i;2i;2i;2i
SG2|2i;2i;2i;2i;2i;2i;2i;2i;2i;2i,2,12,orbit2_fp0,wyckoff_orbit,2,2i,3,0,True,torus_fractional_coordinate,2i;2i;2i;2i;2i;2i;2i;2i;2i;2i
SG2|2i;2i;2i;2i;2i;2i;2i;2i;2i;2i,2,13,orbit2_fp1,wyckoff_orbit,2,2i,3,1,True,torus_fractional_coordinate,2i;2i;2i;2i;2i;2i;2i;2i;2i;2i
SG2|2i;2i;2i;2i;2i;2i;2i;2i;2i;2i,2,14,orbit2_fp2,wyckoff_orbit,2,2i,3,2,True,torus_fractional_coordinate,2i;2i;2i;2i;2i;2i;2i;2i;2i;2i
SG2|2i;2i;2i;2i;2i;2i;2i;2i;2i;2i,2,15,orbit3_fp0,wyckoff_orbit,3,2i,3,0,True,torus_fractional_coordinate,2i;2i;2i;2i;2i;2i;2i;2i;2i;2i
SG2|2i;2i;2i;2i;2i;2i;2i;2i;2i;2i,2,16,orbit3_fp1,wyckoff_orbit,3,2i,3,1,True,torus_fractional_coordinate,2i;2i;2i;2i;2i;2i;2i;2i;2i;2i
SG2|2i;2i;2i;2i;2i;2i;2i;2i;2i;2i,2,17,orbit3_fp2,wyckoff_orbit,3,2i,3,2,True,torus_fractional_coordinate,2i;2i;2i;2i;2i;2i;2i;2i;2i;2i
SG2|2i;2i;2i;2i;2i;2i;2i;2i;2i;2i,2,18,orbit4_fp0,wyckoff_orbit,4,2i,3,0,True,torus_fractional_coordinate,2i;2i;2i;2i;2i;2i;2i;2i;2i;2i
SG2|2i;2i;2i;2i;2i;2i;2i;2i;2i;2i,2,19,orbit4_fp1,wyckoff_orbit,4,2i,3,1,True,torus_fractional_coordinate,2i;2i;2i;2i;2i;2i;2i;2i;2i;2i
SG2|2i;2i;2i;2i;2i;2i;2i;2i;2i;2i,2,20,orbit4_fp2,wyckoff_orbit,4,2i,3,2,True,torus_fractional_coordinate,2i;2i;2i;2i;2i;2i;2i;2i;2i;2i
SG2|2i;2i;2i;2i;2i;2i;2i;2i;2i;2i,2,21,orbit5_fp0,wyckoff_orbit,5,2i,3,0,True,torus_fractional_coordinate,2i;2i;2i;2i;2i;2i;2i;2i;2i;2i
SG2|2i;2i;2i;2i;2i;2i;2i;2i;2i;2i,2,22,orbit5_fp1,wyckoff_orbit,5,2i,3,1,True,torus_fractional_coordinate,2i;2i;2i;2i;2i;2i;2i;2i;2i;2i
SG2|2i;2i;2i;2i;2i;2i;2i;2i;2i;2i,2,23,orbit5_fp2,wyckoff_orbit,5,2i,3,2,True,torus_fractional_coordinate,2i;2i;2i;2i;2i;2i;2i;2i;2i;2i
SG2|2i;2i;2i;2i;2i;2i;2i;2i;2i;2i,2,24,orbit6_fp0,wyckoff_orbit,6,2i,3,0,True,torus_fractional_coordinate,2i;2i;2i;2i;2i;2i;2i;2i;2i;2i
SG2|2i;2i;2i;2i;2i;2i;2i;2i;2i;2i,2,25,orbit6_fp1,wyckoff_orbit,6,2i,3,1,True,torus_fractional_coordinate,2i;2i;2i;2i;2i;2i;2i;2i;2i;2i
SG2|2i;2i;2i;2i;2i;2i;2i;2i;2i;2i,2,26,orbit6_fp2,wyckoff_orbit,6,2i,3,2,True,torus_fractional_coordinate,2i;2i;2i;2i;2i;2i;2i;2i;2i;2i
SG2|2i;2i;2i;2i;2i;2i;2i;2i;2i;2i,2,27,orbit7_fp0,wyckoff_orbit,7,2i,3,0,True,torus_fractional_coordinate,2i;2i;2i;2i;2i;2i;2i;2i;2i;2i
SG2|2i;2i;2i;2i;2i;2i;2i;2i;2i;2i,2,28,orbit7_fp1,wyckoff_orbit,7,2i,3,1,True,torus_fractional_coordinate,2i;2i;2i;2i;2i;2i;2i;2i;2i;2i
SG2|2i;2i;2i;2i;2i;2i;2i;2i;2i;2i,2,29,orbit7_fp2,wyckoff_orbit,7,2i,3,2,True,torus_fractional_coordinate,2i;2i;2i;2i;2i;2i;2i;2i;2i;2i
SG2|2i;2i;2i;2i;2i;2i;2i;2i;2i;2i,2,30,orbit8_fp0,wyckoff_orbit,8,2i,3,0,True,torus_fractional_coordinate,2i;2i;2i;2i;2i;2i;2i;2i;2i;2i
SG2|2i;2i;2i;2i;2i;2i;2i;2i;2i;2i,2,31,orbit8_fp1,wyckoff_orbit,8,2i,3,1,True,torus_fractional_coordinate,2i;2i;2i;2i;2i;2i;2i;2i;2i;2i
SG2|2i;2i;2i;2i;2i;2i;2i;2i;2i;2i,2,32,orbit8_fp2,wyckoff_orbit,8,2i,3,2,True,torus_fractional_coordinate,2i;2i;2i;2i;2i;2i;2i;2i;2i;2i
SG2|2i;2i;2i;2i;2i;2i;2i;2i;2i;2i,2,33,orbit9_fp0,wyckoff_orbit,9,2i,3,0,True,torus_fractional_coordinate,2i;2i;2i;2i;2i;2i;2i;2i;2i;2i
SG2|2i;2i;2i;2i;2i;2i;2i;2i;2i;2i,2,34,orbit9_fp1,wyckoff_orbit,9,2i,3,1,True,torus_fractional_coordinate,2i;2i;2i;2i;2i;2i;2i;2i;2i;2i
SG2|2i;2i;2i;2i;2i;2i;2i;2i;2i;2i,2,35,orbit9_fp2,wyckoff_orbit,9,2i,3,2,True,torus_fractional_coordinate,2i;2i;2i;2i;2i;2i;2i;2i;2i;2i
SG2|2i;2i;2i;2i;2i;2i;2i;2i;2i,2,0,lattice_a,lattice,-1,,0,-1,False,positive_length,2i;2i;2i;2i;2i;2i;2i;2i;2i
SG2|2i;2i;2i;2i;2i;2i;2i;2i;2i,2,1,lattice_b,lattice,-1,,0,-1,False,positive_length,2i;2i;2i;2i;2i;2i;2i;2i;2i
SG2|2i;2i;2i;2i;2i;2i;2i;2i;2i,2,2,lattice_c,lattice,-1,,0,-1,False,positive_length,2i;2i;2i;2i;2i;2i;2i;2i;2i
SG2|2i;2i;2i;2i;2i;2i;2i;2i;2i,2,3,alpha,lattice,-1,,0,-1,False,angle_degree,2i;2i;2i;2i;2i;2i;2i;2i;2i
SG2|2i;2i;2i;2i;2i;2i;2i;2i;2i,2,4,beta,lattice,-1,,0,-1,False,angle_degree,2i;2i;2i;2i;2i;2i;2i;2i;2i
SG2|2i;2i;2i;2i;2i;2i;2i;2i;2i,2,5,gamma,lattice,-1,,0,-1,False,angle_degree,2i;2i;2i;2i;2i;2i;2i;2i;2i
SG2|2i;2i;2i;2i;2i;2i;2i;2i;2i,2,6,orbit0_fp0,wyckoff_orbit,0,2i,3,0,True,torus_fractional_coordinate,2i;2i;2i;2i;2i;2i;2i;2i;2i
SG2|2i;2i;2i;2i;2i;2i;2i;2i;2i,2,7,orbit0_fp1,wyckoff_orbit,0,2i,3,1,True,torus_fractional_coordinate,2i;2i;2i;2i;2i;2i;2i;2i;2i
SG2|2i;2i;2i;2i;2i;2i;2i;2i;2i,2,8,orbit0_fp2,wyckoff_orbit,0,2i,3,2,True,torus_fractional_coordinate,2i;2i;2i;2i;2i;2i;2i;2i;2i
SG2|2i;2i;2i;2i;2i;2i;2i;2i;2i,2,9,orbit1_fp0,wyckoff_orbit,1,2i,3,0,True,torus_fractional_coordinate,2i;2i;2i;2i;2i;2i;2i;2i;2i
SG2|2i;2i;2i;2i;2i;2i;2i;2i;2i,2,10,orbit1_fp1,wyckoff_orbit,1,2i,3,1,True,torus_fractional_coordinate,2i;2i;2i;2i;2i;2i;2i;2i;2i
SG2|2i;2i;2i;2i;2i;2i;2i;2i;2i,2,11,orbit1_fp2,wyckoff_orbit,1,2i,3,2,True,torus_fractional_coordinate,2i;2i;2i;2i;2i;2i;2i;2i;2i
SG2|2i;2i;2i;2i;2i;2i;2i;2i;2i,2,12,orbit2_fp0,wyckoff_orbit,2,2i,3,0,True,torus_fractional_coordinate,2i;2i;2i;2i;2i;2i;2i;2i;2i
SG2|2i;2i;2i;2i;2i;2i;2i;2i;2i,2,13,orbit2_fp1,wyckoff_orbit,2,2i,3,1,True,torus_fractional_coordinate,2i;2i;2i;2i;2i;2i;2i;2i;2i
SG2|2i;2i;2i;2i;2i;2i;2i;2i;2i,2,14,orbit2_fp2,wyckoff_orbit,2,2i,3,2,True,torus_fractional_coordinate,2i;2i;2i;2i;2i;2i;2i;2i;2i
SG2|2i;2i;2i;2i;2i;2i;2i;2i;2i,2,15,orbit3_fp0,wyckoff_orbit,3,2i,3,0,True,torus_fractional_coordinate,2i;2i;2i;2i;2i;2i;2i;2i;2i
SG2|2i;2i;2i;2i;2i;2i;2i;2i;2i,2,16,orbit3_fp1,wyckoff_orbit,3,2i,3,1,True,torus_fractional_coordinate,2i;2i;2i;2i;2i;2i;2i;2i;2i
SG2|2i;2i;2i;2i;2i;2i;2i;2i;2i,2,17,orbit3_fp2,wyckoff_orbit,3,2i,3,2,True,torus_fractional_coordinate,2i;2i;2i;2i;2i;2i;2i;2i;2i
SG2|2i;2i;2i;2i;2i;2i;2i;2i;2i,2,18,orbit4_fp0,wyckoff_orbit,4,2i,3,0,True,torus_fractional_coordinate,2i;2i;2i;2i;2i;2i;2i;2i;2i
SG2|2i;2i;2i;2i;2i;2i;2i;2i;2i,2,19,orbit4_fp1,wyckoff_orbit,4,2i,3,1,True,torus_fractional_coordinate,2i;2i;2i;2i;2i;2i;2i;2i;2i
SG2|2i;2i;2i;2i;2i;2i;2i;2i;2i,2,20,orbit4_fp2,wyckoff_orbit,4,2i,3,2,True,torus_fractional_coordinate,2i;2i;2i;2i;2i;2i;2i;2i;2i
SG2|2i;2i;2i;2i;2i;2i;2i;2i;2i,2,21,orbit5_fp0,wyckoff_orbit,5,2i,3,0,True,torus_fractional_coordinate,2i;2i;2i;2i;2i;2i;2i;2i;2i
SG2|2i;2i;2i;2i;2i;2i;2i;2i;2i,2,22,orbit5_fp1,wyckoff_orbit,5,2i,3,1,True,torus_fractional_coordinate,2i;2i;2i;2i;2i;2i;2i;2i;2i
SG2|2i;2i;2i;2i;2i;2i;2i;2i;2i,2,23,orbit5_fp2,wyckoff_orbit,5,2i,3,2,True,torus_fractional_coordinate,2i;2i;2i;2i;2i;2i;2i;2i;2i
SG2|2i;2i;2i;2i;2i;2i;2i;2i;2i,2,24,orbit6_fp0,wyckoff_orbit,6,2i,3,0,True,torus_fractional_coordinate,2i;2i;2i;2i;2i;2i;2i;2i;2i
SG2|2i;2i;2i;2i;2i;2i;2i;2i;2i,2,25,orbit6_fp1,wyckoff_orbit,6,2i,3,1,True,torus_fractional_coordinate,2i;2i;2i;2i;2i;2i;2i;2i;2i
SG2|2i;2i;2i;2i;2i;2i;2i;2i;2i,2,26,orbit6_fp2,wyckoff_orbit,6,2i,3,2,True,torus_fractional_coordinate,2i;2i;2i;2i;2i;2i;2i;2i;2i
SG2|2i;2i;2i;2i;2i;2i;2i;2i;2i,2,27,orbit7_fp0,wyckoff_orbit,7,2i,3,0,True,torus_fractional_coordinate,2i;2i;2i;2i;2i;2i;2i;2i;2i
SG2|2i;2i;2i;2i;2i;2i;2i;2i;2i,2,28,orbit7_fp1,wyckoff_orbit,7,2i,3,1,True,torus_fractional_coordinate,2i;2i;2i;2i;2i;2i;2i;2i;2i
SG2|2i;2i;2i;2i;2i;2i;2i;2i;2i,2,29,orbit7_fp2,wyckoff_orbit,7,2i,3,2,True,torus_fractional_coordinate,2i;2i;2i;2i;2i;2i;2i;2i;2i
SG2|2i;2i;2i;2i;2i;2i;2i;2i;2i,2,30,orbit8_fp0,wyckoff_orbit,8,2i,3,0,True,torus_fractional_coordinate,2i;2i;2i;2i;2i;2i;2i;2i;2i
SG2|2i;2i;2i;2i;2i;2i;2i;2i;2i,2,31,orbit8_fp1,wyckoff_orbit,8,2i,3,1,True,torus_fractional_coordinate,2i;2i;2i;2i;2i;2i;2i;2i;2i
SG2|2i;2i;2i;2i;2i;2i;2i;2i;2i,2,32,orbit8_fp2,wyckoff_orbit,8,2i,3,2,True,torus_fractional_coordinate,2i;2i;2i;2i;2i;2i;2i;2i;2i
SG2|2i;2i;2i;2i;2i;2i;2i;2i,2,0,lattice_a,lattice,-1,,0,-1,False,positive_length,2i;2i;2i;2i;2i;2i;2i;2i
SG2|2i;2i;2i;2i;2i;2i;2i;2i,2,1,lattice_b,lattice,-1,,0,-1,False,positive_length,2i;2i;2i;2i;2i;2i;2i;2i
SG2|2i;2i;2i;2i;2i;2i;2i;2i,2,2,lattice_c,lattice,-1,,0,-1,False,positive_length,2i;2i;2i;2i;2i;2i;2i;2i
SG2|2i;2i;2i;2i;2i;2i;2i;2i,2,3,alpha,lattice,-1,,0,-1,False,angle_degree,2i;2i;2i;2i;2i;2i;2i;2i
SG2|2i;2i;2i;2i;2i;2i;2i;2i,2,4,beta,lattice,-1,,0,-1,False,angle_degree,2i;2i;2i;2i;2i;2i;2i;2i
SG2|2i;2i;2i;2i;2i;2i;2i;2i,2,5,gamma,lattice,-1,,0,-1,False,angle_degree,2i;2i;2i;2i;2i;2i;2i;2i
SG2|2i;2i;2i;2i;2i;2i;2i;2i,2,6,orbit0_fp0,wyckoff_orbit,0,2i,3,0,True,torus_fractional_coordinate,2i;2i;2i;2i;2i;2i;2i;2i
SG2|2i;2i;2i;2i;2i;2i;2i;2i,2,7,orbit0_fp1,wyckoff_orbit,0,2i,3,1,True,torus_fractional_coordinate,2i;2i;2i;2i;2i;2i;2i;2i
SG2|2i;2i;2i;2i;2i;2i;2i;2i,2,8,orbit0_fp2,wyckoff_orbit,0,2i,3,2,True,torus_fractional_coordinate,2i;2i;2i;2i;2i;2i;2i;2i
SG2|2i;2i;2i;2i;2i;2i;2i;2i,2,9,orbit1_fp0,wyckoff_orbit,1,2i,3,0,True,torus_fractional_coordinate,2i;2i;2i;2i;2i;2i;2i;2i
SG2|2i;2i;2i;2i;2i;2i;2i;2i,2,10,orbit1_fp1,wyckoff_orbit,1,2i,3,1,True,torus_fractional_coordinate,2i;2i;2i;2i;2i;2i;2i;2i
SG2|2i;2i;2i;2i;2i;2i;2i;2i,2,11,orbit1_fp2,wyckoff_orbit,1,2i,3,2,True,torus_fractional_coordinate,2i;2i;2i;2i;2i;2i;2i;2i
SG2|2i;2i;2i;2i;2i;2i;2i;2i,2,12,orbit2_fp0,wyckoff_orbit,2,2i,3,0,True,torus_fractional_coordinate,2i;2i;2i;2i;2i;2i;2i;2i
SG2|2i;2i;2i;2i;2i;2i;2i;2i,2,13,orbit2_fp1,wyckoff_orbit,2,2i,3,1,True,torus_fractional_coordinate,2i;2i;2i;2i;2i;2i;2i;2i
SG2|2i;2i;2i;2i;2i;2i;2i;2i,2,14,orbit2_fp2,wyckoff_orbit,2,2i,3,2,True,torus_fractional_coordinate,2i;2i;2i;2i;2i;2i;2i;2i
SG2|2i;2i;2i;2i;2i;2i;2i;2i,2,15,orbit3_fp0,wyckoff_orbit,3,2i,3,0,True,torus_fractional_coordinate,2i;2i;2i;2i;2i;2i;2i;2i
SG2|2i;2i;2i;2i;2i;2i;2i;2i,2,16,orbit3_fp1,wyckoff_orbit,3,2i,3,1,True,torus_fractional_coordinate,2i;2i;2i;2i;2i;2i;2i;2i
SG2|2i;2i;2i;2i;2i;2i;2i;2i,2,17,orbit3_fp2,wyckoff_orbit,3,2i,3,2,True,torus_fractional_coordinate,2i;2i;2i;2i;2i;2i;2i;2i
SG2|2i;2i;2i;2i;2i;2i;2i;2i,2,18,orbit4_fp0,wyckoff_orbit,4,2i,3,0,True,torus_fractional_coordinate,2i;2i;2i;2i;2i;2i;2i;2i
SG2|2i;2i;2i;2i;2i;2i;2i;2i,2,19,orbit4_fp1,wyckoff_orbit,4,2i,3,1,True,torus_fractional_coordinate,2i;2i;2i;2i;2i;2i;2i;2i
SG2|2i;2i;2i;2i;2i;2i;2i;2i,2,20,orbit4_fp2,wyckoff_orbit,4,2i,3,2,True,torus_fractional_coordinate,2i;2i;2i;2i;2i;2i;2i;2i
SG2|2i;2i;2i;2i;2i;2i;2i;2i,2,21,orbit5_fp0,wyckoff_orbit,5,2i,3,0,True,torus_fractional_coordinate,2i;2i;2i;2i;2i;2i;2i;2i
SG2|2i;2i;2i;2i;2i;2i;2i;2i,2,22,orbit5_fp1,wyckoff_orbit,5,2i,3,1,True,torus_fractional_coordinate,2i;2i;2i;2i;2i;2i;2i;2i
SG2|2i;2i;2i;2i;2i;2i;2i;2i,2,23,orbit5_fp2,wyckoff_orbit,5,2i,3,2,True,torus_fractional_coordinate,2i;2i;2i;2i;2i;2i;2i;2i
SG2|2i;2i;2i;2i;2i;2i;2i;2i,2,24,orbit6_fp0,wyckoff_orbit,6,2i,3,0,True,torus_fractional_coordinate,2i;2i;2i;2i;2i;2i;2i;2i
SG2|2i;2i;2i;2i;2i;2i;2i;2i,2,25,orbit6_fp1,wyckoff_orbit,6,2i,3,1,True,torus_fractional_coordinate,2i;2i;2i;2i;2i;2i;2i;2i
SG2|2i;2i;2i;2i;2i;2i;2i;2i,2,26,orbit6_fp2,wyckoff_orbit,6,2i,3,2,True,torus_fractional_coordinate,2i;2i;2i;2i;2i;2i;2i;2i
SG2|2i;2i;2i;2i;2i;2i;2i;2i,2,27,orbit7_fp0,wyckoff_orbit,7,2i,3,0,True,torus_fractional_coordinate,2i;2i;2i;2i;2i;2i;2i;2i
SG2|2i;2i;2i;2i;2i;2i;2i;2i,2,28,orbit7_fp1,wyckoff_orbit,7,2i,3,1,True,torus_fractional_coordinate,2i;2i;2i;2i;2i;2i;2i;2i
SG2|2i;2i;2i;2i;2i;2i;2i;2i,2,29,orbit7_fp2,wyckoff_orbit,7,2i,3,2,True,torus_fractional_coordinate,2i;2i;2i;2i;2i;2i;2i;2i
SG2|2i;2i;2i;2i;2i;2i,2,0,lattice_a,lattice,-1,,0,-1,False,positive_length,2i;2i;2i;2i;2i;2i
SG2|2i;2i;2i;2i;2i;2i,2,1,lattice_b,lattice,-1,,0,-1,False,positive_length,2i;2i;2i;2i;2i;2i
SG2|2i;2i;2i;2i;2i;2i,2,2,lattice_c,lattice,-1,,0,-1,False,positive_length,2i;2i;2i;2i;2i;2i
SG2|2i;2i;2i;2i;2i;2i,2,3,alpha,lattice,-1,,0,-1,False,angle_degree,2i;2i;2i;2i;2i;2i
SG2|2i;2i;2i;2i;2i;2i,2,4,beta,lattice,-1,,0,-1,False,angle_degree,2i;2i;2i;2i;2i;2i
SG2|2i;2i;2i;2i;2i;2i,2,5,gamma,lattice,-1,,0,-1,False,angle_degree,2i;2i;2i;2i;2i;2i
SG2|2i;2i;2i;2i;2i;2i,2,6,orbit0_fp0,wyckoff_orbit,0,2i,3,0,True,torus_fractional_coordinate,2i;2i;2i;2i;2i;2i
SG2|2i;2i;2i;2i;2i;2i,2,7,orbit0_fp1,wyckoff_orbit,0,2i,3,1,True,torus_fractional_coordinate,2i;2i;2i;2i;2i;2i
SG2|2i;2i;2i;2i;2i;2i,2,8,orbit0_fp2,wyckoff_orbit,0,2i,3,2,True,torus_fractional_coordinate,2i;2i;2i;2i;2i;2i
SG2|2i;2i;2i;2i;2i;2i,2,9,orbit1_fp0,wyckoff_orbit,1,2i,3,0,True,torus_fractional_coordinate,2i;2i;2i;2i;2i;2i
SG2|2i;2i;2i;2i;2i;2i,2,10,orbit1_fp1,wyckoff_orbit,1,2i,3,1,True,torus_fractional_coordinate,2i;2i;2i;2i;2i;2i
SG2|2i;2i;2i;2i;2i;2i,2,11,orbit1_fp2,wyckoff_orbit,1,2i,3,2,True,torus_fractional_coordinate,2i;2i;2i;2i;2i;2i
SG2|2i;2i;2i;2i;2i;2i,2,12,orbit2_fp0,wyckoff_orbit,2,2i,3,0,True,torus_fractional_coordinate,2i;2i;2i;2i;2i;2i
SG2|2i;2i;2i;2i;2i;2i,2,13,orbit2_fp1,wyckoff_orbit,2,2i,3,1,True,torus_fractional_coordinate,2i;2i;2i;2i;2i;2i
SG2|2i;2i;2i;2i;2i;2i,2,14,orbit2_fp2,wyckoff_orbit,2,2i,3,2,True,torus_fractional_coordinate,2i;2i;2i;2i;2i;2i
SG2|2i;2i;2i;2i;2i;2i,2,15,orbit3_fp0,wyckoff_orbit,3,2i,3,0,True,torus_fractional_coordinate,2i;2i;2i;2i;2i;2i
SG2|2i;2i;2i;2i;2i;2i,2,16,orbit3_fp1,wyckoff_orbit,3,2i,3,1,True,torus_fractional_coordinate,2i;2i;2i;2i;2i;2i
SG2|2i;2i;2i;2i;2i;2i,2,17,orbit3_fp2,wyckoff_orbit,3,2i,3,2,True,torus_fractional_coordinate,2i;2i;2i;2i;2i;2i
SG2|2i;2i;2i;2i;2i;2i,2,18,orbit4_fp0,wyckoff_orbit,4,2i,3,0,True,torus_fractional_coordinate,2i;2i;2i;2i;2i;2i
SG2|2i;2i;2i;2i;2i;2i,2,19,orbit4_fp1,wyckoff_orbit,4,2i,3,1,True,torus_fractional_coordinate,2i;2i;2i;2i;2i;2i
SG2|2i;2i;2i;2i;2i;2i,2,20,orbit4_fp2,wyckoff_orbit,4,2i,3,2,True,torus_fractional_coordinate,2i;2i;2i;2i;2i;2i
SG2|2i;2i;2i;2i;2i;2i,2,21,orbit5_fp0,wyckoff_orbit,5,2i,3,0,True,torus_fractional_coordinate,2i;2i;2i;2i;2i;2i
SG2|2i;2i;2i;2i;2i;2i,2,22,orbit5_fp1,wyckoff_orbit,5,2i,3,1,True,torus_fractional_coordinate,2i;2i;2i;2i;2i;2i
SG2|2i;2i;2i;2i;2i;2i,2,23,orbit5_fp2,wyckoff_orbit,5,2i,3,2,True,torus_fractional_coordinate,2i;2i;2i;2i;2i;2i
SG14|4e;4e;4e;4e;4e;4e;4e;4e;4e;4e;4e;4e;4e;4e;4e;4e;4e;4e;4e;4e;4e;4e,14,0,lattice_a,lattice,-1,,0,-1,False,positive_length,4e;4e;4e;4e;4e;4e;4e;4e;4e;4e;4e;4e;4e;4e;4e;4e;4e;4e;4e;4e;4e;4e
SG14|4e;4e;4e;4e;4e;4e;4e;4e;4e;4e;4e;4e;4e;4e;4e;4e;4e;4e;4e;4e;4e;4e,14,1,lattice_b,lattice,-1,,0,-1,False,positive_length,4e;4e;4e;4e;4e;4e;4e;4e;4e;4e;4e;4e;4e;4e;4e;4e;4e;4e;4e;4e;4e;4e
SG14|4e;4e;4e;4e;4e;4e;4e;4e;4e;4e;4e;4e;4e;4e;4e;4e;4e;4e;4e;4e;4e;4e,14,2,lattice_c,lattice,-1,,0,-1,False,positive_length,4e;4e;4e;4e;4e;4e;4e;4e;4e;4e;4e;4e;4e;4e;4e;4e;4e;4e;4e;4e;4e;4e
SG14|4e;4e;4e;4e;4e;4e;4e;4e;4e;4e;4e;4e;4e;4e;4e;4e;4e;4e;4e;4e;4e;4e,14,3,alpha,lattice,-1,,0,-1,False,angle_degree,4e;4e;4e;4e;4e;4e;4e;4e;4e;4e;4e;4e;4e;4e;4e;4e;4e;4e;4e;4e;4e;4e
SG14|4e;4e;4e;4e;4e;4e;4e;4e;4e;4e;4e;4e;4e;4e;4e;4e;4e;4e;4e;4e;4e;4e,14,4,beta,lattice,-1,,0,-1,False,angle_degree,4e;4e;4e;4e;4e;4e;4e;4e;4e;4e;4e;4e;4e;4e;4e;4e;4e;4e;4e;4e;4e;4e
SG14|4e;4e;4e;4e;4e;4e;4e;4e;4e;4e;4e;4e;4e;4e;4e;4e;4e;4e;4e;4e;4e;4e,14,5,gamma,lattice,-1,,0,-1,False,angle_degree,4e;4e;4e;4e;4e;4e;4e;4e;4e;4e;4e;4e;4e;4e;4e;4e;4e;4e;4e;4e;4e;4e
SG14|4e;4e;4e;4e;4e;4e;4e;4e;4e;4e;4e;4e;4e;4e;4e;4e;4e;4e;4e;4e;4e;4e,14,6,orbit0_fp0,wyckoff_orbit,0,4e,3,0,True,torus_fractional_coordinate,4e;4e;4e;4e;4e;4e;4e;4e;4e;4e;4e;4e;4e;4e;4e;4e;4e;4e;4e;4e;4e;4e
SG14|4e;4e;4e;4e;4e;4e;4e;4e;4e;4e;4e;4e;4e;4e;4e;4e;4e;4e;4e;4e;4e;4e,14,7,orbit0_fp1,wyckoff_orbit,0,4e,3,1,True,torus_fractional_coordinate,4e;4e;4e;4e;4e;4e;4e;4e;4e;4e;4e;4e;4e;4e;4e;4e;4e;4e;4e;4e;4e;4e
SG14|4e;4e;4e;4e;4e;4e;4e;4e;4e;4e;4e;4e;4e;4e;4e;4e;4e;4e;4e;4e;4e;4e,14,8,orbit0_fp2,wyckoff_orbit,0,4e,3,2,True,torus_fractional_coordinate,4e;4e;4e;4e;4e;4e;4e;4e;4e;4e;4e;4e;4e;4e;4e;4e;4e;4e;4e;4e;4e;4e
SG14|4e;4e;4e;4e;4e;4e;4e;4e;4e;4e;4e;4e;4e;4e;4e;4e;4e;4e;4e;4e;4e;4e,14,9,orbit1_fp0,wyckoff_orbit,1,4e,3,0,True,torus_fractional_coordinate,4e;4e;4e;4e;4e;4e;4e;4e;4e;4e;4e;4e;4e;4e;4e;4e;4e;4e;4e;4e;4e;4e
SG14|4e;4e;4e;4e;4e;4e;4e;4e;4e;4e;4e;4e;4e;4e;4e;4e;4e;4e;4e;4e;4e;4e,14,10,orbit1_fp1,wyckoff_orbit,1,4e,3,1,True,torus_fractional_coordinate,4e;4e;4e;4e;4e;4e;4e;4e;4e;4e;4e;4e;4e;4e;4e;4e;4e;4e;4e;4e;4e;4e
SG14|4e;4e;4e;4e;4e;4e;4e;4e;4e;4e;4e;4e;4e;4e;4e;4e;4e;4e;4e;4e;4e;4e,14,11,orbit1_fp2,wyckoff_orbit,1,4e,3,2,True,torus_fractional_coordinate,4e;4e;4e;4e;4e;4e;4e;4e;4e;4e;4e;4e;4e;4e;4e;4e;4e;4e;4e;4e;4e;4e
SG14|4e;4e;4e;4e;4e;4e;4e;4e;4e;4e;4e;4e;4e;4e;4e;4e;4e;4e;4e;4e;4e;4e,14,12,orbit2_fp0,wyckoff_orbit,2,4e,3,0,True,torus_fractional_coordinate,4e;4e;4e;4e;4e;4e;4e;4e;4e;4e;4e;4e;4e;4e;4e;4e;4e;4e;4e;4e;4e;4e
SG14|4e;4e;4e;4e;4e;4e;4e;4e;4e;4e;4e;4e;4e;4e;4e;4e;4e;4e;4e;4e;4e;4e,14,13,orbit2_fp1,wyckoff_orbit,2,4e,3,1,True,torus_fractional_coordinate,4e;4e;4e;4e;4e;4e;4e;4e;4e;4e;4e;4e;4e;4e;4e;4e;4e;4e;4e;4e;4e;4e
SG14|4e;4e;4e;4e;4e;4e;4e;4e;4e;4e;4e;4e;4e;4e;4e;4e;4e;4e;4e;4e;4e;4e,14,14,orbit2_fp2,wyckoff_orbit,2,4e,3,2,True,torus_fractional_coordinate,4e;4e;4e;4e;4e;4e;4e;4e;4e;4e;4e;4e;4e;4e;4e;4e;4e;4e;4e;4e;4e;4e
SG14|4e;4e;4e;4e;4e;4e;4e;4e;4e;4e;4e;4e;4e;4e;4e;4e;4e;4e;4e;4e;4e;4e,14,15,orbit3_fp0,wyckoff_orbit,3,4e,3,0,True,torus_fractional_coordinate,4e;4e;4e;4e;4e;4e;4e;4e;4e;4e;4e;4e;4e;4e;4e;4e;4e;4e;4e;4e;4e;4e
SG14|4e;4e;4e;4e;4e;4e;4e;4e;4e;4e;4e;4e;4e;4e;4e;4e;4e;4e;4e;4e;4e;4e,14,16,orbit3_fp1,wyckoff_orbit,3,4e,3,1,True,torus_fractional_coordinate,4e;4e;4e;4e;4e;4e;4e;4e;4e;4e;4e;4e;4e;4e;4e;4e;4e;4e;4e;4e;4e;4e
SG14|4e;4e;4e;4e;4e;4e;4e;4e;4e;4e;4e;4e;4e;4e;4e;4e;4e;4e;4e;4e;4e;4e,14,17,orbit3_fp2,wyckoff_orbit,3,4e,3,2,True,torus_fractional_coordinate,4e;4e;4e;4e;4e;4e;4e;4e;4e;4e;4e;4e;4e;4e;4e;4e;4e;4e;4e;4e;4e;4e
SG14|4e;4e;4e;4e;4e;4e;4e;4e;4e;4e;4e;4e;4e;4e;4e;4e;4e;4e;4e;4e;4e;4e,14,18,orbit4_fp0,wyckoff_orbit,4,4e,3,0,True,torus_fractional_coordinate,4e;4e;4e;4e;4e;4e;4e;4e;4e;4e;4e;4e;4e;4e;4e;4e;4e;4e;4e;4e;4e;4e
SG14|4e;4e;4e;4e;4e;4e;4e;4e;4e;4e;4e;4e;4e;4e;4e;4e;4e;4e;4e;4e;4e;4e,14,19,orbit4_fp1,wyckoff_orbit,4,4e,3,1,True,torus_fractional_coordinate,4e;4e;4e;4e;4e;4e;4e;4e;4e;4e;4e;4e;4e;4e;4e;4e;4e;4e;4e;4e;4e;4e
SG14|4e;4e;4e;4e;4e;4e;4e;4e;4e;4e;4e;4e;4e;4e;4e;4e;4e;4e;4e;4e;4e;4e,14,20,orbit4_fp2,wyckoff_orbit,4,4e,3,2,True,torus_fractional_coordinate,4e;4e;4e;4e;4e;4e;4e;4e;4e;4e;4e;4e;4e;4e;4e;4e;4e;4e;4e;4e;4e;4e
SG14|4e;4e;4e;4e;4e;4e;4e;4e;4e;4e;4e;4e;4e;4e;4e;4e;4e;4e;4e;4e;4e;4e,14,21,orbit5_fp0,wyckoff_orbit,5,4e,3,0,True,torus_fractional_coordinate,4e;4e;4e;4e;4e;4e;4e;4e;4e;4e;4e;4e;4e;4e;4e;4e;4e;4e;4e;4e;4e;4e
SG14|4e;4e;4e;4e;4e;4e;4e;4e;4e;4e;4e;4e;4e;4e;4e;4e;4e;4e;4e;4e;4e;4e,14,22,orbit5_fp1,wyckoff_orbit,5,4e,3,1,True,torus_fractional_coordinate,4e;4e;4e;4e;4e;4e;4e;4e;4e;4e;4e;4e;4e;4e;4e;4e;4e;4e;4e;4e;4e;4e
SG14|4e;4e;4e;4e;4e;4e;4e;4e;4e;4e;4e;4e;4e;4e;4e;4e;4e;4e;4e;4e;4e;4e,14,23,orbit5_fp2,wyckoff_orbit,5,4e,3,2,True,torus_fractional_coordinate,4e;4e;4e;4e;4e;4e;4e;4e;4e;4e;4e;4e;4e;4e;4e;4e;4e;4e;4e;4e;4e;4e
SG14|4e;4e;4e;4e;4e;4e;4e;4e;4e;4e;4e;4e;4e;4e;4e;4e;4e;4e;4e;4e;4e;4e,14,24,orbit6_fp0,wyckoff_orbit,6,4e,3,0,True,torus_fractional_coordinate,4e;4e;4e;4e;4e;4e;4e;4e;4e;4e;4e;4e;4e;4e;4e;4e;4e;4e;4e;4e;4e;4e
SG14|4e;4e;4e;4e;4e;4e;4e;4e;4e;4e;4e;4e;4e;4e;4e;4e;4e;4e;4e;4e;4e;4e,14,25,orbit6_fp1,wyckoff_orbit,6,4e,3,1,True,torus_fractional_coordinate,4e;4e;4e;4e;4e;4e;4e;4e;4e;4e;4e;4e;4e;4e;4e;4e;4e;4e;4e;4e;4e;4e
SG14|4e;4e;4e;4e;4e;4e;4e;4e;4e;4e;4e;4e;4e;4e;4e;4e;4e;4e;4e;4e;4e;4e,14,26,orbit6_fp2,wyckoff_orbit,6,4e,3,2,True,torus_fractional_coordinate,4e;4e;4e;4e;4e;4e;4e;4e;4e;4e;4e;4e;4e;4e;4e;4e;4e;4e;4e;4e;4e;4e
SG14|4e;4e;4e;4e;4e;4e;4e;4e;4e;4e;4e;4e;4e;4e;4e;4e;4e;4e;4e;4e;4e;4e,14,27,orbit7_fp0,wyckoff_orbit,7,4e,3,0,True,torus_fractional_coordinate,4e;4e;4e;4e;4e;4e;4e;4e;4e;4e;4e;4e;4e;4e;4e;4e;4e;4e;4e;4e;4e;4e
SG14|4e;4e;4e;4e;4e;4e;4e;4e;4e;4e;4e;4e;4e;4e;4e;4e;4e;4e;4e;4e;4e;4e,14,28,orbit7_fp1,wyckoff_orbit,7,4e,3,1,True,torus_fractional_coordinate,4e;4e;4e;4e;4e;4e;4e;4e;4e;4e;4e;4e;4e;4e;4e;4e;4e;4e;4e;4e;4e;4e
SG14|4e;4e;4e;4e;4e;4e;4e;4e;4e;4e;4e;4e;4e;4e;4e;4e;4e;4e;4e;4e;4e;4e,14,29,orbit7_fp2,wyckoff_orbit,7,4e,3,2,True,torus_fractional_coordinate,4e;4e;4e;4e;4e;4e;4e;4e;4e;4e;4e;4e;4e;4e;4e;4e;4e;4e;4e;4e;4e;4e
SG14|4e;4e;4e;4e;4e;4e;4e;4e;4e;4e;4e;4e;4e;4e;4e;4e;4e;4e;4e;4e;4e;4e,14,30,orbit8_fp0,wyckoff_orbit,8,4e,3,0,True,torus_fractional_coordinate,4e;4e;4e;4e;4e;4e;4e;4e;4e;4e;4e;4e;4e;4e;4e;4e;4e;4e;4e;4e;4e;4e
SG14|4e;4e;4e;4e;4e;4e;4e;4e;4e;4e;4e;4e;4e;4e;4e;4e;4e;4e;4e;4e;4e;4e,14,31,orbit8_fp1,wyckoff_orbit,8,4e,3,1,True,torus_fractional_coordinate,4e;4e;4e;4e;4e;4e;4e;4e;4e;4e;4e;4e;4e;4e;4e;4e;4e;4e;4e;4e;4e;4e
SG14|4e;4e;4e;4e;4e;4e;4e;4e;4e;4e;4e;4e;4e;4e;4e;4e;4e;4e;4e;4e;4e;4e,14,32,orbit8_fp2,wyckoff_orbit,8,4e,3,2,True,torus_fractional_coordinate,4e;4e;4e;4e;4e;4e;4e;4e;4e;4e;4e;4e;4e;4e;4e;4e;4e;4e;4e;4e;4e;4e
SG14|4e;4e;4e;4e;4e;4e;4e;4e;4e;4e;4e;4e;4e;4e;4e;4e;4e;4e;4e;4e;4e;4e,14,33,orbit9_fp0,wyckoff_orbit,9,4e,3,0,True,torus_fractional_coordinate,4e;4e;4e;4e;4e;4e;4e;4e;4e;4e;4e;4e;4e;4e;4e;4e;4e;4e;4e;4e;4e;4e
SG14|4e;4e;4e;4e;4e;4e;4e;4e;4e;4e;4e;4e;4e;4e;4e;4e;4e;4e;4e;4e;4e;4e,14,34,orbit9_fp1,wyckoff_orbit,9,4e,3,1,True,torus_fractional_coordinate,4e;4e;4e;4e;4e;4e;4e;4e;4e;4e;4e;4e;4e;4e;4e;4e;4e;4e;4e;4e;4e;4e
SG14|4e;4e;4e;4e;4e;4e;4e;4e;4e;4e;4e;4e;4e;4e;4e;4e;4e;4e;4e;4e;4e;4e,14,35,orbit9_fp2,wyckoff_orbit,9,4e,3,2,True,torus_fractional_coordinate,4e;4e;4e;4e;4e;4e;4e;4e;4e;4e;4e;4e;4e;4e;4e;4e;4e;4e;4e;4e;4e;4e
SG14|4e;4e;4e;4e;4e;4e;4e;4e;4e;4e;4e;4e;4e;4e;4e;4e;4e;4e;4e;4e;4e;4e,14,36,orbit10_fp0,wyckoff_orbit,10,4e,3,0,True,torus_fractional_coordinate,4e;4e;4e;4e;4e;4e;4e;4e;4e;4e;4e;4e;4e;4e;4e;4e;4e;4e;4e;4e;4e;4e
SG14|4e;4e;4e;4e;4e;4e;4e;4e;4e;4e;4e;4e;4e;4e;4e;4e;4e;4e;4e;4e;4e;4e,14,37,orbit10_fp1,wyckoff_orbit,10,4e,3,1,True,torus_fractional_coordinate,4e;4e;4e;4e;4e;4e;4e;4e;4e;4e;4e;4e;4e;4e;4e;4e;4e;4e;4e;4e;4e;4e
SG14|4e;4e;4e;4e;4e;4e;4e;4e;4e;4e;4e;4e;4e;4e;4e;4e;4e;4e;4e;4e;4e;4e,14,38,orbit10_fp2,wyckoff_orbit,10,4e,3,2,True,torus_fractional_coordinate,4e;4e;4e;4e;4e;4e;4e;4e;4e;4e;4e;4e;4e;4e;4e;4e;4e;4e;4e;4e;4e;4e
SG14|4e;4e;4e;4e;4e;4e;4e;4e;4e;4e;4e;4e;4e;4e;4e;4e;4e;4e;4e;4e;4e;4e,14,39,orbit11_fp0,wyckoff_orbit,11,4e,3,0,True,torus_fractional_coordinate,4e;4e;4e;4e;4e;4e;4e;4e;4e;4e;4e;4e;4e;4e;4e;4e;4e;4e;4e;4e;4e;4e
SG14|4e;4e;4e;4e;4e;4e;4e;4e;4e;4e;4e;4e;4e;4e;4e;4e;4e;4e;4e;4e;4e;4e,14,40,orbit11_fp1,wyckoff_orbit,11,4e,3,1,True,torus_fractional_coordinate,4e;4e;4e;4e;4e;4e;4e;4e;4e;4e;4e;4e;4e;4e;4e;4e;4e;4e;4e;4e;4e;4e
SG14|4e;4e;4e;4e;4e;4e;4e;4e;4e;4e;4e;4e;4e;4e;4e;4e;4e;4e;4e;4e;4e;4e,14,41,orbit11_fp2,wyckoff_orbit,11,4e,3,2,True,torus_fractional_coordinate,4e;4e;4e;4e;4e;4e;4e;4e;4e;4e;4e;4e;4e;4e;4e;4e;4e;4e;4e;4e;4e;4e
SG14|4e;4e;4e;4e;4e;4e;4e;4e;4e;4e;4e;4e;4e;4e;4e;4e;4e;4e;4e;4e;4e;4e,14,42,orbit12_fp0,wyckoff_orbit,12,4e,3,0,True,torus_fractional_coordinate,4e;4e;4e;4e;4e;4e;4e;4e;4e;4e;4e;4e;4e;4e;4e;4e;4e;4e;4e;4e;4e;4e
SG14|4e;4e;4e;4e;4e;4e;4e;4e;4e;4e;4e;4e;4e;4e;4e;4e;4e;4e;4e;4e;4e;4e,14,43,orbit12_fp1,wyckoff_orbit,12,4e,3,1,True,torus_fractional_coordinate,4e;4e;4e;4e;4e;4e;4e;4e;4e;4e;4e;4e;4e;4e;4e;4e;4e;4e;4e;4e;4e;4e
SG14|4e;4e;4e;4e;4e;4e;4e;4e;4e;4e;4e;4e;4e;4e;4e;4e;4e;4e;4e;4e;4e;4e,14,44,orbit12_fp2,wyckoff_orbit,12,4e,3,2,True,torus_fractional_coordinate,4e;4e;4e;4e;4e;4e;4e;4e;4e;4e;4e;4e;4e;4e;4e;4e;4e;4e;4e;4e;4e;4e
SG14|4e;4e;4e;4e;4e;4e;4e;4e;4e;4e;4e;4e;4e;4e;4e;4e;4e;4e;4e;4e;4e;4e,14,45,orbit13_fp0,wyckoff_orbit,13,4e,3,0,True,torus_fractional_coordinate,4e;4e;4e;4e;4e;4e;4e;4e;4e;4e;4e;4e;4e;4e;4e;4e;4e;4e;4e;4e;4e;4e
SG14|4e;4e;4e;4e;4e;4e;4e;4e;4e;4e;4e;4e;4e;4e;4e;4e;4e;4e;4e;4e;4e;4e,14,46,orbit13_fp1,wyckoff_orbit,13,4e,3,1,True,torus_fractional_coordinate,4e;4e;4e;4e;4e;4e;4e;4e;4e;4e;4e;4e;4e;4e;4e;4e;4e;4e;4e;4e;4e;4e
SG14|4e;4e;4e;4e;4e;4e;4e;4e;4e;4e;4e;4e;4e;4e;4e;4e;4e;4e;4e;4e;4e;4e,14,47,orbit13_fp2,wyckoff_orbit,13,4e,3,2,True,torus_fractional_coordinate,4e;4e;4e;4e;4e;4e;4e;4e;4e;4e;4e;4e;4e;4e;4e;4e;4e;4e;4e;4e;4e;4e
SG14|4e;4e;4e;4e;4e;4e;4e;4e;4e;4e;4e;4e;4e;4e;4e;4e;4e;4e;4e;4e;4e;4e,14,48,orbit14_fp0,wyckoff_orbit,14,4e,3,0,True,torus_fractional_coordinate,4e;4e;4e;4e;4e;4e;4e;4e;4e;4e;4e;4e;4e;4e;4e;4e;4e;4e;4e;4e;4e;4e
SG14|4e;4e;4e;4e;4e;4e;4e;4e;4e;4e;4e;4e;4e;4e;4e;4e;4e;4e;4e;4e;4e;4e,14,49,orbit14_fp1,wyckoff_orbit,14,4e,3,1,True,torus_fractional_coordinate,4e;4e;4e;4e;4e;4e;4e;4e;4e;4e;4e;4e;4e;4e;4e;4e;4e;4e;4e;4e;4e;4e
SG14|4e;4e;4e;4e;4e;4e;4e;4e;4e;4e;4e;4e;4e;4e;4e;4e;4e;4e;4e;4e;4e;4e,14,50,orbit14_fp2,wyckoff_orbit,14,4e,3,2,True,torus_fractional_coordinate,4e;4e;4e;4e;4e;4e;4e;4e;4e;4e;4e;4e;4e;4e;4e;4e;4e;4e;4e;4e;4e;4e
SG14|4e;4e;4e;4e;4e;4e;4e;4e;4e;4e;4e;4e;4e;4e;4e;4e;4e;4e;4e;4e;4e;4e,14,51,orbit15_fp0,wyckoff_orbit,15,4e,3,0,True,torus_fractional_coordinate,4e;4e;4e;4e;4e;4e;4e;4e;4e;4e;4e;4e;4e;4e;4e;4e;4e;4e;4e;4e;4e;4e
SG14|4e;4e;4e;4e;4e;4e;4e;4e;4e;4e;4e;4e;4e;4e;4e;4e;4e;4e;4e;4e;4e;4e,14,52,orbit15_fp1,wyckoff_orbit,15,4e,3,1,True,torus_fractional_coordinate,4e;4e;4e;4e;4e;4e;4e;4e;4e;4e;4e;4e;4e;4e;4e;4e;4e;4e;4e;4e;4e;4e
SG14|4e;4e;4e;4e;4e;4e;4e;4e;4e;4e;4e;4e;4e;4e;4e;4e;4e;4e;4e;4e;4e;4e,14,53,orbit15_fp2,wyckoff_orbit,15,4e,3,2,True,torus_fractional_coordinate,4e;4e;4e;4e;4e;4e;4e;4e;4e;4e;4e;4e;4e;4e;4e;4e;4e;4e;4e;4e;4e;4e
SG14|4e;4e;4e;4e;4e;4e;4e;4e;4e;4e;4e;4e;4e;4e;4e;4e;4e;4e;4e;4e;4e;4e,14,54,orbit16_fp0,wyckoff_orbit,16,4e,3,0,True,torus_fractional_coordinate,4e;4e;4e;4e;4e;4e;4e;4e;4e;4e;4e;4e;4e;4e;4e;4e;4e;4e;4e;4e;4e;4e
SG14|4e;4e;4e;4e;4e;4e;4e;4e;4e;4e;4e;4e;4e;4e;4e;4e;4e;4e;4e;4e;4e;4e,14,55,orbit16_fp1,wyckoff_orbit,16,4e,3,1,True,torus_fractional_coordinate,4e;4e;4e;4e;4e;4e;4e;4e;4e;4e;4e;4e;4e;4e;4e;4e;4e;4e;4e;4e;4e;4e
SG14|4e;4e;4e;4e;4e;4e;4e;4e;4e;4e;4e;4e;4e;4e;4e;4e;4e;4e;4e;4e;4e;4e,14,56,orbit16_fp2,wyckoff_orbit,16,4e,3,2,True,torus_fractional_coordinate,4e;4e;4e;4e;4e;4e;4e;4e;4e;4e;4e;4e;4e;4e;4e;4e;4e;4e;4e;4e;4e;4e
SG14|4e;4e;4e;4e;4e;4e;4e;4e;4e;4e;4e;4e;4e;4e;4e;4e;4e;4e;4e;4e;4e;4e,14,57,orbit17_fp0,wyckoff_orbit,17,4e,3,0,True,torus_fractional_coordinate,4e;4e;4e;4e;4e;4e;4e;4e;4e;4e;4e;4e;4e;4e;4e;4e;4e;4e;4e;4e;4e;4e
SG14|4e;4e;4e;4e;4e;4e;4e;4e;4e;4e;4e;4e;4e;4e;4e;4e;4e;4e;4e;4e;4e;4e,14,58,orbit17_fp1,wyckoff_orbit,17,4e,3,1,True,torus_fractional_coordinate,4e;4e;4e;4e;4e;4e;4e;4e;4e;4e;4e;4e;4e;4e;4e;4e;4e;4e;4e;4e;4e;4e
SG14|4e;4e;4e;4e;4e;4e;4e;4e;4e;4e;4e;4e;4e;4e;4e;4e;4e;4e;4e;4e;4e;4e,14,59,orbit17_fp2,wyckoff_orbit,17,4e,3,2,True,torus_fractional_coordinate,4e;4e;4e;4e;4e;4e;4e;4e;4e;4e;4e;4e;4e;4e;4e;4e;4e;4e;4e;4e;4e;4e
SG14|4e;4e;4e;4e;4e;4e;4e;4e;4e;4e;4e;4e;4e;4e;4e;4e;4e;4e;4e;4e;4e;4e,14,60,orbit18_fp0,wyckoff_orbit,18,4e,3,0,True,torus_fractional_coordinate,4e;4e;4e;4e;4e;4e;4e;4e;4e;4e;4e;4e;4e;4e;4e;4e;4e;4e;4e;4e;4e;4e
SG14|4e;4e;4e;4e;4e;4e;4e;4e;4e;4e;4e;4e;4e;4e;4e;4e;4e;4e;4e;4e;4e;4e,14,61,orbit18_fp1,wyckoff_orbit,18,4e,3,1,True,torus_fractional_coordinate,4e;4e;4e;4e;4e;4e;4e;4e;4e;4e;4e;4e;4e;4e;4e;4e;4e;4e;4e;4e;4e;4e
SG14|4e;4e;4e;4e;4e;4e;4e;4e;4e;4e;4e;4e;4e;4e;4e;4e;4e;4e;4e;4e;4e;4e,14,62,orbit18_fp2,wyckoff_orbit,18,4e,3,2,True,torus_fractional_coordinate,4e;4e;4e;4e;4e;4e;4e;4e;4e;4e;4e;4e;4e;4e;4e;4e;4e;4e;4e;4e;4e;4e
SG14|4e;4e;4e;4e;4e;4e;4e;4e;4e;4e;4e;4e;4e;4e;4e;4e;4e;4e;4e;4e;4e;4e,14,63,orbit19_fp0,wyckoff_orbit,19,4e,3,0,True,torus_fractional_coordinate,4e;4e;4e;4e;4e;4e;4e;4e;4e;4e;4e;4e;4e;4e;4e;4e;4e;4e;4e;4e;4e;4e
SG14|4e;4e;4e;4e;4e;4e;4e;4e;4e;4e;4e;4e;4e;4e;4e;4e;4e;4e;4e;4e;4e;4e,14,64,orbit19_fp1,wyckoff_orbit,19,4e,3,1,True,torus_fractional_coordinate,4e;4e;4e;4e;4e;4e;4e;4e;4e;4e;4e;4e;4e;4e;4e;4e;4e;4e;4e;4e;4e;4e
SG14|4e;4e;4e;4e;4e;4e;4e;4e;4e;4e;4e;4e;4e;4e;4e;4e;4e;4e;4e;4e;4e;4e,14,65,orbit19_fp2,wyckoff_orbit,19,4e,3,2,True,torus_fractional_coordinate,4e;4e;4e;4e;4e;4e;4e;4e;4e;4e;4e;4e;4e;4e;4e;4e;4e;4e;4e;4e;4e;4e
SG14|4e;4e;4e;4e;4e;4e;4e;4e;4e;4e;4e;4e;4e;4e;4e;4e;4e;4e;4e;4e;4e;4e,14,66,orbit20_fp0,wyckoff_orbit,20,4e,3,0,True,torus_fractional_coordinate,4e;4e;4e;4e;4e;4e;4e;4e;4e;4e;4e;4e;4e;4e;4e;4e;4e;4e;4e;4e;4e;4e
SG14|4e;4e;4e;4e;4e;4e;4e;4e;4e;4e;4e;4e;4e;4e;4e;4e;4e;4e;4e;4e;4e;4e,14,67,orbit20_fp1,wyckoff_orbit,20,4e,3,1,True,torus_fractional_coordinate,4e;4e;4e;4e;4e;4e;4e;4e;4e;4e;4e;4e;4e;4e;4e;4e;4e;4e;4e;4e;4e;4e
SG14|4e;4e;4e;4e;4e;4e;4e;4e;4e;4e;4e;4e;4e;4e;4e;4e;4e;4e;4e;4e;4e;4e,14,68,orbit20_fp2,wyckoff_orbit,20,4e,3,2,True,torus_fractional_coordinate,4e;4e;4e;4e;4e;4e;4e;4e;4e;4e;4e;4e;4e;4e;4e;4e;4e;4e;4e;4e;4e;4e
SG14|4e;4e;4e;4e;4e;4e;4e;4e;4e;4e;4e;4e;4e;4e;4e;4e;4e;4e;4e;4e;4e;4e,14,69,orbit21_fp0,wyckoff_orbit,21,4e,3,0,True,torus_fractional_coordinate,4e;4e;4e;4e;4e;4e;4e;4e;4e;4e;4e;4e;4e;4e;4e;4e;4e;4e;4e;4e;4e;4e
SG14|4e;4e;4e;4e;4e;4e;4e;4e;4e;4e;4e;4e;4e;4e;4e;4e;4e;4e;4e;4e;4e;4e,14,70,orbit21_fp1,wyckoff_orbit,21,4e,3,1,True,torus_fractional_coordinate,4e;4e;4e;4e;4e;4e;4e;4e;4e;4e;4e;4e;4e;4e;4e;4e;4e;4e;4e;4e;4e;4e
SG14|4e;4e;4e;4e;4e;4e;4e;4e;4e;4e;4e;4e;4e;4e;4e;4e;4e;4e;4e;4e;4e;4e,14,71,orbit21_fp2,wyckoff_orbit,21,4e,3,2,True,torus_fractional_coordinate,4e;4e;4e;4e;4e;4e;4e;4e;4e;4e;4e;4e;4e;4e;4e;4e;4e;4e;4e;4e;4e;4e
SG14|4e;4e;4e;4e;4e;4e;4e;4e;4e;4e;4e;4e;4e;4e;4e;4e;4e;4e;4e;4e;4e,14,0,lattice_a,lattice,-1,,0,-1,False,positive_length,4e;4e;4e;4e;4e;4e;4e;4e;4e;4e;4e;4e;4e;4e;4e;4e;4e;4e;4e;4e;4e
SG14|4e;4e;4e;4e;4e;4e;4e;4e;4e;4e;4e;4e;4e;4e;4e;4e;4e;4e;4e;4e;4e,14,1,lattice_b,lattice,-1,,0,-1,False,positive_length,4e;4e;4e;4e;4e;4e;4e;4e;4e;4e;4e;4e;4e;4e;4e;4e;4e;4e;4e;4e;4e
SG14|4e;4e;4e;4e;4e;4e;4e;4e;4e;4e;4e;4e;4e;4e;4e;4e;4e;4e;4e;4e;4e,14,2,lattice_c,lattice,-1,,0,-1,False,positive_length,4e;4e;4e;4e;4e;4e;4e;4e;4e;4e;4e;4e;4e;4e;4e;4e;4e;4e;4e;4e;4e
SG14|4e;4e;4e;4e;4e;4e;4e;4e;4e;4e;4e;4e;4e;4e;4e;4e;4e;4e;4e;4e;4e,14,3,alpha,lattice,-1,,0,-1,False,angle_degree,4e;4e;4e;4e;4e;4e;4e;4e;4e;4e;4e;4e;4e;4e;4e;4e;4e;4e;4e;4e;4e
SG14|4e;4e;4e;4e;4e;4e;4e;4e;4e;4e;4e;4e;4e;4e;4e;4e;4e;4e;4e;4e;4e,14,4,beta,lattice,-1,,0,-1,False,angle_degree,4e;4e;4e;4e;4e;4e;4e;4e;4e;4e;4e;4e;4e;4e;4e;4e;4e;4e;4e;4e;4e
SG14|4e;4e;4e;4e;4e;4e;4e;4e;4e;4e;4e;4e;4e;4e;4e;4e;4e;4e;4e;4e;4e,14,5,gamma,lattice,-1,,0,-1,False,angle_degree,4e;4e;4e;4e;4e;4e;4e;4e;4e;4e;4e;4e;4e;4e;4e;4e;4e;4e;4e;4e;4e
SG14|4e;4e;4e;4e;4e;4e;4e;4e;4e;4e;4e;4e;4e;4e;4e;4e;4e;4e;4e;4e;4e,14,6,orbit0_fp0,wyckoff_orbit,0,4e,3,0,True,torus_fractional_coordinate,4e;4e;4e;4e;4e;4e;4e;4e;4e;4e;4e;4e;4e;4e;4e;4e;4e;4e;4e;4e;4e
SG14|4e;4e;4e;4e;4e;4e;4e;4e;4e;4e;4e;4e;4e;4e;4e;4e;4e;4e;4e;4e;4e,14,7,orbit0_fp1,wyckoff_orbit,0,4e,3,1,True,torus_fractional_coordinate,4e;4e;4e;4e;4e;4e;4e;4e;4e;4e;4e;4e;4e;4e;4e;4e;4e;4e;4e;4e;4e
SG14|4e;4e;4e;4e;4e;4e;4e;4e;4e;4e;4e;4e;4e;4e;4e;4e;4e;4e;4e;4e;4e,14,8,orbit0_fp2,wyckoff_orbit,0,4e,3,2,True,torus_fractional_coordinate,4e;4e;4e;4e;4e;4e;4e;4e;4e;4e;4e;4e;4e;4e;4e;4e;4e;4e;4e;4e;4e
SG14|4e;4e;4e;4e;4e;4e;4e;4e;4e;4e;4e;4e;4e;4e;4e;4e;4e;4e;4e;4e;4e,14,9,orbit1_fp0,wyckoff_orbit,1,4e,3,0,True,torus_fractional_coordinate,4e;4e;4e;4e;4e;4e;4e;4e;4e;4e;4e;4e;4e;4e;4e;4e;4e;4e;4e;4e;4e
SG14|4e;4e;4e;4e;4e;4e;4e;4e;4e;4e;4e;4e;4e;4e;4e;4e;4e;4e;4e;4e;4e,14,10,orbit1_fp1,wyckoff_orbit,1,4e,3,1,True,torus_fractional_coordinate,4e;4e;4e;4e;4e;4e;4e;4e;4e;4e;4e;4e;4e;4e;4e;4e;4e;4e;4e;4e;4e
SG14|4e;4e;4e;4e;4e;4e;4e;4e;4e;4e;4e;4e;4e;4e;4e;4e;4e;4e;4e;4e;4e,14,11,orbit1_fp2,wyckoff_orbit,1,4e,3,2,True,torus_fractional_coordinate,4e;4e;4e;4e;4e;4e;4e;4e;4e;4e;4e;4e;4e;4e;4e;4e;4e;4e;4e;4e;4e
SG14|4e;4e;4e;4e;4e;4e;4e;4e;4e;4e;4e;4e;4e;4e;4e;4e;4e;4e;4e;4e;4e,14,12,orbit2_fp0,wyckoff_orbit,2,4e,3,0,True,torus_fractional_coordinate,4e;4e;4e;4e;4e;4e;4e;4e;4e;4e;4e;4e;4e;4e;4e;4e;4e;4e;4e;4e;4e
SG14|4e;4e;4e;4e;4e;4e;4e;4e;4e;4e;4e;4e;4e;4e;4e;4e;4e;4e;4e;4e;4e,14,13,orbit2_fp1,wyckoff_orbit,2,4e,3,1,True,torus_fractional_coordinate,4e;4e;4e;4e;4e;4e;4e;4e;4e;4e;4e;4e;4e;4e;4e;4e;4e;4e;4e;4e;4e
SG14|4e;4e;4e;4e;4e;4e;4e;4e;4e;4e;4e;4e;4e;4e;4e;4e;4e;4e;4e;4e;4e,14,14,orbit2_fp2,wyckoff_orbit,2,4e,3,2,True,torus_fractional_coordinate,4e;4e;4e;4e;4e;4e;4e;4e;4e;4e;4e;4e;4e;4e;4e;4e;4e;4e;4e;4e;4e
SG14|4e;4e;4e;4e;4e;4e;4e;4e;4e;4e;4e;4e;4e;4e;4e;4e;4e;4e;4e;4e;4e,14,15,orbit3_fp0,wyckoff_orbit,3,4e,3,0,True,torus_fractional_coordinate,4e;4e;4e;4e;4e;4e;4e;4e;4e;4e;4e;4e;4e;4e;4e;4e;4e;4e;4e;4e;4e
SG14|4e;4e;4e;4e;4e;4e;4e;4e;4e;4e;4e;4e;4e;4e;4e;4e;4e;4e;4e;4e;4e,14,16,orbit3_fp1,wyckoff_orbit,3,4e,3,1,True,torus_fractional_coordinate,4e;4e;4e;4e;4e;4e;4e;4e;4e;4e;4e;4e;4e;4e;4e;4e;4e;4e;4e;4e;4e
SG14|4e;4e;4e;4e;4e;4e;4e;4e;4e;4e;4e;4e;4e;4e;4e;4e;4e;4e;4e;4e;4e,14,17,orbit3_fp2,wyckoff_orbit,3,4e,3,2,True,torus_fractional_coordinate,4e;4e;4e;4e;4e;4e;4e;4e;4e;4e;4e;4e;4e;4e;4e;4e;4e;4e;4e;4e;4e
SG14|4e;4e;4e;4e;4e;4e;4e;4e;4e;4e;4e;4e;4e;4e;4e;4e;4e;4e;4e;4e;4e,14,18,orbit4_fp0,wyckoff_orbit,4,4e,3,0,True,torus_fractional_coordinate,4e;4e;4e;4e;4e;4e;4e;4e;4e;4e;4e;4e;4e;4e;4e;4e;4e;4e;4e;4e;4e
SG14|4e;4e;4e;4e;4e;4e;4e;4e;4e;4e;4e;4e;4e;4e;4e;4e;4e;4e;4e;4e;4e,14,19,orbit4_fp1,wyckoff_orbit,4,4e,3,1,True,torus_fractional_coordinate,4e;4e;4e;4e;4e;4e;4e;4e;4e;4e;4e;4e;4e;4e;4e;4e;4e;4e;4e;4e;4e
SG14|4e;4e;4e;4e;4e;4e;4e;4e;4e;4e;4e;4e;4e;4e;4e;4e;4e;4e;4e;4e;4e,14,20,orbit4_fp2,wyckoff_orbit,4,4e,3,2,True,torus_fractional_coordinate,4e;4e;4e;4e;4e;4e;4e;4e;4e;4e;4e;4e;4e;4e;4e;4e;4e;4e;4e;4e;4e
SG14|4e;4e;4e;4e;4e;4e;4e;4e;4e;4e;4e;4e;4e;4e;4e;4e;4e;4e;4e;4e;4e,14,21,orbit5_fp0,wyckoff_orbit,5,4e,3,0,True,torus_fractional_coordinate,4e;4e;4e;4e;4e;4e;4e;4e;4e;4e;4e;4e;4e;4e;4e;4e;4e;4e;4e;4e;4e
SG14|4e;4e;4e;4e;4e;4e;4e;4e;4e;4e;4e;4e;4e;4e;4e;4e;4e;4e;4e;4e;4e,14,22,orbit5_fp1,wyckoff_orbit,5,4e,3,1,True,torus_fractional_coordinate,4e;4e;4e;4e;4e;4e;4e;4e;4e;4e;4e;4e;4e;4e;4e;4e;4e;4e;4e;4e;4e
SG14|4e;4e;4e;4e;4e;4e;4e;4e;4e;4e;4e;4e;4e;4e;4e;4e;4e;4e;4e;4e;4e,14,23,orbit5_fp2,wyckoff_orbit,5,4e,3,2,True,torus_fractional_coordinate,4e;4e;4e;4e;4e;4e;4e;4e;4e;4e;4e;4e;4e;4e;4e;4e;4e;4e;4e;4e;4e
SG14|4e;4e;4e;4e;4e;4e;4e;4e;4e;4e;4e;4e;4e;4e;4e;4e;4e;4e;4e;4e;4e,14,24,orbit6_fp0,wyckoff_orbit,6,4e,3,0,True,torus_fractional_coordinate,4e;4e;4e;4e;4e;4e;4e;4e;4e;4e;4e;4e;4e;4e;4e;4e;4e;4e;4e;4e;4e
SG14|4e;4e;4e;4e;4e;4e;4e;4e;4e;4e;4e;4e;4e;4e;4e;4e;4e;4e;4e;4e;4e,14,25,orbit6_fp1,wyckoff_orbit,6,4e,3,1,True,torus_fractional_coordinate,4e;4e;4e;4e;4e;4e;4e;4e;4e;4e;4e;4e;4e;4e;4e;4e;4e;4e;4e;4e;4e
SG14|4e;4e;4e;4e;4e;4e;4e;4e;4e;4e;4e;4e;4e;4e;4e;4e;4e;4e;4e;4e;4e,14,26,orbit6_fp2,wyckoff_orbit,6,4e,3,2,True,torus_fractional_coordinate,4e;4e;4e;4e;4e;4e;4e;4e;4e;4e;4e;4e;4e;4e;4e;4e;4e;4e;4e;4e;4e
SG14|4e;4e;4e;4e;4e;4e;4e;4e;4e;4e;4e;4e;4e;4e;4e;4e;4e;4e;4e;4e;4e,14,27,orbit7_fp0,wyckoff_orbit,7,4e,3,0,True,torus_fractional_coordinate,4e;4e;4e;4e;4e;4e;4e;4e;4e;4e;4e;4e;4e;4e;4e;4e;4e;4e;4e;4e;4e
SG14|4e;4e;4e;4e;4e;4e;4e;4e;4e;4e;4e;4e;4e;4e;4e;4e;4e;4e;4e;4e;4e,14,28,orbit7_fp1,wyckoff_orbit,7,4e,3,1,True,torus_fractional_coordinate,4e;4e;4e;4e;4e;4e;4e;4e;4e;4e;4e;4e;4e;4e;4e;4e;4e;4e;4e;4e;4e
SG14|4e;4e;4e;4e;4e;4e;4e;4e;4e;4e;4e;4e;4e;4e;4e;4e;4e;4e;4e;4e;4e,14,29,orbit7_fp2,wyckoff_orbit,7,4e,3,2,True,torus_fractional_coordinate,4e;4e;4e;4e;4e;4e;4e;4e;4e;4e;4e;4e;4e;4e;4e;4e;4e;4e;4e;4e;4e
SG14|4e;4e;4e;4e;4e;4e;4e;4e;4e;4e;4e;4e;4e;4e;4e;4e;4e;4e;4e;4e;4e,14,30,orbit8_fp0,wyckoff_orbit,8,4e,3,0,True,torus_fractional_coordinate,4e;4e;4e;4e;4e;4e;4e;4e;4e;4e;4e;4e;4e;4e;4e;4e;4e;4e;4e;4e;4e
SG14|4e;4e;4e;4e;4e;4e;4e;4e;4e;4e;4e;4e;4e;4e;4e;4e;4e;4e;4e;4e;4e,14,31,orbit8_fp1,wyckoff_orbit,8,4e,3,1,True,torus_fractional_coordinate,4e;4e;4e;4e;4e;4e;4e;4e;4e;4e;4e;4e;4e;4e;4e;4e;4e;4e;4e;4e;4e
SG14|4e;4e;4e;4e;4e;4e;4e;4e;4e;4e;4e;4e;4e;4e;4e;4e;4e;4e;4e;4e;4e,14,32,orbit8_fp2,wyckoff_orbit,8,4e,3,2,True,torus_fractional_coordinate,4e;4e;4e;4e;4e;4e;4e;4e;4e;4e;4e;4e;4e;4e;4e;4e;4e;4e;4e;4e;4e
SG14|4e;4e;4e;4e;4e;4e;4e;4e;4e;4e;4e;4e;4e;4e;4e;4e;4e;4e;4e;4e;4e,14,33,orbit9_fp0,wyckoff_orbit,9,4e,3,0,True,torus_fractional_coordinate,4e;4e;4e;4e;4e;4e;4e;4e;4e;4e;4e;4e;4e;4e;4e;4e;4e;4e;4e;4e;4e
SG14|4e;4e;4e;4e;4e;4e;4e;4e;4e;4e;4e;4e;4e;4e;4e;4e;4e;4e;4e;4e;4e,14,34,orbit9_fp1,wyckoff_orbit,9,4e,3,1,True,torus_fractional_coordinate,4e;4e;4e;4e;4e;4e;4e;4e;4e;4e;4e;4e;4e;4e;4e;4e;4e;4e;4e;4e;4e
SG14|4e;4e;4e;4e;4e;4e;4e;4e;4e;4e;4e;4e;4e;4e;4e;4e;4e;4e;4e;4e;4e,14,35,orbit9_fp2,wyckoff_orbit,9,4e,3,2,True,torus_fractional_coordinate,4e;4e;4e;4e;4e;4e;4e;4e;4e;4e;4e;4e;4e;4e;4e;4e;4e;4e;4e;4e;4e
SG14|4e;4e;4e;4e;4e;4e;4e;4e;4e;4e;4e;4e;4e;4e;4e;4e;4e;4e;4e;4e;4e,14,36,orbit10_fp0,wyckoff_orbit,10,4e,3,0,True,torus_fractional_coordinate,4e;4e;4e;4e;4e;4e;4e;4e;4e;4e;4e;4e;4e;4e;4e;4e;4e;4e;4e;4e;4e
SG14|4e;4e;4e;4e;4e;4e;4e;4e;4e;4e;4e;4e;4e;4e;4e;4e;4e;4e;4e;4e;4e,14,37,orbit10_fp1,wyckoff_orbit,10,4e,3,1,True,torus_fractional_coordinate,4e;4e;4e;4e;4e;4e;4e;4e;4e;4e;4e;4e;4e;4e;4e;4e;4e;4e;4e;4e;4e
SG14|4e;4e;4e;4e;4e;4e;4e;4e;4e;4e;4e;4e;4e;4e;4e;4e;4e;4e;4e;4e;4e,14,38,orbit10_fp2,wyckoff_orbit,10,4e,3,2,True,torus_fractional_coordinate,4e;4e;4e;4e;4e;4e;4e;4e;4e;4e;4e;4e;4e;4e;4e;4e;4e;4e;4e;4e;4e
SG14|4e;4e;4e;4e;4e;4e;4e;4e;4e;4e;4e;4e;4e;4e;4e;4e;4e;4e;4e;4e;4e,14,39,orbit11_fp0,wyckoff_orbit,11,4e,3,0,True,torus_fractional_coordinate,4e;4e;4e;4e;4e;4e;4e;4e;4e;4e;4e;4e;4e;4e;4e;4e;4e;4e;4e;4e;4e
SG14|4e;4e;4e;4e;4e;4e;4e;4e;4e;4e;4e;4e;4e;4e;4e;4e;4e;4e;4e;4e;4e,14,40,orbit11_fp1,wyckoff_orbit,11,4e,3,1,True,torus_fractional_coordinate,4e;4e;4e;4e;4e;4e;4e;4e;4e;4e;4e;4e;4e;4e;4e;4e;4e;4e;4e;4e;4e
SG14|4e;4e;4e;4e;4e;4e;4e;4e;4e;4e;4e;4e;4e;4e;4e;4e;4e;4e;4e;4e;4e,14,41,orbit11_fp2,wyckoff_orbit,11,4e,3,2,True,torus_fractional_coordinate,4e;4e;4e;4e;4e;4e;4e;4e;4e;4e;4e;4e;4e;4e;4e;4e;4e;4e;4e;4e;4e
SG14|4e;4e;4e;4e;4e;4e;4e;4e;4e;4e;4e;4e;4e;4e;4e;4e;4e;4e;4e;4e;4e,14,42,orbit12_fp0,wyckoff_orbit,12,4e,3,0,True,torus_fractional_coordinate,4e;4e;4e;4e;4e;4e;4e;4e;4e;4e;4e;4e;4e;4e;4e;4e;4e;4e;4e;4e;4e
SG14|4e;4e;4e;4e;4e;4e;4e;4e;4e;4e;4e;4e;4e;4e;4e;4e;4e;4e;4e;4e;4e,14,43,orbit12_fp1,wyckoff_orbit,12,4e,3,1,True,torus_fractional_coordinate,4e;4e;4e;4e;4e;4e;4e;4e;4e;4e;4e;4e;4e;4e;4e;4e;4e;4e;4e;4e;4e
SG14|4e;4e;4e;4e;4e;4e;4e;4e;4e;4e;4e;4e;4e;4e;4e;4e;4e;4e;4e;4e;4e,14,44,orbit12_fp2,wyckoff_orbit,12,4e,3,2,True,torus_fractional_coordinate,4e;4e;4e;4e;4e;4e;4e;4e;4e;4e;4e;4e;4e;4e;4e;4e;4e;4e;4e;4e;4e
SG14|4e;4e;4e;4e;4e;4e;4e;4e;4e;4e;4e;4e;4e;4e;4e;4e;4e;4e;4e;4e;4e,14,45,orbit13_fp0,wyckoff_orbit,13,4e,3,0,True,torus_fractional_coordinate,4e;4e;4e;4e;4e;4e;4e;4e;4e;4e;4e;4e;4e;4e;4e;4e;4e;4e;4e;4e;4e
SG14|4e;4e;4e;4e;4e;4e;4e;4e;4e;4e;4e;4e;4e;4e;4e;4e;4e;4e;4e;4e;4e,14,46,orbit13_fp1,wyckoff_orbit,13,4e,3,1,True,torus_fractional_coordinate,4e;4e;4e;4e;4e;4e;4e;4e;4e;4e;4e;4e;4e;4e;4e;4e;4e;4e;4e;4e;4e
SG14|4e;4e;4e;4e;4e;4e;4e;4e;4e;4e;4e;4e;4e;4e;4e;4e;4e;4e;4e;4e;4e,14,47,orbit13_fp2,wyckoff_orbit,13,4e,3,2,True,torus_fractional_coordinate,4e;4e;4e;4e;4e;4e;4e;4e;4e;4e;4e;4e;4e;4e;4e;4e;4e;4e;4e;4e;4e
SG14|4e;4e;4e;4e;4e;4e;4e;4e;4e;4e;4e;4e;4e;4e;4e;4e;4e;4e;4e;4e;4e,14,48,orbit14_fp0,wyckoff_orbit,14,4e,3,0,True,torus_fractional_coordinate,4e;4e;4e;4e;4e;4e;4e;4e;4e;4e;4e;4e;4e;4e;4e;4e;4e;4e;4e;4e;4e
SG14|4e;4e;4e;4e;4e;4e;4e;4e;4e;4e;4e;4e;4e;4e;4e;4e;4e;4e;4e;4e;4e,14,49,orbit14_fp1,wyckoff_orbit,14,4e,3,1,True,torus_fractional_coordinate,4e;4e;4e;4e;4e;4e;4e;4e;4e;4e;4e;4e;4e;4e;4e;4e;4e;4e;4e;4e;4e
SG14|4e;4e;4e;4e;4e;4e;4e;4e;4e;4e;4e;4e;4e;4e;4e;4e;4e;4e;4e;4e;4e,14,50,orbit14_fp2,wyckoff_orbit,14,4e,3,2,True,torus_fractional_coordinate,4e;4e;4e;4e;4e;4e;4e;4e;4e;4e;4e;4e;4e;4e;4e;4e;4e;4e;4e;4e;4e
SG14|4e;4e;4e;4e;4e;4e;4e;4e;4e;4e;4e;4e;4e;4e;4e;4e;4e;4e;4e;4e;4e,14,51,orbit15_fp0,wyckoff_orbit,15,4e,3,0,True,torus_fractional_coordinate,4e;4e;4e;4e;4e;4e;4e;4e;4e;4e;4e;4e;4e;4e;4e;4e;4e;4e;4e;4e;4e
SG14|4e;4e;4e;4e;4e;4e;4e;4e;4e;4e;4e;4e;4e;4e;4e;4e;4e;4e;4e;4e;4e,14,52,orbit15_fp1,wyckoff_orbit,15,4e,3,1,True,torus_fractional_coordinate,4e;4e;4e;4e;4e;4e;4e;4e;4e;4e;4e;4e;4e;4e;4e;4e;4e;4e;4e;4e;4e
SG14|4e;4e;4e;4e;4e;4e;4e;4e;4e;4e;4e;4e;4e;4e;4e;4e;4e;4e;4e;4e;4e,14,53,orbit15_fp2,wyckoff_orbit,15,4e,3,2,True,torus_fractional_coordinate,4e;4e;4e;4e;4e;4e;4e;4e;4e;4e;4e;4e;4e;4e;4e;4e;4e;4e;4e;4e;4e
SG14|4e;4e;4e;4e;4e;4e;4e;4e;4e;4e;4e;4e;4e;4e;4e;4e;4e;4e;4e;4e;4e,14,54,orbit16_fp0,wyckoff_orbit,16,4e,3,0,True,torus_fractional_coordinate,4e;4e;4e;4e;4e;4e;4e;4e;4e;4e;4e;4e;4e;4e;4e;4e;4e;4e;4e;4e;4e
SG14|4e;4e;4e;4e;4e;4e;4e;4e;4e;4e;4e;4e;4e;4e;4e;4e;4e;4e;4e;4e;4e,14,55,orbit16_fp1,wyckoff_orbit,16,4e,3,1,True,torus_fractional_coordinate,4e;4e;4e;4e;4e;4e;4e;4e;4e;4e;4e;4e;4e;4e;4e;4e;4e;4e;4e;4e;4e
SG14|4e;4e;4e;4e;4e;4e;4e;4e;4e;4e;4e;4e;4e;4e;4e;4e;4e;4e;4e;4e;4e,14,56,orbit16_fp2,wyckoff_orbit,16,4e,3,2,True,torus_fractional_coordinate,4e;4e;4e;4e;4e;4e;4e;4e;4e;4e;4e;4e;4e;4e;4e;4e;4e;4e;4e;4e;4e
SG14|4e;4e;4e;4e;4e;4e;4e;4e;4e;4e;4e;4e;4e;4e;4e;4e;4e;4e;4e;4e;4e,14,57,orbit17_fp0,wyckoff_orbit,17,4e,3,0,True,torus_fractional_coordinate,4e;4e;4e;4e;4e;4e;4e;4e;4e;4e;4e;4e;4e;4e;4e;4e;4e;4e;4e;4e;4e
SG14|4e;4e;4e;4e;4e;4e;4e;4e;4e;4e;4e;4e;4e;4e;4e;4e;4e;4e;4e;4e;4e,14,58,orbit17_fp1,wyckoff_orbit,17,4e,3,1,True,torus_fractional_coordinate,4e;4e;4e;4e;4e;4e;4e;4e;4e;4e;4e;4e;4e;4e;4e;4e;4e;4e;4e;4e;4e
SG14|4e;4e;4e;4e;4e;4e;4e;4e;4e;4e;4e;4e;4e;4e;4e;4e;4e;4e;4e;4e;4e,14,59,orbit17_fp2,wyckoff_orbit,17,4e,3,2,True,torus_fractional_coordinate,4e;4e;4e;4e;4e;4e;4e;4e;4e;4e;4e;4e;4e;4e;4e;4e;4e;4e;4e;4e;4e
SG14|4e;4e;4e;4e;4e;4e;4e;4e;4e;4e;4e;4e;4e;4e;4e;4e;4e;4e;4e;4e;4e,14,60,orbit18_fp0,wyckoff_orbit,18,4e,3,0,True,torus_fractional_coordinate,4e;4e;4e;4e;4e;4e;4e;4e;4e;4e;4e;4e;4e;4e;4e;4e;4e;4e;4e;4e;4e
SG14|4e;4e;4e;4e;4e;4e;4e;4e;4e;4e;4e;4e;4e;4e;4e;4e;4e;4e;4e;4e;4e,14,61,orbit18_fp1,wyckoff_orbit,18,4e,3,1,True,torus_fractional_coordinate,4e;4e;4e;4e;4e;4e;4e;4e;4e;4e;4e;4e;4e;4e;4e;4e;4e;4e;4e;4e;4e
SG14|4e;4e;4e;4e;4e;4e;4e;4e;4e;4e;4e;4e;4e;4e;4e;4e;4e;4e;4e;4e;4e,14,62,orbit18_fp2,wyckoff_orbit,18,4e,3,2,True,torus_fractional_coordinate,4e;4e;4e;4e;4e;4e;4e;4e;4e;4e;4e;4e;4e;4e;4e;4e;4e;4e;4e;4e;4e
SG14|4e;4e;4e;4e;4e;4e;4e;4e;4e;4e;4e;4e;4e;4e;4e;4e;4e;4e;4e;4e;4e,14,63,orbit19_fp0,wyckoff_orbit,19,4e,3,0,True,torus_fractional_coordinate,4e;4e;4e;4e;4e;4e;4e;4e;4e;4e;4e;4e;4e;4e;4e;4e;4e;4e;4e;4e;4e
SG14|4e;4e;4e;4e;4e;4e;4e;4e;4e;4e;4e;4e;4e;4e;4e;4e;4e;4e;4e;4e;4e,14,64,orbit19_fp1,wyckoff_orbit,19,4e,3,1,True,torus_fractional_coordinate,4e;4e;4e;4e;4e;4e;4e;4e;4e;4e;4e;4e;4e;4e;4e;4e;4e;4e;4e;4e;4e
SG14|4e;4e;4e;4e;4e;4e;4e;4e;4e;4e;4e;4e;4e;4e;4e;4e;4e;4e;4e;4e;4e,14,65,orbit19_fp2,wyckoff_orbit,19,4e,3,2,True,torus_fractional_coordinate,4e;4e;4e;4e;4e;4e;4e;4e;4e;4e;4e;4e;4e;4e;4e;4e;4e;4e;4e;4e;4e
SG14|4e;4e;4e;4e;4e;4e;4e;4e;4e;4e;4e;4e;4e;4e;4e;4e;4e;4e;4e;4e;4e,14,66,orbit20_fp0,wyckoff_orbit,20,4e,3,0,True,torus_fractional_coordinate,4e;4e;4e;4e;4e;4e;4e;4e;4e;4e;4e;4e;4e;4e;4e;4e;4e;4e;4e;4e;4e
SG14|4e;4e;4e;4e;4e;4e;4e;4e;4e;4e;4e;4e;4e;4e;4e;4e;4e;4e;4e;4e;4e,14,67,orbit20_fp1,wyckoff_orbit,20,4e,3,1,True,torus_fractional_coordinate,4e;4e;4e;4e;4e;4e;4e;4e;4e;4e;4e;4e;4e;4e;4e;4e;4e;4e;4e;4e;4e
SG14|4e;4e;4e;4e;4e;4e;4e;4e;4e;4e;4e;4e;4e;4e;4e;4e;4e;4e;4e;4e;4e,14,68,orbit20_fp2,wyckoff_orbit,20,4e,3,2,True,torus_fractional_coordinate,4e;4e;4e;4e;4e;4e;4e;4e;4e;4e;4e;4e;4e;4e;4e;4e;4e;4e;4e;4e;4e
SG14|4e;4e;4e;4e;4e;4e;4e;4e;4e;4e;4e;4e;4e;4e;4e;4e;4e;4e;4e;4e,14,0,lattice_a,lattice,-1,,0,-1,False,positive_length,4e;4e;4e;4e;4e;4e;4e;4e;4e;4e;4e;4e;4e;4e;4e;4e;4e;4e;4e;4e
SG14|4e;4e;4e;4e;4e;4e;4e;4e;4e;4e;4e;4e;4e;4e;4e;4e;4e;4e;4e;4e,14,1,lattice_b,lattice,-1,,0,-1,False,positive_length,4e;4e;4e;4e;4e;4e;4e;4e;4e;4e;4e;4e;4e;4e;4e;4e;4e;4e;4e;4e
SG14|4e;4e;4e;4e;4e;4e;4e;4e;4e;4e;4e;4e;4e;4e;4e;4e;4e;4e;4e;4e,14,2,lattice_c,lattice,-1,,0,-1,False,positive_length,4e;4e;4e;4e;4e;4e;4e;4e;4e;4e;4e;4e;4e;4e;4e;4e;4e;4e;4e;4e
SG14|4e;4e;4e;4e;4e;4e;4e;4e;4e;4e;4e;4e;4e;4e;4e;4e;4e;4e;4e;4e,14,3,alpha,lattice,-1,,0,-1,False,angle_degree,4e;4e;4e;4e;4e;4e;4e;4e;4e;4e;4e;4e;4e;4e;4e;4e;4e;4e;4e;4e
SG14|4e;4e;4e;4e;4e;4e;4e;4e;4e;4e;4e;4e;4e;4e;4e;4e;4e;4e;4e;4e,14,4,beta,lattice,-1,,0,-1,False,angle_degree,4e;4e;4e;4e;4e;4e;4e;4e;4e;4e;4e;4e;4e;4e;4e;4e;4e;4e;4e;4e
SG14|4e;4e;4e;4e;4e;4e;4e;4e;4e;4e;4e;4e;4e;4e;4e;4e;4e;4e;4e;4e,14,5,gamma,lattice,-1,,0,-1,False,angle_degree,4e;4e;4e;4e;4e;4e;4e;4e;4e;4e;4e;4e;4e;4e;4e;4e;4e;4e;4e;4e
SG14|4e;4e;4e;4e;4e;4e;4e;4e;4e;4e;4e;4e;4e;4e;4e;4e;4e;4e;4e;4e,14,6,orbit0_fp0,wyckoff_orbit,0,4e,3,0,True,torus_fractional_coordinate,4e;4e;4e;4e;4e;4e;4e;4e;4e;4e;4e;4e;4e;4e;4e;4e;4e;4e;4e;4e
SG14|4e;4e;4e;4e;4e;4e;4e;4e;4e;4e;4e;4e;4e;4e;4e;4e;4e;4e;4e;4e,14,7,orbit0_fp1,wyckoff_orbit,0,4e,3,1,True,torus_fractional_coordinate,4e;4e;4e;4e;4e;4e;4e;4e;4e;4e;4e;4e;4e;4e;4e;4e;4e;4e;4e;4e
SG14|4e;4e;4e;4e;4e;4e;4e;4e;4e;4e;4e;4e;4e;4e;4e;4e;4e;4e;4e;4e,14,8,orbit0_fp2,wyckoff_orbit,0,4e,3,2,True,torus_fractional_coordinate,4e;4e;4e;4e;4e;4e;4e;4e;4e;4e;4e;4e;4e;4e;4e;4e;4e;4e;4e;4e
SG14|4e;4e;4e;4e;4e;4e;4e;4e;4e;4e;4e;4e;4e;4e;4e;4e;4e;4e;4e;4e,14,9,orbit1_fp0,wyckoff_orbit,1,4e,3,0,True,torus_fractional_coordinate,4e;4e;4e;4e;4e;4e;4e;4e;4e;4e;4e;4e;4e;4e;4e;4e;4e;4e;4e;4e
SG14|4e;4e;4e;4e;4e;4e;4e;4e;4e;4e;4e;4e;4e;4e;4e;4e;4e;4e;4e;4e,14,10,orbit1_fp1,wyckoff_orbit,1,4e,3,1,True,torus_fractional_coordinate,4e;4e;4e;4e;4e;4e;4e;4e;4e;4e;4e;4e;4e;4e;4e;4e;4e;4e;4e;4e
SG14|4e;4e;4e;4e;4e;4e;4e;4e;4e;4e;4e;4e;4e;4e;4e;4e;4e;4e;4e;4e,14,11,orbit1_fp2,wyckoff_orbit,1,4e,3,2,True,torus_fractional_coordinate,4e;4e;4e;4e;4e;4e;4e;4e;4e;4e;4e;4e;4e;4e;4e;4e;4e;4e;4e;4e
SG14|4e;4e;4e;4e;4e;4e;4e;4e;4e;4e;4e;4e;4e;4e;4e;4e;4e;4e;4e;4e,14,12,orbit2_fp0,wyckoff_orbit,2,4e,3,0,True,torus_fractional_coordinate,4e;4e;4e;4e;4e;4e;4e;4e;4e;4e;4e;4e;4e;4e;4e;4e;4e;4e;4e;4e
SG14|4e;4e;4e;4e;4e;4e;4e;4e;4e;4e;4e;4e;4e;4e;4e;4e;4e;4e;4e;4e,14,13,orbit2_fp1,wyckoff_orbit,2,4e,3,1,True,torus_fractional_coordinate,4e;4e;4e;4e;4e;4e;4e;4e;4e;4e;4e;4e;4e;4e;4e;4e;4e;4e;4e;4e
SG14|4e;4e;4e;4e;4e;4e;4e;4e;4e;4e;4e;4e;4e;4e;4e;4e;4e;4e;4e;4e,14,14,orbit2_fp2,wyckoff_orbit,2,4e,3,2,True,torus_fractional_coordinate,4e;4e;4e;4e;4e;4e;4e;4e;4e;4e;4e;4e;4e;4e;4e;4e;4e;4e;4e;4e
SG14|4e;4e;4e;4e;4e;4e;4e;4e;4e;4e;4e;4e;4e;4e;4e;4e;4e;4e;4e;4e,14,15,orbit3_fp0,wyckoff_orbit,3,4e,3,0,True,torus_fractional_coordinate,4e;4e;4e;4e;4e;4e;4e;4e;4e;4e;4e;4e;4e;4e;4e;4e;4e;4e;4e;4e
SG14|4e;4e;4e;4e;4e;4e;4e;4e;4e;4e;4e;4e;4e;4e;4e;4e;4e;4e;4e;4e,14,16,orbit3_fp1,wyckoff_orbit,3,4e,3,1,True,torus_fractional_coordinate,4e;4e;4e;4e;4e;4e;4e;4e;4e;4e;4e;4e;4e;4e;4e;4e;4e;4e;4e;4e
SG14|4e;4e;4e;4e;4e;4e;4e;4e;4e;4e;4e;4e;4e;4e;4e;4e;4e;4e;4e;4e,14,17,orbit3_fp2,wyckoff_orbit,3,4e,3,2,True,torus_fractional_coordinate,4e;4e;4e;4e;4e;4e;4e;4e;4e;4e;4e;4e;4e;4e;4e;4e;4e;4e;4e;4e
SG14|4e;4e;4e;4e;4e;4e;4e;4e;4e;4e;4e;4e;4e;4e;4e;4e;4e;4e;4e;4e,14,18,orbit4_fp0,wyckoff_orbit,4,4e,3,0,True,torus_fractional_coordinate,4e;4e;4e;4e;4e;4e;4e;4e;4e;4e;4e;4e;4e;4e;4e;4e;4e;4e;4e;4e
SG14|4e;4e;4e;4e;4e;4e;4e;4e;4e;4e;4e;4e;4e;4e;4e;4e;4e;4e;4e;4e,14,19,orbit4_fp1,wyckoff_orbit,4,4e,3,1,True,torus_fractional_coordinate,4e;4e;4e;4e;4e;4e;4e;4e;4e;4e;4e;4e;4e;4e;4e;4e;4e;4e;4e;4e
SG14|4e;4e;4e;4e;4e;4e;4e;4e;4e;4e;4e;4e;4e;4e;4e;4e;4e;4e;4e;4e,14,20,orbit4_fp2,wyckoff_orbit,4,4e,3,2,True,torus_fractional_coordinate,4e;4e;4e;4e;4e;4e;4e;4e;4e;4e;4e;4e;4e;4e;4e;4e;4e;4e;4e;4e
SG14|4e;4e;4e;4e;4e;4e;4e;4e;4e;4e;4e;4e;4e;4e;4e;4e;4e;4e;4e;4e,14,21,orbit5_fp0,wyckoff_orbit,5,4e,3,0,True,torus_fractional_coordinate,4e;4e;4e;4e;4e;4e;4e;4e;4e;4e;4e;4e;4e;4e;4e;4e;4e;4e;4e;4e
SG14|4e;4e;4e;4e;4e;4e;4e;4e;4e;4e;4e;4e;4e;4e;4e;4e;4e;4e;4e;4e,14,22,orbit5_fp1,wyckoff_orbit,5,4e,3,1,True,torus_fractional_coordinate,4e;4e;4e;4e;4e;4e;4e;4e;4e;4e;4e;4e;4e;4e;4e;4e;4e;4e;4e;4e
SG14|4e;4e;4e;4e;4e;4e;4e;4e;4e;4e;4e;4e;4e;4e;4e;4e;4e;4e;4e;4e,14,23,orbit5_fp2,wyckoff_orbit,5,4e,3,2,True,torus_fractional_coordinate,4e;4e;4e;4e;4e;4e;4e;4e;4e;4e;4e;4e;4e;4e;4e;4e;4e;4e;4e;4e
SG14|4e;4e;4e;4e;4e;4e;4e;4e;4e;4e;4e;4e;4e;4e;4e;4e;4e;4e;4e;4e,14,24,orbit6_fp0,wyckoff_orbit,6,4e,3,0,True,torus_fractional_coordinate,4e;4e;4e;4e;4e;4e;4e;4e;4e;4e;4e;4e;4e;4e;4e;4e;4e;4e;4e;4e
SG14|4e;4e;4e;4e;4e;4e;4e;4e;4e;4e;4e;4e;4e;4e;4e;4e;4e;4e;4e;4e,14,25,orbit6_fp1,wyckoff_orbit,6,4e,3,1,True,torus_fractional_coordinate,4e;4e;4e;4e;4e;4e;4e;4e;4e;4e;4e;4e;4e;4e;4e;4e;4e;4e;4e;4e
SG14|4e;4e;4e;4e;4e;4e;4e;4e;4e;4e;4e;4e;4e;4e;4e;4e;4e;4e;4e;4e,14,26,orbit6_fp2,wyckoff_orbit,6,4e,3,2,True,torus_fractional_coordinate,4e;4e;4e;4e;4e;4e;4e;4e;4e;4e;4e;4e;4e;4e;4e;4e;4e;4e;4e;4e
SG14|4e;4e;4e;4e;4e;4e;4e;4e;4e;4e;4e;4e;4e;4e;4e;4e;4e;4e;4e;4e,14,27,orbit7_fp0,wyckoff_orbit,7,4e,3,0,True,torus_fractional_coordinate,4e;4e;4e;4e;4e;4e;4e;4e;4e;4e;4e;4e;4e;4e;4e;4e;4e;4e;4e;4e
SG14|4e;4e;4e;4e;4e;4e;4e;4e;4e;4e;4e;4e;4e;4e;4e;4e;4e;4e;4e;4e,14,28,orbit7_fp1,wyckoff_orbit,7,4e,3,1,True,torus_fractional_coordinate,4e;4e;4e;4e;4e;4e;4e;4e;4e;4e;4e;4e;4e;4e;4e;4e;4e;4e;4e;4e
SG14|4e;4e;4e;4e;4e;4e;4e;4e;4e;4e;4e;4e;4e;4e;4e;4e;4e;4e;4e;4e,14,29,orbit7_fp2,wyckoff_orbit,7,4e,3,2,True,torus_fractional_coordinate,4e;4e;4e;4e;4e;4e;4e;4e;4e;4e;4e;4e;4e;4e;4e;4e;4e;4e;4e;4e
SG14|4e;4e;4e;4e;4e;4e;4e;4e;4e;4e;4e;4e;4e;4e;4e;4e;4e;4e;4e;4e,14,30,orbit8_fp0,wyckoff_orbit,8,4e,3,0,True,torus_fractional_coordinate,4e;4e;4e;4e;4e;4e;4e;4e;4e;4e;4e;4e;4e;4e;4e;4e;4e;4e;4e;4e
SG14|4e;4e;4e;4e;4e;4e;4e;4e;4e;4e;4e;4e;4e;4e;4e;4e;4e;4e;4e;4e,14,31,orbit8_fp1,wyckoff_orbit,8,4e,3,1,True,torus_fractional_coordinate,4e;4e;4e;4e;4e;4e;4e;4e;4e;4e;4e;4e;4e;4e;4e;4e;4e;4e;4e;4e
SG14|4e;4e;4e;4e;4e;4e;4e;4e;4e;4e;4e;4e;4e;4e;4e;4e;4e;4e;4e;4e,14,32,orbit8_fp2,wyckoff_orbit,8,4e,3,2,True,torus_fractional_coordinate,4e;4e;4e;4e;4e;4e;4e;4e;4e;4e;4e;4e;4e;4e;4e;4e;4e;4e;4e;4e
SG14|4e;4e;4e;4e;4e;4e;4e;4e;4e;4e;4e;4e;4e;4e;4e;4e;4e;4e;4e;4e,14,33,orbit9_fp0,wyckoff_orbit,9,4e,3,0,True,torus_fractional_coordinate,4e;4e;4e;4e;4e;4e;4e;4e;4e;4e;4e;4e;4e;4e;4e;4e;4e;4e;4e;4e
SG14|4e;4e;4e;4e;4e;4e;4e;4e;4e;4e;4e;4e;4e;4e;4e;4e;4e;4e;4e;4e,14,34,orbit9_fp1,wyckoff_orbit,9,4e,3,1,True,torus_fractional_coordinate,4e;4e;4e;4e;4e;4e;4e;4e;4e;4e;4e;4e;4e;4e;4e;4e;4e;4e;4e;4e
SG14|4e;4e;4e;4e;4e;4e;4e;4e;4e;4e;4e;4e;4e;4e;4e;4e;4e;4e;4e;4e,14,35,orbit9_fp2,wyckoff_orbit,9,4e,3,2,True,torus_fractional_coordinate,4e;4e;4e;4e;4e;4e;4e;4e;4e;4e;4e;4e;4e;4e;4e;4e;4e;4e;4e;4e
SG14|4e;4e;4e;4e;4e;4e;4e;4e;4e;4e;4e;4e;4e;4e;4e;4e;4e;4e;4e;4e,14,36,orbit10_fp0,wyckoff_orbit,10,4e,3,0,True,torus_fractional_coordinate,4e;4e;4e;4e;4e;4e;4e;4e;4e;4e;4e;4e;4e;4e;4e;4e;4e;4e;4e;4e
SG14|4e;4e;4e;4e;4e;4e;4e;4e;4e;4e;4e;4e;4e;4e;4e;4e;4e;4e;4e;4e,14,37,orbit10_fp1,wyckoff_orbit,10,4e,3,1,True,torus_fractional_coordinate,4e;4e;4e;4e;4e;4e;4e;4e;4e;4e;4e;4e;4e;4e;4e;4e;4e;4e;4e;4e
SG14|4e;4e;4e;4e;4e;4e;4e;4e;4e;4e;4e;4e;4e;4e;4e;4e;4e;4e;4e;4e,14,38,orbit10_fp2,wyckoff_orbit,10,4e,3,2,True,torus_fractional_coordinate,4e;4e;4e;4e;4e;4e;4e;4e;4e;4e;4e;4e;4e;4e;4e;4e;4e;4e;4e;4e
SG14|4e;4e;4e;4e;4e;4e;4e;4e;4e;4e;4e;4e;4e;4e;4e;4e;4e;4e;4e;4e,14,39,orbit11_fp0,wyckoff_orbit,11,4e,3,0,True,torus_fractional_coordinate,4e;4e;4e;4e;4e;4e;4e;4e;4e;4e;4e;4e;4e;4e;4e;4e;4e;4e;4e;4e
SG14|4e;4e;4e;4e;4e;4e;4e;4e;4e;4e;4e;4e;4e;4e;4e;4e;4e;4e;4e;4e,14,40,orbit11_fp1,wyckoff_orbit,11,4e,3,1,True,torus_fractional_coordinate,4e;4e;4e;4e;4e;4e;4e;4e;4e;4e;4e;4e;4e;4e;4e;4e;4e;4e;4e;4e
SG14|4e;4e;4e;4e;4e;4e;4e;4e;4e;4e;4e;4e;4e;4e;4e;4e;4e;4e;4e;4e,14,41,orbit11_fp2,wyckoff_orbit,11,4e,3,2,True,torus_fractional_coordinate,4e;4e;4e;4e;4e;4e;4e;4e;4e;4e;4e;4e;4e;4e;4e;4e;4e;4e;4e;4e
SG14|4e;4e;4e;4e;4e;4e;4e;4e;4e;4e;4e;4e;4e;4e;4e;4e;4e;4e;4e;4e,14,42,orbit12_fp0,wyckoff_orbit,12,4e,3,0,True,torus_fractional_coordinate,4e;4e;4e;4e;4e;4e;4e;4e;4e;4e;4e;4e;4e;4e;4e;4e;4e;4e;4e;4e
SG14|4e;4e;4e;4e;4e;4e;4e;4e;4e;4e;4e;4e;4e;4e;4e;4e;4e;4e;4e;4e,14,43,orbit12_fp1,wyckoff_orbit,12,4e,3,1,True,torus_fractional_coordinate,4e;4e;4e;4e;4e;4e;4e;4e;4e;4e;4e;4e;4e;4e;4e;4e;4e;4e;4e;4e
SG14|4e;4e;4e;4e;4e;4e;4e;4e;4e;4e;4e;4e;4e;4e;4e;4e;4e;4e;4e;4e,14,44,orbit12_fp2,wyckoff_orbit,12,4e,3,2,True,torus_fractional_coordinate,4e;4e;4e;4e;4e;4e;4e;4e;4e;4e;4e;4e;4e;4e;4e;4e;4e;4e;4e;4e
SG14|4e;4e;4e;4e;4e;4e;4e;4e;4e;4e;4e;4e;4e;4e;4e;4e;4e;4e;4e;4e,14,45,orbit13_fp0,wyckoff_orbit,13,4e,3,0,True,torus_fractional_coordinate,4e;4e;4e;4e;4e;4e;4e;4e;4e;4e;4e;4e;4e;4e;4e;4e;4e;4e;4e;4e
SG14|4e;4e;4e;4e;4e;4e;4e;4e;4e;4e;4e;4e;4e;4e;4e;4e;4e;4e;4e;4e,14,46,orbit13_fp1,wyckoff_orbit,13,4e,3,1,True,torus_fractional_coordinate,4e;4e;4e;4e;4e;4e;4e;4e;4e;4e;4e;4e;4e;4e;4e;4e;4e;4e;4e;4e
SG14|4e;4e;4e;4e;4e;4e;4e;4e;4e;4e;4e;4e;4e;4e;4e;4e;4e;4e;4e;4e,14,47,orbit13_fp2,wyckoff_orbit,13,4e,3,2,True,torus_fractional_coordinate,4e;4e;4e;4e;4e;4e;4e;4e;4e;4e;4e;4e;4e;4e;4e;4e;4e;4e;4e;4e
SG14|4e;4e;4e;4e;4e;4e;4e;4e;4e;4e;4e;4e;4e;4e;4e;4e;4e;4e;4e;4e,14,48,orbit14_fp0,wyckoff_orbit,14,4e,3,0,True,torus_fractional_coordinate,4e;4e;4e;4e;4e;4e;4e;4e;4e;4e;4e;4e;4e;4e;4e;4e;4e;4e;4e;4e
SG14|4e;4e;4e;4e;4e;4e;4e;4e;4e;4e;4e;4e;4e;4e;4e;4e;4e;4e;4e;4e,14,49,orbit14_fp1,wyckoff_orbit,14,4e,3,1,True,torus_fractional_coordinate,4e;4e;4e;4e;4e;4e;4e;4e;4e;4e;4e;4e;4e;4e;4e;4e;4e;4e;4e;4e
SG14|4e;4e;4e;4e;4e;4e;4e;4e;4e;4e;4e;4e;4e;4e;4e;4e;4e;4e;4e;4e,14,50,orbit14_fp2,wyckoff_orbit,14,4e,3,2,True,torus_fractional_coordinate,4e;4e;4e;4e;4e;4e;4e;4e;4e;4e;4e;4e;4e;4e;4e;4e;4e;4e;4e;4e
SG14|4e;4e;4e;4e;4e;4e;4e;4e;4e;4e;4e;4e;4e;4e;4e;4e;4e;4e;4e;4e,14,51,orbit15_fp0,wyckoff_orbit,15,4e,3,0,True,torus_fractional_coordinate,4e;4e;4e;4e;4e;4e;4e;4e;4e;4e;4e;4e;4e;4e;4e;4e;4e;4e;4e;4e
SG14|4e;4e;4e;4e;4e;4e;4e;4e;4e;4e;4e;4e;4e;4e;4e;4e;4e;4e;4e;4e,14,52,orbit15_fp1,wyckoff_orbit,15,4e,3,1,True,torus_fractional_coordinate,4e;4e;4e;4e;4e;4e;4e;4e;4e;4e;4e;4e;4e;4e;4e;4e;4e;4e;4e;4e
SG14|4e;4e;4e;4e;4e;4e;4e;4e;4e;4e;4e;4e;4e;4e;4e;4e;4e;4e;4e;4e,14,53,orbit15_fp2,wyckoff_orbit,15,4e,3,2,True,torus_fractional_coordinate,4e;4e;4e;4e;4e;4e;4e;4e;4e;4e;4e;4e;4e;4e;4e;4e;4e;4e;4e;4e
SG14|4e;4e;4e;4e;4e;4e;4e;4e;4e;4e;4e;4e;4e;4e;4e;4e;4e;4e;4e;4e,14,54,orbit16_fp0,wyckoff_orbit,16,4e,3,0,True,torus_fractional_coordinate,4e;4e;4e;4e;4e;4e;4e;4e;4e;4e;4e;4e;4e;4e;4e;4e;4e;4e;4e;4e
SG14|4e;4e;4e;4e;4e;4e;4e;4e;4e;4e;4e;4e;4e;4e;4e;4e;4e;4e;4e;4e,14,55,orbit16_fp1,wyckoff_orbit,16,4e,3,1,True,torus_fractional_coordinate,4e;4e;4e;4e;4e;4e;4e;4e;4e;4e;4e;4e;4e;4e;4e;4e;4e;4e;4e;4e
SG14|4e;4e;4e;4e;4e;4e;4e;4e;4e;4e;4e;4e;4e;4e;4e;4e;4e;4e;4e;4e,14,56,orbit16_fp2,wyckoff_orbit,16,4e,3,2,True,torus_fractional_coordinate,4e;4e;4e;4e;4e;4e;4e;4e;4e;4e;4e;4e;4e;4e;4e;4e;4e;4e;4e;4e
SG14|4e;4e;4e;4e;4e;4e;4e;4e;4e;4e;4e;4e;4e;4e;4e;4e;4e;4e;4e;4e,14,57,orbit17_fp0,wyckoff_orbit,17,4e,3,0,True,torus_fractional_coordinate,4e;4e;4e;4e;4e;4e;4e;4e;4e;4e;4e;4e;4e;4e;4e;4e;4e;4e;4e;4e
SG14|4e;4e;4e;4e;4e;4e;4e;4e;4e;4e;4e;4e;4e;4e;4e;4e;4e;4e;4e;4e,14,58,orbit17_fp1,wyckoff_orbit,17,4e,3,1,True,torus_fractional_coordinate,4e;4e;4e;4e;4e;4e;4e;4e;4e;4e;4e;4e;4e;4e;4e;4e;4e;4e;4e;4e
SG14|4e;4e;4e;4e;4e;4e;4e;4e;4e;4e;4e;4e;4e;4e;4e;4e;4e;4e;4e;4e,14,59,orbit17_fp2,wyckoff_orbit,17,4e,3,2,True,torus_fractional_coordinate,4e;4e;4e;4e;4e;4e;4e;4e;4e;4e;4e;4e;4e;4e;4e;4e;4e;4e;4e;4e
SG14|4e;4e;4e;4e;4e;4e;4e;4e;4e;4e;4e;4e;4e;4e;4e;4e;4e;4e;4e;4e,14,60,orbit18_fp0,wyckoff_orbit,18,4e,3,0,True,torus_fractional_coordinate,4e;4e;4e;4e;4e;4e;4e;4e;4e;4e;4e;4e;4e;4e;4e;4e;4e;4e;4e;4e
SG14|4e;4e;4e;4e;4e;4e;4e;4e;4e;4e;4e;4e;4e;4e;4e;4e;4e;4e;4e;4e,14,61,orbit18_fp1,wyckoff_orbit,18,4e,3,1,True,torus_fractional_coordinate,4e;4e;4e;4e;4e;4e;4e;4e;4e;4e;4e;4e;4e;4e;4e;4e;4e;4e;4e;4e
SG14|4e;4e;4e;4e;4e;4e;4e;4e;4e;4e;4e;4e;4e;4e;4e;4e;4e;4e;4e;4e,14,62,orbit18_fp2,wyckoff_orbit,18,4e,3,2,True,torus_fractional_coordinate,4e;4e;4e;4e;4e;4e;4e;4e;4e;4e;4e;4e;4e;4e;4e;4e;4e;4e;4e;4e
SG14|4e;4e;4e;4e;4e;4e;4e;4e;4e;4e;4e;4e;4e;4e;4e;4e;4e;4e;4e;4e,14,63,orbit19_fp0,wyckoff_orbit,19,4e,3,0,True,torus_fractional_coordinate,4e;4e;4e;4e;4e;4e;4e;4e;4e;4e;4e;4e;4e;4e;4e;4e;4e;4e;4e;4e
SG14|4e;4e;4e;4e;4e;4e;4e;4e;4e;4e;4e;4e;4e;4e;4e;4e;4e;4e;4e;4e,14,64,orbit19_fp1,wyckoff_orbit,19,4e,3,1,True,torus_fractional_coordinate,4e;4e;4e;4e;4e;4e;4e;4e;4e;4e;4e;4e;4e;4e;4e;4e;4e;4e;4e;4e
SG14|4e;4e;4e;4e;4e;4e;4e;4e;4e;4e;4e;4e;4e;4e;4e;4e;4e;4e;4e;4e,14,65,orbit19_fp2,wyckoff_orbit,19,4e,3,2,True,torus_fractional_coordinate,4e;4e;4e;4e;4e;4e;4e;4e;4e;4e;4e;4e;4e;4e;4e;4e;4e;4e;4e;4e
SG14|4e;4e;4e;4e;4e;4e;4e;4e;4e;4e;4e;4e;4e;4e;4e;4e;4e;4e;4e,14,0,lattice_a,lattice,-1,,0,-1,False,positive_length,4e;4e;4e;4e;4e;4e;4e;4e;4e;4e;4e;4e;4e;4e;4e;4e;4e;4e;4e
SG14|4e;4e;4e;4e;4e;4e;4e;4e;4e;4e;4e;4e;4e;4e;4e;4e;4e;4e;4e,14,1,lattice_b,lattice,-1,,0,-1,False,positive_length,4e;4e;4e;4e;4e;4e;4e;4e;4e;4e;4e;4e;4e;4e;4e;4e;4e;4e;4e
SG14|4e;4e;4e;4e;4e;4e;4e;4e;4e;4e;4e;4e;4e;4e;4e;4e;4e;4e;4e,14,2,lattice_c,lattice,-1,,0,-1,False,positive_length,4e;4e;4e;4e;4e;4e;4e;4e;4e;4e;4e;4e;4e;4e;4e;4e;4e;4e;4e
SG14|4e;4e;4e;4e;4e;4e;4e;4e;4e;4e;4e;4e;4e;4e;4e;4e;4e;4e;4e,14,3,alpha,lattice,-1,,0,-1,False,angle_degree,4e;4e;4e;4e;4e;4e;4e;4e;4e;4e;4e;4e;4e;4e;4e;4e;4e;4e;4e
SG14|4e;4e;4e;4e;4e;4e;4e;4e;4e;4e;4e;4e;4e;4e;4e;4e;4e;4e;4e,14,4,beta,lattice,-1,,0,-1,False,angle_degree,4e;4e;4e;4e;4e;4e;4e;4e;4e;4e;4e;4e;4e;4e;4e;4e;4e;4e;4e
SG14|4e;4e;4e;4e;4e;4e;4e;4e;4e;4e;4e;4e;4e;4e;4e;4e;4e;4e;4e,14,5,gamma,lattice,-1,,0,-1,False,angle_degree,4e;4e;4e;4e;4e;4e;4e;4e;4e;4e;4e;4e;4e;4e;4e;4e;4e;4e;4e
SG14|4e;4e;4e;4e;4e;4e;4e;4e;4e;4e;4e;4e;4e;4e;4e;4e;4e;4e;4e,14,6,orbit0_fp0,wyckoff_orbit,0,4e,3,0,True,torus_fractional_coordinate,4e;4e;4e;4e;4e;4e;4e;4e;4e;4e;4e;4e;4e;4e;4e;4e;4e;4e;4e
SG14|4e;4e;4e;4e;4e;4e;4e;4e;4e;4e;4e;4e;4e;4e;4e;4e;4e;4e;4e,14,7,orbit0_fp1,wyckoff_orbit,0,4e,3,1,True,torus_fractional_coordinate,4e;4e;4e;4e;4e;4e;4e;4e;4e;4e;4e;4e;4e;4e;4e;4e;4e;4e;4e
SG14|4e;4e;4e;4e;4e;4e;4e;4e;4e;4e;4e;4e;4e;4e;4e;4e;4e;4e;4e,14,8,orbit0_fp2,wyckoff_orbit,0,4e,3,2,True,torus_fractional_coordinate,4e;4e;4e;4e;4e;4e;4e;4e;4e;4e;4e;4e;4e;4e;4e;4e;4e;4e;4e
SG14|4e;4e;4e;4e;4e;4e;4e;4e;4e;4e;4e;4e;4e;4e;4e;4e;4e;4e;4e,14,9,orbit1_fp0,wyckoff_orbit,1,4e,3,0,True,torus_fractional_coordinate,4e;4e;4e;4e;4e;4e;4e;4e;4e;4e;4e;4e;4e;4e;4e;4e;4e;4e;4e
SG14|4e;4e;4e;4e;4e;4e;4e;4e;4e;4e;4e;4e;4e;4e;4e;4e;4e;4e;4e,14,10,orbit1_fp1,wyckoff_orbit,1,4e,3,1,True,torus_fractional_coordinate,4e;4e;4e;4e;4e;4e;4e;4e;4e;4e;4e;4e;4e;4e;4e;4e;4e;4e;4e
SG14|4e;4e;4e;4e;4e;4e;4e;4e;4e;4e;4e;4e;4e;4e;4e;4e;4e;4e;4e,14,11,orbit1_fp2,wyckoff_orbit,1,4e,3,2,True,torus_fractional_coordinate,4e;4e;4e;4e;4e;4e;4e;4e;4e;4e;4e;4e;4e;4e;4e;4e;4e;4e;4e
SG14|4e;4e;4e;4e;4e;4e;4e;4e;4e;4e;4e;4e;4e;4e;4e;4e;4e;4e;4e,14,12,orbit2_fp0,wyckoff_orbit,2,4e,3,0,True,torus_fractional_coordinate,4e;4e;4e;4e;4e;4e;4e;4e;4e;4e;4e;4e;4e;4e;4e;4e;4e;4e;4e
SG14|4e;4e;4e;4e;4e;4e;4e;4e;4e;4e;4e;4e;4e;4e;4e;4e;4e;4e;4e,14,13,orbit2_fp1,wyckoff_orbit,2,4e,3,1,True,torus_fractional_coordinate,4e;4e;4e;4e;4e;4e;4e;4e;4e;4e;4e;4e;4e;4e;4e;4e;4e;4e;4e
SG14|4e;4e;4e;4e;4e;4e;4e;4e;4e;4e;4e;4e;4e;4e;4e;4e;4e;4e;4e,14,14,orbit2_fp2,wyckoff_orbit,2,4e,3,2,True,torus_fractional_coordinate,4e;4e;4e;4e;4e;4e;4e;4e;4e;4e;4e;4e;4e;4e;4e;4e;4e;4e;4e
SG14|4e;4e;4e;4e;4e;4e;4e;4e;4e;4e;4e;4e;4e;4e;4e;4e;4e;4e;4e,14,15,orbit3_fp0,wyckoff_orbit,3,4e,3,0,True,torus_fractional_coordinate,4e;4e;4e;4e;4e;4e;4e;4e;4e;4e;4e;4e;4e;4e;4e;4e;4e;4e;4e
SG14|4e;4e;4e;4e;4e;4e;4e;4e;4e;4e;4e;4e;4e;4e;4e;4e;4e;4e;4e,14,16,orbit3_fp1,wyckoff_orbit,3,4e,3,1,True,torus_fractional_coordinate,4e;4e;4e;4e;4e;4e;4e;4e;4e;4e;4e;4e;4e;4e;4e;4e;4e;4e;4e
SG14|4e;4e;4e;4e;4e;4e;4e;4e;4e;4e;4e;4e;4e;4e;4e;4e;4e;4e;4e,14,17,orbit3_fp2,wyckoff_orbit,3,4e,3,2,True,torus_fractional_coordinate,4e;4e;4e;4e;4e;4e;4e;4e;4e;4e;4e;4e;4e;4e;4e;4e;4e;4e;4e
SG14|4e;4e;4e;4e;4e;4e;4e;4e;4e;4e;4e;4e;4e;4e;4e;4e;4e;4e;4e,14,18,orbit4_fp0,wyckoff_orbit,4,4e,3,0,True,torus_fractional_coordinate,4e;4e;4e;4e;4e;4e;4e;4e;4e;4e;4e;4e;4e;4e;4e;4e;4e;4e;4e
SG14|4e;4e;4e;4e;4e;4e;4e;4e;4e;4e;4e;4e;4e;4e;4e;4e;4e;4e;4e,14,19,orbit4_fp1,wyckoff_orbit,4,4e,3,1,True,torus_fractional_coordinate,4e;4e;4e;4e;4e;4e;4e;4e;4e;4e;4e;4e;4e;4e;4e;4e;4e;4e;4e
SG14|4e;4e;4e;4e;4e;4e;4e;4e;4e;4e;4e;4e;4e;4e;4e;4e;4e;4e;4e,14,20,orbit4_fp2,wyckoff_orbit,4,4e,3,2,True,torus_fractional_coordinate,4e;4e;4e;4e;4e;4e;4e;4e;4e;4e;4e;4e;4e;4e;4e;4e;4e;4e;4e
SG14|4e;4e;4e;4e;4e;4e;4e;4e;4e;4e;4e;4e;4e;4e;4e;4e;4e;4e;4e,14,21,orbit5_fp0,wyckoff_orbit,5,4e,3,0,True,torus_fractional_coordinate,4e;4e;4e;4e;4e;4e;4e;4e;4e;4e;4e;4e;4e;4e;4e;4e;4e;4e;4e
SG14|4e;4e;4e;4e;4e;4e;4e;4e;4e;4e;4e;4e;4e;4e;4e;4e;4e;4e;4e,14,22,orbit5_fp1,wyckoff_orbit,5,4e,3,1,True,torus_fractional_coordinate,4e;4e;4e;4e;4e;4e;4e;4e;4e;4e;4e;4e;4e;4e;4e;4e;4e;4e;4e
SG14|4e;4e;4e;4e;4e;4e;4e;4e;4e;4e;4e;4e;4e;4e;4e;4e;4e;4e;4e,14,23,orbit5_fp2,wyckoff_orbit,5,4e,3,2,True,torus_fractional_coordinate,4e;4e;4e;4e;4e;4e;4e;4e;4e;4e;4e;4e;4e;4e;4e;4e;4e;4e;4e
SG14|4e;4e;4e;4e;4e;4e;4e;4e;4e;4e;4e;4e;4e;4e;4e;4e;4e;4e;4e,14,24,orbit6_fp0,wyckoff_orbit,6,4e,3,0,True,torus_fractional_coordinate,4e;4e;4e;4e;4e;4e;4e;4e;4e;4e;4e;4e;4e;4e;4e;4e;4e;4e;4e
SG14|4e;4e;4e;4e;4e;4e;4e;4e;4e;4e;4e;4e;4e;4e;4e;4e;4e;4e;4e,14,25,orbit6_fp1,wyckoff_orbit,6,4e,3,1,True,torus_fractional_coordinate,4e;4e;4e;4e;4e;4e;4e;4e;4e;4e;4e;4e;4e;4e;4e;4e;4e;4e;4e
SG14|4e;4e;4e;4e;4e;4e;4e;4e;4e;4e;4e;4e;4e;4e;4e;4e;4e;4e;4e,14,26,orbit6_fp2,wyckoff_orbit,6,4e,3,2,True,torus_fractional_coordinate,4e;4e;4e;4e;4e;4e;4e;4e;4e;4e;4e;4e;4e;4e;4e;4e;4e;4e;4e
SG14|4e;4e;4e;4e;4e;4e;4e;4e;4e;4e;4e;4e;4e;4e;4e;4e;4e;4e;4e,14,27,orbit7_fp0,wyckoff_orbit,7,4e,3,0,True,torus_fractional_coordinate,4e;4e;4e;4e;4e;4e;4e;4e;4e;4e;4e;4e;4e;4e;4e;4e;4e;4e;4e
SG14|4e;4e;4e;4e;4e;4e;4e;4e;4e;4e;4e;4e;4e;4e;4e;4e;4e;4e;4e,14,28,orbit7_fp1,wyckoff_orbit,7,4e,3,1,True,torus_fractional_coordinate,4e;4e;4e;4e;4e;4e;4e;4e;4e;4e;4e;4e;4e;4e;4e;4e;4e;4e;4e
SG14|4e;4e;4e;4e;4e;4e;4e;4e;4e;4e;4e;4e;4e;4e;4e;4e;4e;4e;4e,14,29,orbit7_fp2,wyckoff_orbit,7,4e,3,2,True,torus_fractional_coordinate,4e;4e;4e;4e;4e;4e;4e;4e;4e;4e;4e;4e;4e;4e;4e;4e;4e;4e;4e
SG14|4e;4e;4e;4e;4e;4e;4e;4e;4e;4e;4e;4e;4e;4e;4e;4e;4e;4e;4e,14,30,orbit8_fp0,wyckoff_orbit,8,4e,3,0,True,torus_fractional_coordinate,4e;4e;4e;4e;4e;4e;4e;4e;4e;4e;4e;4e;4e;4e;4e;4e;4e;4e;4e
SG14|4e;4e;4e;4e;4e;4e;4e;4e;4e;4e;4e;4e;4e;4e;4e;4e;4e;4e;4e,14,31,orbit8_fp1,wyckoff_orbit,8,4e,3,1,True,torus_fractional_coordinate,4e;4e;4e;4e;4e;4e;4e;4e;4e;4e;4e;4e;4e;4e;4e;4e;4e;4e;4e
SG14|4e;4e;4e;4e;4e;4e;4e;4e;4e;4e;4e;4e;4e;4e;4e;4e;4e;4e;4e,14,32,orbit8_fp2,wyckoff_orbit,8,4e,3,2,True,torus_fractional_coordinate,4e;4e;4e;4e;4e;4e;4e;4e;4e;4e;4e;4e;4e;4e;4e;4e;4e;4e;4e
SG14|4e;4e;4e;4e;4e;4e;4e;4e;4e;4e;4e;4e;4e;4e;4e;4e;4e;4e;4e,14,33,orbit9_fp0,wyckoff_orbit,9,4e,3,0,True,torus_fractional_coordinate,4e;4e;4e;4e;4e;4e;4e;4e;4e;4e;4e;4e;4e;4e;4e;4e;4e;4e;4e
SG14|4e;4e;4e;4e;4e;4e;4e;4e;4e;4e;4e;4e;4e;4e;4e;4e;4e;4e;4e,14,34,orbit9_fp1,wyckoff_orbit,9,4e,3,1,True,torus_fractional_coordinate,4e;4e;4e;4e;4e;4e;4e;4e;4e;4e;4e;4e;4e;4e;4e;4e;4e;4e;4e
SG14|4e;4e;4e;4e;4e;4e;4e;4e;4e;4e;4e;4e;4e;4e;4e;4e;4e;4e;4e,14,35,orbit9_fp2,wyckoff_orbit,9,4e,3,2,True,torus_fractional_coordinate,4e;4e;4e;4e;4e;4e;4e;4e;4e;4e;4e;4e;4e;4e;4e;4e;4e;4e;4e
SG14|4e;4e;4e;4e;4e;4e;4e;4e;4e;4e;4e;4e;4e;4e;4e;4e;4e;4e;4e,14,36,orbit10_fp0,wyckoff_orbit,10,4e,3,0,True,torus_fractional_coordinate,4e;4e;4e;4e;4e;4e;4e;4e;4e;4e;4e;4e;4e;4e;4e;4e;4e;4e;4e
SG14|4e;4e;4e;4e;4e;4e;4e;4e;4e;4e;4e;4e;4e;4e;4e;4e;4e;4e;4e,14,37,orbit10_fp1,wyckoff_orbit,10,4e,3,1,True,torus_fractional_coordinate,4e;4e;4e;4e;4e;4e;4e;4e;4e;4e;4e;4e;4e;4e;4e;4e;4e;4e;4e
SG14|4e;4e;4e;4e;4e;4e;4e;4e;4e;4e;4e;4e;4e;4e;4e;4e;4e;4e;4e,14,38,orbit10_fp2,wyckoff_orbit,10,4e,3,2,True,torus_fractional_coordinate,4e;4e;4e;4e;4e;4e;4e;4e;4e;4e;4e;4e;4e;4e;4e;4e;4e;4e;4e
SG14|4e;4e;4e;4e;4e;4e;4e;4e;4e;4e;4e;4e;4e;4e;4e;4e;4e;4e;4e,14,39,orbit11_fp0,wyckoff_orbit,11,4e,3,0,True,torus_fractional_coordinate,4e;4e;4e;4e;4e;4e;4e;4e;4e;4e;4e;4e;4e;4e;4e;4e;4e;4e;4e
SG14|4e;4e;4e;4e;4e;4e;4e;4e;4e;4e;4e;4e;4e;4e;4e;4e;4e;4e;4e,14,40,orbit11_fp1,wyckoff_orbit,11,4e,3,1,True,torus_fractional_coordinate,4e;4e;4e;4e;4e;4e;4e;4e;4e;4e;4e;4e;4e;4e;4e;4e;4e;4e;4e
SG14|4e;4e;4e;4e;4e;4e;4e;4e;4e;4e;4e;4e;4e;4e;4e;4e;4e;4e;4e,14,41,orbit11_fp2,wyckoff_orbit,11,4e,3,2,True,torus_fractional_coordinate,4e;4e;4e;4e;4e;4e;4e;4e;4e;4e;4e;4e;4e;4e;4e;4e;4e;4e;4e
SG14|4e;4e;4e;4e;4e;4e;4e;4e;4e;4e;4e;4e;4e;4e;4e;4e;4e;4e;4e,14,42,orbit12_fp0,wyckoff_orbit,12,4e,3,0,True,torus_fractional_coordinate,4e;4e;4e;4e;4e;4e;4e;4e;4e;4e;4e;4e;4e;4e;4e;4e;4e;4e;4e
SG14|4e;4e;4e;4e;4e;4e;4e;4e;4e;4e;4e;4e;4e;4e;4e;4e;4e;4e;4e,14,43,orbit12_fp1,wyckoff_orbit,12,4e,3,1,True,torus_fractional_coordinate,4e;4e;4e;4e;4e;4e;4e;4e;4e;4e;4e;4e;4e;4e;4e;4e;4e;4e;4e
SG14|4e;4e;4e;4e;4e;4e;4e;4e;4e;4e;4e;4e;4e;4e;4e;4e;4e;4e;4e,14,44,orbit12_fp2,wyckoff_orbit,12,4e,3,2,True,torus_fractional_coordinate,4e;4e;4e;4e;4e;4e;4e;4e;4e;4e;4e;4e;4e;4e;4e;4e;4e;4e;4e
SG14|4e;4e;4e;4e;4e;4e;4e;4e;4e;4e;4e;4e;4e;4e;4e;4e;4e;4e;4e,14,45,orbit13_fp0,wyckoff_orbit,13,4e,3,0,True,torus_fractional_coordinate,4e;4e;4e;4e;4e;4e;4e;4e;4e;4e;4e;4e;4e;4e;4e;4e;4e;4e;4e
SG14|4e;4e;4e;4e;4e;4e;4e;4e;4e;4e;4e;4e;4e;4e;4e;4e;4e;4e;4e,14,46,orbit13_fp1,wyckoff_orbit,13,4e,3,1,True,torus_fractional_coordinate,4e;4e;4e;4e;4e;4e;4e;4e;4e;4e;4e;4e;4e;4e;4e;4e;4e;4e;4e
SG14|4e;4e;4e;4e;4e;4e;4e;4e;4e;4e;4e;4e;4e;4e;4e;4e;4e;4e;4e,14,47,orbit13_fp2,wyckoff_orbit,13,4e,3,2,True,torus_fractional_coordinate,4e;4e;4e;4e;4e;4e;4e;4e;4e;4e;4e;4e;4e;4e;4e;4e;4e;4e;4e
SG14|4e;4e;4e;4e;4e;4e;4e;4e;4e;4e;4e;4e;4e;4e;4e;4e;4e;4e;4e,14,48,orbit14_fp0,wyckoff_orbit,14,4e,3,0,True,torus_fractional_coordinate,4e;4e;4e;4e;4e;4e;4e;4e;4e;4e;4e;4e;4e;4e;4e;4e;4e;4e;4e
SG14|4e;4e;4e;4e;4e;4e;4e;4e;4e;4e;4e;4e;4e;4e;4e;4e;4e;4e;4e,14,49,orbit14_fp1,wyckoff_orbit,14,4e,3,1,True,torus_fractional_coordinate,4e;4e;4e;4e;4e;4e;4e;4e;4e;4e;4e;4e;4e;4e;4e;4e;4e;4e;4e
SG14|4e;4e;4e;4e;4e;4e;4e;4e;4e;4e;4e;4e;4e;4e;4e;4e;4e;4e;4e,14,50,orbit14_fp2,wyckoff_orbit,14,4e,3,2,True,torus_fractional_coordinate,4e;4e;4e;4e;4e;4e;4e;4e;4e;4e;4e;4e;4e;4e;4e;4e;4e;4e;4e
SG14|4e;4e;4e;4e;4e;4e;4e;4e;4e;4e;4e;4e;4e;4e;4e;4e;4e;4e;4e,14,51,orbit15_fp0,wyckoff_orbit,15,4e,3,0,True,torus_fractional_coordinate,4e;4e;4e;4e;4e;4e;4e;4e;4e;4e;4e;4e;4e;4e;4e;4e;4e;4e;4e
SG14|4e;4e;4e;4e;4e;4e;4e;4e;4e;4e;4e;4e;4e;4e;4e;4e;4e;4e;4e,14,52,orbit15_fp1,wyckoff_orbit,15,4e,3,1,True,torus_fractional_coordinate,4e;4e;4e;4e;4e;4e;4e;4e;4e;4e;4e;4e;4e;4e;4e;4e;4e;4e;4e
SG14|4e;4e;4e;4e;4e;4e;4e;4e;4e;4e;4e;4e;4e;4e;4e;4e;4e;4e;4e,14,53,orbit15_fp2,wyckoff_orbit,15,4e,3,2,True,torus_fractional_coordinate,4e;4e;4e;4e;4e;4e;4e;4e;4e;4e;4e;4e;4e;4e;4e;4e;4e;4e;4e
SG14|4e;4e;4e;4e;4e;4e;4e;4e;4e;4e;4e;4e;4e;4e;4e;4e;4e;4e;4e,14,54,orbit16_fp0,wyckoff_orbit,16,4e,3,0,True,torus_fractional_coordinate,4e;4e;4e;4e;4e;4e;4e;4e;4e;4e;4e;4e;4e;4e;4e;4e;4e;4e;4e
SG14|4e;4e;4e;4e;4e;4e;4e;4e;4e;4e;4e;4e;4e;4e;4e;4e;4e;4e;4e,14,55,orbit16_fp1,wyckoff_orbit,16,4e,3,1,True,torus_fractional_coordinate,4e;4e;4e;4e;4e;4e;4e;4e;4e;4e;4e;4e;4e;4e;4e;4e;4e;4e;4e
SG14|4e;4e;4e;4e;4e;4e;4e;4e;4e;4e;4e;4e;4e;4e;4e;4e;4e;4e;4e,14,56,orbit16_fp2,wyckoff_orbit,16,4e,3,2,True,torus_fractional_coordinate,4e;4e;4e;4e;4e;4e;4e;4e;4e;4e;4e;4e;4e;4e;4e;4e;4e;4e;4e
SG14|4e;4e;4e;4e;4e;4e;4e;4e;4e;4e;4e;4e;4e;4e;4e;4e;4e;4e;4e,14,57,orbit17_fp0,wyckoff_orbit,17,4e,3,0,True,torus_fractional_coordinate,4e;4e;4e;4e;4e;4e;4e;4e;4e;4e;4e;4e;4e;4e;4e;4e;4e;4e;4e
SG14|4e;4e;4e;4e;4e;4e;4e;4e;4e;4e;4e;4e;4e;4e;4e;4e;4e;4e;4e,14,58,orbit17_fp1,wyckoff_orbit,17,4e,3,1,True,torus_fractional_coordinate,4e;4e;4e;4e;4e;4e;4e;4e;4e;4e;4e;4e;4e;4e;4e;4e;4e;4e;4e
SG14|4e;4e;4e;4e;4e;4e;4e;4e;4e;4e;4e;4e;4e;4e;4e;4e;4e;4e;4e,14,59,orbit17_fp2,wyckoff_orbit,17,4e,3,2,True,torus_fractional_coordinate,4e;4e;4e;4e;4e;4e;4e;4e;4e;4e;4e;4e;4e;4e;4e;4e;4e;4e;4e
SG14|4e;4e;4e;4e;4e;4e;4e;4e;4e;4e;4e;4e;4e;4e;4e;4e;4e;4e;4e,14,60,orbit18_fp0,wyckoff_orbit,18,4e,3,0,True,torus_fractional_coordinate,4e;4e;4e;4e;4e;4e;4e;4e;4e;4e;4e;4e;4e;4e;4e;4e;4e;4e;4e
SG14|4e;4e;4e;4e;4e;4e;4e;4e;4e;4e;4e;4e;4e;4e;4e;4e;4e;4e;4e,14,61,orbit18_fp1,wyckoff_orbit,18,4e,3,1,True,torus_fractional_coordinate,4e;4e;4e;4e;4e;4e;4e;4e;4e;4e;4e;4e;4e;4e;4e;4e;4e;4e;4e
SG14|4e;4e;4e;4e;4e;4e;4e;4e;4e;4e;4e;4e;4e;4e;4e;4e;4e;4e;4e,14,62,orbit18_fp2,wyckoff_orbit,18,4e,3,2,True,torus_fractional_coordinate,4e;4e;4e;4e;4e;4e;4e;4e;4e;4e;4e;4e;4e;4e;4e;4e;4e;4e;4e
SG14|4e;4e;4e;4e;4e;4e;4e;4e;4e;4e;4e;4e;4e;4e;4e;4e;4e;4e,14,0,lattice_a,lattice,-1,,0,-1,False,positive_length,4e;4e;4e;4e;4e;4e;4e;4e;4e;4e;4e;4e;4e;4e;4e;4e;4e;4e
SG14|4e;4e;4e;4e;4e;4e;4e;4e;4e;4e;4e;4e;4e;4e;4e;4e;4e;4e,14,1,lattice_b,lattice,-1,,0,-1,False,positive_length,4e;4e;4e;4e;4e;4e;4e;4e;4e;4e;4e;4e;4e;4e;4e;4e;4e;4e
SG14|4e;4e;4e;4e;4e;4e;4e;4e;4e;4e;4e;4e;4e;4e;4e;4e;4e;4e,14,2,lattice_c,lattice,-1,,0,-1,False,positive_length,4e;4e;4e;4e;4e;4e;4e;4e;4e;4e;4e;4e;4e;4e;4e;4e;4e;4e
SG14|4e;4e;4e;4e;4e;4e;4e;4e;4e;4e;4e;4e;4e;4e;4e;4e;4e;4e,14,3,alpha,lattice,-1,,0,-1,False,angle_degree,4e;4e;4e;4e;4e;4e;4e;4e;4e;4e;4e;4e;4e;4e;4e;4e;4e;4e
SG14|4e;4e;4e;4e;4e;4e;4e;4e;4e;4e;4e;4e;4e;4e;4e;4e;4e;4e,14,4,beta,lattice,-1,,0,-1,False,angle_degree,4e;4e;4e;4e;4e;4e;4e;4e;4e;4e;4e;4e;4e;4e;4e;4e;4e;4e
SG14|4e;4e;4e;4e;4e;4e;4e;4e;4e;4e;4e;4e;4e;4e;4e;4e;4e;4e,14,5,gamma,lattice,-1,,0,-1,False,angle_degree,4e;4e;4e;4e;4e;4e;4e;4e;4e;4e;4e;4e;4e;4e;4e;4e;4e;4e
SG14|4e;4e;4e;4e;4e;4e;4e;4e;4e;4e;4e;4e;4e;4e;4e;4e;4e;4e,14,6,orbit0_fp0,wyckoff_orbit,0,4e,3,0,True,torus_fractional_coordinate,4e;4e;4e;4e;4e;4e;4e;4e;4e;4e;4e;4e;4e;4e;4e;4e;4e;4e
SG14|4e;4e;4e;4e;4e;4e;4e;4e;4e;4e;4e;4e;4e;4e;4e;4e;4e;4e,14,7,orbit0_fp1,wyckoff_orbit,0,4e,3,1,True,torus_fractional_coordinate,4e;4e;4e;4e;4e;4e;4e;4e;4e;4e;4e;4e;4e;4e;4e;4e;4e;4e
SG14|4e;4e;4e;4e;4e;4e;4e;4e;4e;4e;4e;4e;4e;4e;4e;4e;4e;4e,14,8,orbit0_fp2,wyckoff_orbit,0,4e,3,2,True,torus_fractional_coordinate,4e;4e;4e;4e;4e;4e;4e;4e;4e;4e;4e;4e;4e;4e;4e;4e;4e;4e
SG14|4e;4e;4e;4e;4e;4e;4e;4e;4e;4e;4e;4e;4e;4e;4e;4e;4e;4e,14,9,orbit1_fp0,wyckoff_orbit,1,4e,3,0,True,torus_fractional_coordinate,4e;4e;4e;4e;4e;4e;4e;4e;4e;4e;4e;4e;4e;4e;4e;4e;4e;4e
SG14|4e;4e;4e;4e;4e;4e;4e;4e;4e;4e;4e;4e;4e;4e;4e;4e;4e;4e,14,10,orbit1_fp1,wyckoff_orbit,1,4e,3,1,True,torus_fractional_coordinate,4e;4e;4e;4e;4e;4e;4e;4e;4e;4e;4e;4e;4e;4e;4e;4e;4e;4e
SG14|4e;4e;4e;4e;4e;4e;4e;4e;4e;4e;4e;4e;4e;4e;4e;4e;4e;4e,14,11,orbit1_fp2,wyckoff_orbit,1,4e,3,2,True,torus_fractional_coordinate,4e;4e;4e;4e;4e;4e;4e;4e;4e;4e;4e;4e;4e;4e;4e;4e;4e;4e
SG14|4e;4e;4e;4e;4e;4e;4e;4e;4e;4e;4e;4e;4e;4e;4e;4e;4e;4e,14,12,orbit2_fp0,wyckoff_orbit,2,4e,3,0,True,torus_fractional_coordinate,4e;4e;4e;4e;4e;4e;4e;4e;4e;4e;4e;4e;4e;4e;4e;4e;4e;4e
SG14|4e;4e;4e;4e;4e;4e;4e;4e;4e;4e;4e;4e;4e;4e;4e;4e;4e;4e,14,13,orbit2_fp1,wyckoff_orbit,2,4e,3,1,True,torus_fractional_coordinate,4e;4e;4e;4e;4e;4e;4e;4e;4e;4e;4e;4e;4e;4e;4e;4e;4e;4e
SG14|4e;4e;4e;4e;4e;4e;4e;4e;4e;4e;4e;4e;4e;4e;4e;4e;4e;4e,14,14,orbit2_fp2,wyckoff_orbit,2,4e,3,2,True,torus_fractional_coordinate,4e;4e;4e;4e;4e;4e;4e;4e;4e;4e;4e;4e;4e;4e;4e;4e;4e;4e
SG14|4e;4e;4e;4e;4e;4e;4e;4e;4e;4e;4e;4e;4e;4e;4e;4e;4e;4e,14,15,orbit3_fp0,wyckoff_orbit,3,4e,3,0,True,torus_fractional_coordinate,4e;4e;4e;4e;4e;4e;4e;4e;4e;4e;4e;4e;4e;4e;4e;4e;4e;4e
SG14|4e;4e;4e;4e;4e;4e;4e;4e;4e;4e;4e;4e;4e;4e;4e;4e;4e;4e,14,16,orbit3_fp1,wyckoff_orbit,3,4e,3,1,True,torus_fractional_coordinate,4e;4e;4e;4e;4e;4e;4e;4e;4e;4e;4e;4e;4e;4e;4e;4e;4e;4e
SG14|4e;4e;4e;4e;4e;4e;4e;4e;4e;4e;4e;4e;4e;4e;4e;4e;4e;4e,14,17,orbit3_fp2,wyckoff_orbit,3,4e,3,2,True,torus_fractional_coordinate,4e;4e;4e;4e;4e;4e;4e;4e;4e;4e;4e;4e;4e;4e;4e;4e;4e;4e
SG14|4e;4e;4e;4e;4e;4e;4e;4e;4e;4e;4e;4e;4e;4e;4e;4e;4e;4e,14,18,orbit4_fp0,wyckoff_orbit,4,4e,3,0,True,torus_fractional_coordinate,4e;4e;4e;4e;4e;4e;4e;4e;4e;4e;4e;4e;4e;4e;4e;4e;4e;4e
SG14|4e;4e;4e;4e;4e;4e;4e;4e;4e;4e;4e;4e;4e;4e;4e;4e;4e;4e,14,19,orbit4_fp1,wyckoff_orbit,4,4e,3,1,True,torus_fractional_coordinate,4e;4e;4e;4e;4e;4e;4e;4e;4e;4e;4e;4e;4e;4e;4e;4e;4e;4e
SG14|4e;4e;4e;4e;4e;4e;4e;4e;4e;4e;4e;4e;4e;4e;4e;4e;4e;4e,14,20,orbit4_fp2,wyckoff_orbit,4,4e,3,2,True,torus_fractional_coordinate,4e;4e;4e;4e;4e;4e;4e;4e;4e;4e;4e;4e;4e;4e;4e;4e;4e;4e
SG14|4e;4e;4e;4e;4e;4e;4e;4e;4e;4e;4e;4e;4e;4e;4e;4e;4e;4e,14,21,orbit5_fp0,wyckoff_orbit,5,4e,3,0,True,torus_fractional_coordinate,4e;4e;4e;4e;4e;4e;4e;4e;4e;4e;4e;4e;4e;4e;4e;4e;4e;4e
SG14|4e;4e;4e;4e;4e;4e;4e;4e;4e;4e;4e;4e;4e;4e;4e;4e;4e;4e,14,22,orbit5_fp1,wyckoff_orbit,5,4e,3,1,True,torus_fractional_coordinate,4e;4e;4e;4e;4e;4e;4e;4e;4e;4e;4e;4e;4e;4e;4e;4e;4e;4e
SG14|4e;4e;4e;4e;4e;4e;4e;4e;4e;4e;4e;4e;4e;4e;4e;4e;4e;4e,14,23,orbit5_fp2,wyckoff_orbit,5,4e,3,2,True,torus_fractional_coordinate,4e;4e;4e;4e;4e;4e;4e;4e;4e;4e;4e;4e;4e;4e;4e;4e;4e;4e
SG14|4e;4e;4e;4e;4e;4e;4e;4e;4e;4e;4e;4e;4e;4e;4e;4e;4e;4e,14,24,orbit6_fp0,wyckoff_orbit,6,4e,3,0,True,torus_fractional_coordinate,4e;4e;4e;4e;4e;4e;4e;4e;4e;4e;4e;4e;4e;4e;4e;4e;4e;4e
SG14|4e;4e;4e;4e;4e;4e;4e;4e;4e;4e;4e;4e;4e;4e;4e;4e;4e;4e,14,25,orbit6_fp1,wyckoff_orbit,6,4e,3,1,True,torus_fractional_coordinate,4e;4e;4e;4e;4e;4e;4e;4e;4e;4e;4e;4e;4e;4e;4e;4e;4e;4e
SG14|4e;4e;4e;4e;4e;4e;4e;4e;4e;4e;4e;4e;4e;4e;4e;4e;4e;4e,14,26,orbit6_fp2,wyckoff_orbit,6,4e,3,2,True,torus_fractional_coordinate,4e;4e;4e;4e;4e;4e;4e;4e;4e;4e;4e;4e;4e;4e;4e;4e;4e;4e
SG14|4e;4e;4e;4e;4e;4e;4e;4e;4e;4e;4e;4e;4e;4e;4e;4e;4e;4e,14,27,orbit7_fp0,wyckoff_orbit,7,4e,3,0,True,torus_fractional_coordinate,4e;4e;4e;4e;4e;4e;4e;4e;4e;4e;4e;4e;4e;4e;4e;4e;4e;4e
SG14|4e;4e;4e;4e;4e;4e;4e;4e;4e;4e;4e;4e;4e;4e;4e;4e;4e;4e,14,28,orbit7_fp1,wyckoff_orbit,7,4e,3,1,True,torus_fractional_coordinate,4e;4e;4e;4e;4e;4e;4e;4e;4e;4e;4e;4e;4e;4e;4e;4e;4e;4e
SG14|4e;4e;4e;4e;4e;4e;4e;4e;4e;4e;4e;4e;4e;4e;4e;4e;4e;4e,14,29,orbit7_fp2,wyckoff_orbit,7,4e,3,2,True,torus_fractional_coordinate,4e;4e;4e;4e;4e;4e;4e;4e;4e;4e;4e;4e;4e;4e;4e;4e;4e;4e
SG14|4e;4e;4e;4e;4e;4e;4e;4e;4e;4e;4e;4e;4e;4e;4e;4e;4e;4e,14,30,orbit8_fp0,wyckoff_orbit,8,4e,3,0,True,torus_fractional_coordinate,4e;4e;4e;4e;4e;4e;4e;4e;4e;4e;4e;4e;4e;4e;4e;4e;4e;4e
SG14|4e;4e;4e;4e;4e;4e;4e;4e;4e;4e;4e;4e;4e;4e;4e;4e;4e;4e,14,31,orbit8_fp1,wyckoff_orbit,8,4e,3,1,True,torus_fractional_coordinate,4e;4e;4e;4e;4e;4e;4e;4e;4e;4e;4e;4e;4e;4e;4e;4e;4e;4e
SG14|4e;4e;4e;4e;4e;4e;4e;4e;4e;4e;4e;4e;4e;4e;4e;4e;4e;4e,14,32,orbit8_fp2,wyckoff_orbit,8,4e,3,2,True,torus_fractional_coordinate,4e;4e;4e;4e;4e;4e;4e;4e;4e;4e;4e;4e;4e;4e;4e;4e;4e;4e
SG14|4e;4e;4e;4e;4e;4e;4e;4e;4e;4e;4e;4e;4e;4e;4e;4e;4e;4e,14,33,orbit9_fp0,wyckoff_orbit,9,4e,3,0,True,torus_fractional_coordinate,4e;4e;4e;4e;4e;4e;4e;4e;4e;4e;4e;4e;4e;4e;4e;4e;4e;4e
SG14|4e;4e;4e;4e;4e;4e;4e;4e;4e;4e;4e;4e;4e;4e;4e;4e;4e;4e,14,34,orbit9_fp1,wyckoff_orbit,9,4e,3,1,True,torus_fractional_coordinate,4e;4e;4e;4e;4e;4e;4e;4e;4e;4e;4e;4e;4e;4e;4e;4e;4e;4e
SG14|4e;4e;4e;4e;4e;4e;4e;4e;4e;4e;4e;4e;4e;4e;4e;4e;4e;4e,14,35,orbit9_fp2,wyckoff_orbit,9,4e,3,2,True,torus_fractional_coordinate,4e;4e;4e;4e;4e;4e;4e;4e;4e;4e;4e;4e;4e;4e;4e;4e;4e;4e
SG14|4e;4e;4e;4e;4e;4e;4e;4e;4e;4e;4e;4e;4e;4e;4e;4e;4e;4e,14,36,orbit10_fp0,wyckoff_orbit,10,4e,3,0,True,torus_fractional_coordinate,4e;4e;4e;4e;4e;4e;4e;4e;4e;4e;4e;4e;4e;4e;4e;4e;4e;4e
SG14|4e;4e;4e;4e;4e;4e;4e;4e;4e;4e;4e;4e;4e;4e;4e;4e;4e;4e,14,37,orbit10_fp1,wyckoff_orbit,10,4e,3,1,True,torus_fractional_coordinate,4e;4e;4e;4e;4e;4e;4e;4e;4e;4e;4e;4e;4e;4e;4e;4e;4e;4e
SG14|4e;4e;4e;4e;4e;4e;4e;4e;4e;4e;4e;4e;4e;4e;4e;4e;4e;4e,14,38,orbit10_fp2,wyckoff_orbit,10,4e,3,2,True,torus_fractional_coordinate,4e;4e;4e;4e;4e;4e;4e;4e;4e;4e;4e;4e;4e;4e;4e;4e;4e;4e
SG14|4e;4e;4e;4e;4e;4e;4e;4e;4e;4e;4e;4e;4e;4e;4e;4e;4e;4e,14,39,orbit11_fp0,wyckoff_orbit,11,4e,3,0,True,torus_fractional_coordinate,4e;4e;4e;4e;4e;4e;4e;4e;4e;4e;4e;4e;4e;4e;4e;4e;4e;4e
SG14|4e;4e;4e;4e;4e;4e;4e;4e;4e;4e;4e;4e;4e;4e;4e;4e;4e;4e,14,40,orbit11_fp1,wyckoff_orbit,11,4e,3,1,True,torus_fractional_coordinate,4e;4e;4e;4e;4e;4e;4e;4e;4e;4e;4e;4e;4e;4e;4e;4e;4e;4e
SG14|4e;4e;4e;4e;4e;4e;4e;4e;4e;4e;4e;4e;4e;4e;4e;4e;4e;4e,14,41,orbit11_fp2,wyckoff_orbit,11,4e,3,2,True,torus_fractional_coordinate,4e;4e;4e;4e;4e;4e;4e;4e;4e;4e;4e;4e;4e;4e;4e;4e;4e;4e
SG14|4e;4e;4e;4e;4e;4e;4e;4e;4e;4e;4e;4e;4e;4e;4e;4e;4e;4e,14,42,orbit12_fp0,wyckoff_orbit,12,4e,3,0,True,torus_fractional_coordinate,4e;4e;4e;4e;4e;4e;4e;4e;4e;4e;4e;4e;4e;4e;4e;4e;4e;4e
SG14|4e;4e;4e;4e;4e;4e;4e;4e;4e;4e;4e;4e;4e;4e;4e;4e;4e;4e,14,43,orbit12_fp1,wyckoff_orbit,12,4e,3,1,True,torus_fractional_coordinate,4e;4e;4e;4e;4e;4e;4e;4e;4e;4e;4e;4e;4e;4e;4e;4e;4e;4e
SG14|4e;4e;4e;4e;4e;4e;4e;4e;4e;4e;4e;4e;4e;4e;4e;4e;4e;4e,14,44,orbit12_fp2,wyckoff_orbit,12,4e,3,2,True,torus_fractional_coordinate,4e;4e;4e;4e;4e;4e;4e;4e;4e;4e;4e;4e;4e;4e;4e;4e;4e;4e
SG14|4e;4e;4e;4e;4e;4e;4e;4e;4e;4e;4e;4e;4e;4e;4e;4e;4e;4e,14,45,orbit13_fp0,wyckoff_orbit,13,4e,3,0,True,torus_fractional_coordinate,4e;4e;4e;4e;4e;4e;4e;4e;4e;4e;4e;4e;4e;4e;4e;4e;4e;4e
SG14|4e;4e;4e;4e;4e;4e;4e;4e;4e;4e;4e;4e;4e;4e;4e;4e;4e;4e,14,46,orbit13_fp1,wyckoff_orbit,13,4e,3,1,True,torus_fractional_coordinate,4e;4e;4e;4e;4e;4e;4e;4e;4e;4e;4e;4e;4e;4e;4e;4e;4e;4e
SG14|4e;4e;4e;4e;4e;4e;4e;4e;4e;4e;4e;4e;4e;4e;4e;4e;4e;4e,14,47,orbit13_fp2,wyckoff_orbit,13,4e,3,2,True,torus_fractional_coordinate,4e;4e;4e;4e;4e;4e;4e;4e;4e;4e;4e;4e;4e;4e;4e;4e;4e;4e
SG14|4e;4e;4e;4e;4e;4e;4e;4e;4e;4e;4e;4e;4e;4e;4e;4e;4e;4e,14,48,orbit14_fp0,wyckoff_orbit,14,4e,3,0,True,torus_fractional_coordinate,4e;4e;4e;4e;4e;4e;4e;4e;4e;4e;4e;4e;4e;4e;4e;4e;4e;4e
SG14|4e;4e;4e;4e;4e;4e;4e;4e;4e;4e;4e;4e;4e;4e;4e;4e;4e;4e,14,49,orbit14_fp1,wyckoff_orbit,14,4e,3,1,True,torus_fractional_coordinate,4e;4e;4e;4e;4e;4e;4e;4e;4e;4e;4e;4e;4e;4e;4e;4e;4e;4e
SG14|4e;4e;4e;4e;4e;4e;4e;4e;4e;4e;4e;4e;4e;4e;4e;4e;4e;4e,14,50,orbit14_fp2,wyckoff_orbit,14,4e,3,2,True,torus_fractional_coordinate,4e;4e;4e;4e;4e;4e;4e;4e;4e;4e;4e;4e;4e;4e;4e;4e;4e;4e
SG14|4e;4e;4e;4e;4e;4e;4e;4e;4e;4e;4e;4e;4e;4e;4e;4e;4e;4e,14,51,orbit15_fp0,wyckoff_orbit,15,4e,3,0,True,torus_fractional_coordinate,4e;4e;4e;4e;4e;4e;4e;4e;4e;4e;4e;4e;4e;4e;4e;4e;4e;4e
SG14|4e;4e;4e;4e;4e;4e;4e;4e;4e;4e;4e;4e;4e;4e;4e;4e;4e;4e,14,52,orbit15_fp1,wyckoff_orbit,15,4e,3,1,True,torus_fractional_coordinate,4e;4e;4e;4e;4e;4e;4e;4e;4e;4e;4e;4e;4e;4e;4e;4e;4e;4e
SG14|4e;4e;4e;4e;4e;4e;4e;4e;4e;4e;4e;4e;4e;4e;4e;4e;4e;4e,14,53,orbit15_fp2,wyckoff_orbit,15,4e,3,2,True,torus_fractional_coordinate,4e;4e;4e;4e;4e;4e;4e;4e;4e;4e;4e;4e;4e;4e;4e;4e;4e;4e
SG14|4e;4e;4e;4e;4e;4e;4e;4e;4e;4e;4e;4e;4e;4e;4e;4e;4e;4e,14,54,orbit16_fp0,wyckoff_orbit,16,4e,3,0,True,torus_fractional_coordinate,4e;4e;4e;4e;4e;4e;4e;4e;4e;4e;4e;4e;4e;4e;4e;4e;4e;4e
SG14|4e;4e;4e;4e;4e;4e;4e;4e;4e;4e;4e;4e;4e;4e;4e;4e;4e;4e,14,55,orbit16_fp1,wyckoff_orbit,16,4e,3,1,True,torus_fractional_coordinate,4e;4e;4e;4e;4e;4e;4e;4e;4e;4e;4e;4e;4e;4e;4e;4e;4e;4e
SG14|4e;4e;4e;4e;4e;4e;4e;4e;4e;4e;4e;4e;4e;4e;4e;4e;4e;4e,14,56,orbit16_fp2,wyckoff_orbit,16,4e,3,2,True,torus_fractional_coordinate,4e;4e;4e;4e;4e;4e;4e;4e;4e;4e;4e;4e;4e;4e;4e;4e;4e;4e
SG14|4e;4e;4e;4e;4e;4e;4e;4e;4e;4e;4e;4e;4e;4e;4e;4e;4e;4e,14,57,orbit17_fp0,wyckoff_orbit,17,4e,3,0,True,torus_fractional_coordinate,4e;4e;4e;4e;4e;4e;4e;4e;4e;4e;4e;4e;4e;4e;4e;4e;4e;4e
SG14|4e;4e;4e;4e;4e;4e;4e;4e;4e;4e;4e;4e;4e;4e;4e;4e;4e;4e,14,58,orbit17_fp1,wyckoff_orbit,17,4e,3,1,True,torus_fractional_coordinate,4e;4e;4e;4e;4e;4e;4e;4e;4e;4e;4e;4e;4e;4e;4e;4e;4e;4e
SG14|4e;4e;4e;4e;4e;4e;4e;4e;4e;4e;4e;4e;4e;4e;4e;4e;4e;4e,14,59,orbit17_fp2,wyckoff_orbit,17,4e,3,2,True,torus_fractional_coordinate,4e;4e;4e;4e;4e;4e;4e;4e;4e;4e;4e;4e;4e;4e;4e;4e;4e;4e
SG14|4e;4e;4e;4e;4e;4e;4e;4e;4e;4e;4e;4e;4e;4e;4e;4e;4e,14,0,lattice_a,lattice,-1,,0,-1,False,positive_length,4e;4e;4e;4e;4e;4e;4e;4e;4e;4e;4e;4e;4e;4e;4e;4e;4e
SG14|4e;4e;4e;4e;4e;4e;4e;4e;4e;4e;4e;4e;4e;4e;4e;4e;4e,14,1,lattice_b,lattice,-1,,0,-1,False,positive_length,4e;4e;4e;4e;4e;4e;4e;4e;4e;4e;4e;4e;4e;4e;4e;4e;4e
SG14|4e;4e;4e;4e;4e;4e;4e;4e;4e;4e;4e;4e;4e;4e;4e;4e;4e,14,2,lattice_c,lattice,-1,,0,-1,False,positive_length,4e;4e;4e;4e;4e;4e;4e;4e;4e;4e;4e;4e;4e;4e;4e;4e;4e
SG14|4e;4e;4e;4e;4e;4e;4e;4e;4e;4e;4e;4e;4e;4e;4e;4e;4e,14,3,alpha,lattice,-1,,0,-1,False,angle_degree,4e;4e;4e;4e;4e;4e;4e;4e;4e;4e;4e;4e;4e;4e;4e;4e;4e
SG14|4e;4e;4e;4e;4e;4e;4e;4e;4e;4e;4e;4e;4e;4e;4e;4e;4e,14,4,beta,lattice,-1,,0,-1,False,angle_degree,4e;4e;4e;4e;4e;4e;4e;4e;4e;4e;4e;4e;4e;4e;4e;4e;4e
SG14|4e;4e;4e;4e;4e;4e;4e;4e;4e;4e;4e;4e;4e;4e;4e;4e;4e,14,5,gamma,lattice,-1,,0,-1,False,angle_degree,4e;4e;4e;4e;4e;4e;4e;4e;4e;4e;4e;4e;4e;4e;4e;4e;4e
SG14|4e;4e;4e;4e;4e;4e;4e;4e;4e;4e;4e;4e;4e;4e;4e;4e;4e,14,6,orbit0_fp0,wyckoff_orbit,0,4e,3,0,True,torus_fractional_coordinate,4e;4e;4e;4e;4e;4e;4e;4e;4e;4e;4e;4e;4e;4e;4e;4e;4e
SG14|4e;4e;4e;4e;4e;4e;4e;4e;4e;4e;4e;4e;4e;4e;4e;4e;4e,14,7,orbit0_fp1,wyckoff_orbit,0,4e,3,1,True,torus_fractional_coordinate,4e;4e;4e;4e;4e;4e;4e;4e;4e;4e;4e;4e;4e;4e;4e;4e;4e
SG14|4e;4e;4e;4e;4e;4e;4e;4e;4e;4e;4e;4e;4e;4e;4e;4e;4e,14,8,orbit0_fp2,wyckoff_orbit,0,4e,3,2,True,torus_fractional_coordinate,4e;4e;4e;4e;4e;4e;4e;4e;4e;4e;4e;4e;4e;4e;4e;4e;4e
SG14|4e;4e;4e;4e;4e;4e;4e;4e;4e;4e;4e;4e;4e;4e;4e;4e;4e,14,9,orbit1_fp0,wyckoff_orbit,1,4e,3,0,True,torus_fractional_coordinate,4e;4e;4e;4e;4e;4e;4e;4e;4e;4e;4e;4e;4e;4e;4e;4e;4e
SG14|4e;4e;4e;4e;4e;4e;4e;4e;4e;4e;4e;4e;4e;4e;4e;4e;4e,14,10,orbit1_fp1,wyckoff_orbit,1,4e,3,1,True,torus_fractional_coordinate,4e;4e;4e;4e;4e;4e;4e;4e;4e;4e;4e;4e;4e;4e;4e;4e;4e
SG14|4e;4e;4e;4e;4e;4e;4e;4e;4e;4e;4e;4e;4e;4e;4e;4e;4e,14,11,orbit1_fp2,wyckoff_orbit,1,4e,3,2,True,torus_fractional_coordinate,4e;4e;4e;4e;4e;4e;4e;4e;4e;4e;4e;4e;4e;4e;4e;4e;4e
SG14|4e;4e;4e;4e;4e;4e;4e;4e;4e;4e;4e;4e;4e;4e;4e;4e;4e,14,12,orbit2_fp0,wyckoff_orbit,2,4e,3,0,True,torus_fractional_coordinate,4e;4e;4e;4e;4e;4e;4e;4e;4e;4e;4e;4e;4e;4e;4e;4e;4e
SG14|4e;4e;4e;4e;4e;4e;4e;4e;4e;4e;4e;4e;4e;4e;4e;4e;4e,14,13,orbit2_fp1,wyckoff_orbit,2,4e,3,1,True,torus_fractional_coordinate,4e;4e;4e;4e;4e;4e;4e;4e;4e;4e;4e;4e;4e;4e;4e;4e;4e
SG14|4e;4e;4e;4e;4e;4e;4e;4e;4e;4e;4e;4e;4e;4e;4e;4e;4e,14,14,orbit2_fp2,wyckoff_orbit,2,4e,3,2,True,torus_fractional_coordinate,4e;4e;4e;4e;4e;4e;4e;4e;4e;4e;4e;4e;4e;4e;4e;4e;4e
SG14|4e;4e;4e;4e;4e;4e;4e;4e;4e;4e;4e;4e;4e;4e;4e;4e;4e,14,15,orbit3_fp0,wyckoff_orbit,3,4e,3,0,True,torus_fractional_coordinate,4e;4e;4e;4e;4e;4e;4e;4e;4e;4e;4e;4e;4e;4e;4e;4e;4e
SG14|4e;4e;4e;4e;4e;4e;4e;4e;4e;4e;4e;4e;4e;4e;4e;4e;4e,14,16,orbit3_fp1,wyckoff_orbit,3,4e,3,1,True,torus_fractional_coordinate,4e;4e;4e;4e;4e;4e;4e;4e;4e;4e;4e;4e;4e;4e;4e;4e;4e
SG14|4e;4e;4e;4e;4e;4e;4e;4e;4e;4e;4e;4e;4e;4e;4e;4e;4e,14,17,orbit3_fp2,wyckoff_orbit,3,4e,3,2,True,torus_fractional_coordinate,4e;4e;4e;4e;4e;4e;4e;4e;4e;4e;4e;4e;4e;4e;4e;4e;4e
SG14|4e;4e;4e;4e;4e;4e;4e;4e;4e;4e;4e;4e;4e;4e;4e;4e;4e,14,18,orbit4_fp0,wyckoff_orbit,4,4e,3,0,True,torus_fractional_coordinate,4e;4e;4e;4e;4e;4e;4e;4e;4e;4e;4e;4e;4e;4e;4e;4e;4e
SG14|4e;4e;4e;4e;4e;4e;4e;4e;4e;4e;4e;4e;4e;4e;4e;4e;4e,14,19,orbit4_fp1,wyckoff_orbit,4,4e,3,1,True,torus_fractional_coordinate,4e;4e;4e;4e;4e;4e;4e;4e;4e;4e;4e;4e;4e;4e;4e;4e;4e
SG14|4e;4e;4e;4e;4e;4e;4e;4e;4e;4e;4e;4e;4e;4e;4e;4e;4e,14,20,orbit4_fp2,wyckoff_orbit,4,4e,3,2,True,torus_fractional_coordinate,4e;4e;4e;4e;4e;4e;4e;4e;4e;4e;4e;4e;4e;4e;4e;4e;4e
SG14|4e;4e;4e;4e;4e;4e;4e;4e;4e;4e;4e;4e;4e;4e;4e;4e;4e,14,21,orbit5_fp0,wyckoff_orbit,5,4e,3,0,True,torus_fractional_coordinate,4e;4e;4e;4e;4e;4e;4e;4e;4e;4e;4e;4e;4e;4e;4e;4e;4e
SG14|4e;4e;4e;4e;4e;4e;4e;4e;4e;4e;4e;4e;4e;4e;4e;4e;4e,14,22,orbit5_fp1,wyckoff_orbit,5,4e,3,1,True,torus_fractional_coordinate,4e;4e;4e;4e;4e;4e;4e;4e;4e;4e;4e;4e;4e;4e;4e;4e;4e
SG14|4e;4e;4e;4e;4e;4e;4e;4e;4e;4e;4e;4e;4e;4e;4e;4e;4e,14,23,orbit5_fp2,wyckoff_orbit,5,4e,3,2,True,torus_fractional_coordinate,4e;4e;4e;4e;4e;4e;4e;4e;4e;4e;4e;4e;4e;4e;4e;4e;4e
SG14|4e;4e;4e;4e;4e;4e;4e;4e;4e;4e;4e;4e;4e;4e;4e;4e;4e,14,24,orbit6_fp0,wyckoff_orbit,6,4e,3,0,True,torus_fractional_coordinate,4e;4e;4e;4e;4e;4e;4e;4e;4e;4e;4e;4e;4e;4e;4e;4e;4e
SG14|4e;4e;4e;4e;4e;4e;4e;4e;4e;4e;4e;4e;4e;4e;4e;4e;4e,14,25,orbit6_fp1,wyckoff_orbit,6,4e,3,1,True,torus_fractional_coordinate,4e;4e;4e;4e;4e;4e;4e;4e;4e;4e;4e;4e;4e;4e;4e;4e;4e
SG14|4e;4e;4e;4e;4e;4e;4e;4e;4e;4e;4e;4e;4e;4e;4e;4e;4e,14,26,orbit6_fp2,wyckoff_orbit,6,4e,3,2,True,torus_fractional_coordinate,4e;4e;4e;4e;4e;4e;4e;4e;4e;4e;4e;4e;4e;4e;4e;4e;4e
SG14|4e;4e;4e;4e;4e;4e;4e;4e;4e;4e;4e;4e;4e;4e;4e;4e;4e,14,27,orbit7_fp0,wyckoff_orbit,7,4e,3,0,True,torus_fractional_coordinate,4e;4e;4e;4e;4e;4e;4e;4e;4e;4e;4e;4e;4e;4e;4e;4e;4e
SG14|4e;4e;4e;4e;4e;4e;4e;4e;4e;4e;4e;4e;4e;4e;4e;4e;4e,14,28,orbit7_fp1,wyckoff_orbit,7,4e,3,1,True,torus_fractional_coordinate,4e;4e;4e;4e;4e;4e;4e;4e;4e;4e;4e;4e;4e;4e;4e;4e;4e
SG14|4e;4e;4e;4e;4e;4e;4e;4e;4e;4e;4e;4e;4e;4e;4e;4e;4e,14,29,orbit7_fp2,wyckoff_orbit,7,4e,3,2,True,torus_fractional_coordinate,4e;4e;4e;4e;4e;4e;4e;4e;4e;4e;4e;4e;4e;4e;4e;4e;4e
SG14|4e;4e;4e;4e;4e;4e;4e;4e;4e;4e;4e;4e;4e;4e;4e;4e;4e,14,30,orbit8_fp0,wyckoff_orbit,8,4e,3,0,True,torus_fractional_coordinate,4e;4e;4e;4e;4e;4e;4e;4e;4e;4e;4e;4e;4e;4e;4e;4e;4e
SG14|4e;4e;4e;4e;4e;4e;4e;4e;4e;4e;4e;4e;4e;4e;4e;4e;4e,14,31,orbit8_fp1,wyckoff_orbit,8,4e,3,1,True,torus_fractional_coordinate,4e;4e;4e;4e;4e;4e;4e;4e;4e;4e;4e;4e;4e;4e;4e;4e;4e
SG14|4e;4e;4e;4e;4e;4e;4e;4e;4e;4e;4e;4e;4e;4e;4e;4e;4e,14,32,orbit8_fp2,wyckoff_orbit,8,4e,3,2,True,torus_fractional_coordinate,4e;4e;4e;4e;4e;4e;4e;4e;4e;4e;4e;4e;4e;4e;4e;4e;4e
SG14|4e;4e;4e;4e;4e;4e;4e;4e;4e;4e;4e;4e;4e;4e;4e;4e;4e,14,33,orbit9_fp0,wyckoff_orbit,9,4e,3,0,True,torus_fractional_coordinate,4e;4e;4e;4e;4e;4e;4e;4e;4e;4e;4e;4e;4e;4e;4e;4e;4e
SG14|4e;4e;4e;4e;4e;4e;4e;4e;4e;4e;4e;4e;4e;4e;4e;4e;4e,14,34,orbit9_fp1,wyckoff_orbit,9,4e,3,1,True,torus_fractional_coordinate,4e;4e;4e;4e;4e;4e;4e;4e;4e;4e;4e;4e;4e;4e;4e;4e;4e
SG14|4e;4e;4e;4e;4e;4e;4e;4e;4e;4e;4e;4e;4e;4e;4e;4e;4e,14,35,orbit9_fp2,wyckoff_orbit,9,4e,3,2,True,torus_fractional_coordinate,4e;4e;4e;4e;4e;4e;4e;4e;4e;4e;4e;4e;4e;4e;4e;4e;4e
SG14|4e;4e;4e;4e;4e;4e;4e;4e;4e;4e;4e;4e;4e;4e;4e;4e;4e,14,36,orbit10_fp0,wyckoff_orbit,10,4e,3,0,True,torus_fractional_coordinate,4e;4e;4e;4e;4e;4e;4e;4e;4e;4e;4e;4e;4e;4e;4e;4e;4e
SG14|4e;4e;4e;4e;4e;4e;4e;4e;4e;4e;4e;4e;4e;4e;4e;4e;4e,14,37,orbit10_fp1,wyckoff_orbit,10,4e,3,1,True,torus_fractional_coordinate,4e;4e;4e;4e;4e;4e;4e;4e;4e;4e;4e;4e;4e;4e;4e;4e;4e
SG14|4e;4e;4e;4e;4e;4e;4e;4e;4e;4e;4e;4e;4e;4e;4e;4e;4e,14,38,orbit10_fp2,wyckoff_orbit,10,4e,3,2,True,torus_fractional_coordinate,4e;4e;4e;4e;4e;4e;4e;4e;4e;4e;4e;4e;4e;4e;4e;4e;4e
SG14|4e;4e;4e;4e;4e;4e;4e;4e;4e;4e;4e;4e;4e;4e;4e;4e;4e,14,39,orbit11_fp0,wyckoff_orbit,11,4e,3,0,True,torus_fractional_coordinate,4e;4e;4e;4e;4e;4e;4e;4e;4e;4e;4e;4e;4e;4e;4e;4e;4e
SG14|4e;4e;4e;4e;4e;4e;4e;4e;4e;4e;4e;4e;4e;4e;4e;4e;4e,14,40,orbit11_fp1,wyckoff_orbit,11,4e,3,1,True,torus_fractional_coordinate,4e;4e;4e;4e;4e;4e;4e;4e;4e;4e;4e;4e;4e;4e;4e;4e;4e
SG14|4e;4e;4e;4e;4e;4e;4e;4e;4e;4e;4e;4e;4e;4e;4e;4e;4e,14,41,orbit11_fp2,wyckoff_orbit,11,4e,3,2,True,torus_fractional_coordinate,4e;4e;4e;4e;4e;4e;4e;4e;4e;4e;4e;4e;4e;4e;4e;4e;4e
SG14|4e;4e;4e;4e;4e;4e;4e;4e;4e;4e;4e;4e;4e;4e;4e;4e;4e,14,42,orbit12_fp0,wyckoff_orbit,12,4e,3,0,True,torus_fractional_coordinate,4e;4e;4e;4e;4e;4e;4e;4e;4e;4e;4e;4e;4e;4e;4e;4e;4e
SG14|4e;4e;4e;4e;4e;4e;4e;4e;4e;4e;4e;4e;4e;4e;4e;4e;4e,14,43,orbit12_fp1,wyckoff_orbit,12,4e,3,1,True,torus_fractional_coordinate,4e;4e;4e;4e;4e;4e;4e;4e;4e;4e;4e;4e;4e;4e;4e;4e;4e
SG14|4e;4e;4e;4e;4e;4e;4e;4e;4e;4e;4e;4e;4e;4e;4e;4e;4e,14,44,orbit12_fp2,wyckoff_orbit,12,4e,3,2,True,torus_fractional_coordinate,4e;4e;4e;4e;4e;4e;4e;4e;4e;4e;4e;4e;4e;4e;4e;4e;4e
SG14|4e;4e;4e;4e;4e;4e;4e;4e;4e;4e;4e;4e;4e;4e;4e;4e;4e,14,45,orbit13_fp0,wyckoff_orbit,13,4e,3,0,True,torus_fractional_coordinate,4e;4e;4e;4e;4e;4e;4e;4e;4e;4e;4e;4e;4e;4e;4e;4e;4e
SG14|4e;4e;4e;4e;4e;4e;4e;4e;4e;4e;4e;4e;4e;4e;4e;4e;4e,14,46,orbit13_fp1,wyckoff_orbit,13,4e,3,1,True,torus_fractional_coordinate,4e;4e;4e;4e;4e;4e;4e;4e;4e;4e;4e;4e;4e;4e;4e;4e;4e
SG14|4e;4e;4e;4e;4e;4e;4e;4e;4e;4e;4e;4e;4e;4e;4e;4e;4e,14,47,orbit13_fp2,wyckoff_orbit,13,4e,3,2,True,torus_fractional_coordinate,4e;4e;4e;4e;4e;4e;4e;4e;4e;4e;4e;4e;4e;4e;4e;4e;4e
SG14|4e;4e;4e;4e;4e;4e;4e;4e;4e;4e;4e;4e;4e;4e;4e;4e;4e,14,48,orbit14_fp0,wyckoff_orbit,14,4e,3,0,True,torus_fractional_coordinate,4e;4e;4e;4e;4e;4e;4e;4e;4e;4e;4e;4e;4e;4e;4e;4e;4e
SG14|4e;4e;4e;4e;4e;4e;4e;4e;4e;4e;4e;4e;4e;4e;4e;4e;4e,14,49,orbit14_fp1,wyckoff_orbit,14,4e,3,1,True,torus_fractional_coordinate,4e;4e;4e;4e;4e;4e;4e;4e;4e;4e;4e;4e;4e;4e;4e;4e;4e
SG14|4e;4e;4e;4e;4e;4e;4e;4e;4e;4e;4e;4e;4e;4e;4e;4e;4e,14,50,orbit14_fp2,wyckoff_orbit,14,4e,3,2,True,torus_fractional_coordinate,4e;4e;4e;4e;4e;4e;4e;4e;4e;4e;4e;4e;4e;4e;4e;4e;4e
SG14|4e;4e;4e;4e;4e;4e;4e;4e;4e;4e;4e;4e;4e;4e;4e;4e;4e,14,51,orbit15_fp0,wyckoff_orbit,15,4e,3,0,True,torus_fractional_coordinate,4e;4e;4e;4e;4e;4e;4e;4e;4e;4e;4e;4e;4e;4e;4e;4e;4e
SG14|4e;4e;4e;4e;4e;4e;4e;4e;4e;4e;4e;4e;4e;4e;4e;4e;4e,14,52,orbit15_fp1,wyckoff_orbit,15,4e,3,1,True,torus_fractional_coordinate,4e;4e;4e;4e;4e;4e;4e;4e;4e;4e;4e;4e;4e;4e;4e;4e;4e
SG14|4e;4e;4e;4e;4e;4e;4e;4e;4e;4e;4e;4e;4e;4e;4e;4e;4e,14,53,orbit15_fp2,wyckoff_orbit,15,4e,3,2,True,torus_fractional_coordinate,4e;4e;4e;4e;4e;4e;4e;4e;4e;4e;4e;4e;4e;4e;4e;4e;4e
SG14|4e;4e;4e;4e;4e;4e;4e;4e;4e;4e;4e;4e;4e;4e;4e;4e;4e,14,54,orbit16_fp0,wyckoff_orbit,16,4e,3,0,True,torus_fractional_coordinate,4e;4e;4e;4e;4e;4e;4e;4e;4e;4e;4e;4e;4e;4e;4e;4e;4e
SG14|4e;4e;4e;4e;4e;4e;4e;4e;4e;4e;4e;4e;4e;4e;4e;4e;4e,14,55,orbit16_fp1,wyckoff_orbit,16,4e,3,1,True,torus_fractional_coordinate,4e;4e;4e;4e;4e;4e;4e;4e;4e;4e;4e;4e;4e;4e;4e;4e;4e
SG14|4e;4e;4e;4e;4e;4e;4e;4e;4e;4e;4e;4e;4e;4e;4e;4e;4e,14,56,orbit16_fp2,wyckoff_orbit,16,4e,3,2,True,torus_fractional_coordinate,4e;4e;4e;4e;4e;4e;4e;4e;4e;4e;4e;4e;4e;4e;4e;4e;4e
SG14|4e;4e;4e;4e;4e;4e;4e;4e;4e;4e;4e;4e;4e;4e;4e;4e,14,0,lattice_a,lattice,-1,,0,-1,False,positive_length,4e;4e;4e;4e;4e;4e;4e;4e;4e;4e;4e;4e;4e;4e;4e;4e
SG14|4e;4e;4e;4e;4e;4e;4e;4e;4e;4e;4e;4e;4e;4e;4e;4e,14,1,lattice_b,lattice,-1,,0,-1,False,positive_length,4e;4e;4e;4e;4e;4e;4e;4e;4e;4e;4e;4e;4e;4e;4e;4e
SG14|4e;4e;4e;4e;4e;4e;4e;4e;4e;4e;4e;4e;4e;4e;4e;4e,14,2,lattice_c,lattice,-1,,0,-1,False,positive_length,4e;4e;4e;4e;4e;4e;4e;4e;4e;4e;4e;4e;4e;4e;4e;4e
SG14|4e;4e;4e;4e;4e;4e;4e;4e;4e;4e;4e;4e;4e;4e;4e;4e,14,3,alpha,lattice,-1,,0,-1,False,angle_degree,4e;4e;4e;4e;4e;4e;4e;4e;4e;4e;4e;4e;4e;4e;4e;4e
SG14|4e;4e;4e;4e;4e;4e;4e;4e;4e;4e;4e;4e;4e;4e;4e;4e,14,4,beta,lattice,-1,,0,-1,False,angle_degree,4e;4e;4e;4e;4e;4e;4e;4e;4e;4e;4e;4e;4e;4e;4e;4e
SG14|4e;4e;4e;4e;4e;4e;4e;4e;4e;4e;4e;4e;4e;4e;4e;4e,14,5,gamma,lattice,-1,,0,-1,False,angle_degree,4e;4e;4e;4e;4e;4e;4e;4e;4e;4e;4e;4e;4e;4e;4e;4e
SG14|4e;4e;4e;4e;4e;4e;4e;4e;4e;4e;4e;4e;4e;4e;4e;4e,14,6,orbit0_fp0,wyckoff_orbit,0,4e,3,0,True,torus_fractional_coordinate,4e;4e;4e;4e;4e;4e;4e;4e;4e;4e;4e;4e;4e;4e;4e;4e
SG14|4e;4e;4e;4e;4e;4e;4e;4e;4e;4e;4e;4e;4e;4e;4e;4e,14,7,orbit0_fp1,wyckoff_orbit,0,4e,3,1,True,torus_fractional_coordinate,4e;4e;4e;4e;4e;4e;4e;4e;4e;4e;4e;4e;4e;4e;4e;4e
SG14|4e;4e;4e;4e;4e;4e;4e;4e;4e;4e;4e;4e;4e;4e;4e;4e,14,8,orbit0_fp2,wyckoff_orbit,0,4e,3,2,True,torus_fractional_coordinate,4e;4e;4e;4e;4e;4e;4e;4e;4e;4e;4e;4e;4e;4e;4e;4e
SG14|4e;4e;4e;4e;4e;4e;4e;4e;4e;4e;4e;4e;4e;4e;4e;4e,14,9,orbit1_fp0,wyckoff_orbit,1,4e,3,0,True,torus_fractional_coordinate,4e;4e;4e;4e;4e;4e;4e;4e;4e;4e;4e;4e;4e;4e;4e;4e
SG14|4e;4e;4e;4e;4e;4e;4e;4e;4e;4e;4e;4e;4e;4e;4e;4e,14,10,orbit1_fp1,wyckoff_orbit,1,4e,3,1,True,torus_fractional_coordinate,4e;4e;4e;4e;4e;4e;4e;4e;4e;4e;4e;4e;4e;4e;4e;4e
SG14|4e;4e;4e;4e;4e;4e;4e;4e;4e;4e;4e;4e;4e;4e;4e;4e,14,11,orbit1_fp2,wyckoff_orbit,1,4e,3,2,True,torus_fractional_coordinate,4e;4e;4e;4e;4e;4e;4e;4e;4e;4e;4e;4e;4e;4e;4e;4e
SG14|4e;4e;4e;4e;4e;4e;4e;4e;4e;4e;4e;4e;4e;4e;4e;4e,14,12,orbit2_fp0,wyckoff_orbit,2,4e,3,0,True,torus_fractional_coordinate,4e;4e;4e;4e;4e;4e;4e;4e;4e;4e;4e;4e;4e;4e;4e;4e
SG14|4e;4e;4e;4e;4e;4e;4e;4e;4e;4e;4e;4e;4e;4e;4e;4e,14,13,orbit2_fp1,wyckoff_orbit,2,4e,3,1,True,torus_fractional_coordinate,4e;4e;4e;4e;4e;4e;4e;4e;4e;4e;4e;4e;4e;4e;4e;4e
SG14|4e;4e;4e;4e;4e;4e;4e;4e;4e;4e;4e;4e;4e;4e;4e;4e,14,14,orbit2_fp2,wyckoff_orbit,2,4e,3,2,True,torus_fractional_coordinate,4e;4e;4e;4e;4e;4e;4e;4e;4e;4e;4e;4e;4e;4e;4e;4e
SG14|4e;4e;4e;4e;4e;4e;4e;4e;4e;4e;4e;4e;4e;4e;4e;4e,14,15,orbit3_fp0,wyckoff_orbit,3,4e,3,0,True,torus_fractional_coordinate,4e;4e;4e;4e;4e;4e;4e;4e;4e;4e;4e;4e;4e;4e;4e;4e
SG14|4e;4e;4e;4e;4e;4e;4e;4e;4e;4e;4e;4e;4e;4e;4e;4e,14,16,orbit3_fp1,wyckoff_orbit,3,4e,3,1,True,torus_fractional_coordinate,4e;4e;4e;4e;4e;4e;4e;4e;4e;4e;4e;4e;4e;4e;4e;4e
SG14|4e;4e;4e;4e;4e;4e;4e;4e;4e;4e;4e;4e;4e;4e;4e;4e,14,17,orbit3_fp2,wyckoff_orbit,3,4e,3,2,True,torus_fractional_coordinate,4e;4e;4e;4e;4e;4e;4e;4e;4e;4e;4e;4e;4e;4e;4e;4e
SG14|4e;4e;4e;4e;4e;4e;4e;4e;4e;4e;4e;4e;4e;4e;4e;4e,14,18,orbit4_fp0,wyckoff_orbit,4,4e,3,0,True,torus_fractional_coordinate,4e;4e;4e;4e;4e;4e;4e;4e;4e;4e;4e;4e;4e;4e;4e;4e
SG14|4e;4e;4e;4e;4e;4e;4e;4e;4e;4e;4e;4e;4e;4e;4e;4e,14,19,orbit4_fp1,wyckoff_orbit,4,4e,3,1,True,torus_fractional_coordinate,4e;4e;4e;4e;4e;4e;4e;4e;4e;4e;4e;4e;4e;4e;4e;4e
SG14|4e;4e;4e;4e;4e;4e;4e;4e;4e;4e;4e;4e;4e;4e;4e;4e,14,20,orbit4_fp2,wyckoff_orbit,4,4e,3,2,True,torus_fractional_coordinate,4e;4e;4e;4e;4e;4e;4e;4e;4e;4e;4e;4e;4e;4e;4e;4e
SG14|4e;4e;4e;4e;4e;4e;4e;4e;4e;4e;4e;4e;4e;4e;4e;4e,14,21,orbit5_fp0,wyckoff_orbit,5,4e,3,0,True,torus_fractional_coordinate,4e;4e;4e;4e;4e;4e;4e;4e;4e;4e;4e;4e;4e;4e;4e;4e
SG14|4e;4e;4e;4e;4e;4e;4e;4e;4e;4e;4e;4e;4e;4e;4e;4e,14,22,orbit5_fp1,wyckoff_orbit,5,4e,3,1,True,torus_fractional_coordinate,4e;4e;4e;4e;4e;4e;4e;4e;4e;4e;4e;4e;4e;4e;4e;4e
SG14|4e;4e;4e;4e;4e;4e;4e;4e;4e;4e;4e;4e;4e;4e;4e;4e,14,23,orbit5_fp2,wyckoff_orbit,5,4e,3,2,True,torus_fractional_coordinate,4e;4e;4e;4e;4e;4e;4e;4e;4e;4e;4e;4e;4e;4e;4e;4e
SG14|4e;4e;4e;4e;4e;4e;4e;4e;4e;4e;4e;4e;4e;4e;4e;4e,14,24,orbit6_fp0,wyckoff_orbit,6,4e,3,0,True,torus_fractional_coordinate,4e;4e;4e;4e;4e;4e;4e;4e;4e;4e;4e;4e;4e;4e;4e;4e
SG14|4e;4e;4e;4e;4e;4e;4e;4e;4e;4e;4e;4e;4e;4e;4e;4e,14,25,orbit6_fp1,wyckoff_orbit,6,4e,3,1,True,torus_fractional_coordinate,4e;4e;4e;4e;4e;4e;4e;4e;4e;4e;4e;4e;4e;4e;4e;4e
SG14|4e;4e;4e;4e;4e;4e;4e;4e;4e;4e;4e;4e;4e;4e;4e;4e,14,26,orbit6_fp2,wyckoff_orbit,6,4e,3,2,True,torus_fractional_coordinate,4e;4e;4e;4e;4e;4e;4e;4e;4e;4e;4e;4e;4e;4e;4e;4e
SG14|4e;4e;4e;4e;4e;4e;4e;4e;4e;4e;4e;4e;4e;4e;4e;4e,14,27,orbit7_fp0,wyckoff_orbit,7,4e,3,0,True,torus_fractional_coordinate,4e;4e;4e;4e;4e;4e;4e;4e;4e;4e;4e;4e;4e;4e;4e;4e
SG14|4e;4e;4e;4e;4e;4e;4e;4e;4e;4e;4e;4e;4e;4e;4e;4e,14,28,orbit7_fp1,wyckoff_orbit,7,4e,3,1,True,torus_fractional_coordinate,4e;4e;4e;4e;4e;4e;4e;4e;4e;4e;4e;4e;4e;4e;4e;4e
SG14|4e;4e;4e;4e;4e;4e;4e;4e;4e;4e;4e;4e;4e;4e;4e;4e,14,29,orbit7_fp2,wyckoff_orbit,7,4e,3,2,True,torus_fractional_coordinate,4e;4e;4e;4e;4e;4e;4e;4e;4e;4e;4e;4e;4e;4e;4e;4e
SG14|4e;4e;4e;4e;4e;4e;4e;4e;4e;4e;4e;4e;4e;4e;4e;4e,14,30,orbit8_fp0,wyckoff_orbit,8,4e,3,0,True,torus_fractional_coordinate,4e;4e;4e;4e;4e;4e;4e;4e;4e;4e;4e;4e;4e;4e;4e;4e
SG14|4e;4e;4e;4e;4e;4e;4e;4e;4e;4e;4e;4e;4e;4e;4e;4e,14,31,orbit8_fp1,wyckoff_orbit,8,4e,3,1,True,torus_fractional_coordinate,4e;4e;4e;4e;4e;4e;4e;4e;4e;4e;4e;4e;4e;4e;4e;4e
SG14|4e;4e;4e;4e;4e;4e;4e;4e;4e;4e;4e;4e;4e;4e;4e;4e,14,32,orbit8_fp2,wyckoff_orbit,8,4e,3,2,True,torus_fractional_coordinate,4e;4e;4e;4e;4e;4e;4e;4e;4e;4e;4e;4e;4e;4e;4e;4e
SG14|4e;4e;4e;4e;4e;4e;4e;4e;4e;4e;4e;4e;4e;4e;4e;4e,14,33,orbit9_fp0,wyckoff_orbit,9,4e,3,0,True,torus_fractional_coordinate,4e;4e;4e;4e;4e;4e;4e;4e;4e;4e;4e;4e;4e;4e;4e;4e
SG14|4e;4e;4e;4e;4e;4e;4e;4e;4e;4e;4e;4e;4e;4e;4e;4e,14,34,orbit9_fp1,wyckoff_orbit,9,4e,3,1,True,torus_fractional_coordinate,4e;4e;4e;4e;4e;4e;4e;4e;4e;4e;4e;4e;4e;4e;4e;4e
SG14|4e;4e;4e;4e;4e;4e;4e;4e;4e;4e;4e;4e;4e;4e;4e;4e,14,35,orbit9_fp2,wyckoff_orbit,9,4e,3,2,True,torus_fractional_coordinate,4e;4e;4e;4e;4e;4e;4e;4e;4e;4e;4e;4e;4e;4e;4e;4e
SG14|4e;4e;4e;4e;4e;4e;4e;4e;4e;4e;4e;4e;4e;4e;4e;4e,14,36,orbit10_fp0,wyckoff_orbit,10,4e,3,0,True,torus_fractional_coordinate,4e;4e;4e;4e;4e;4e;4e;4e;4e;4e;4e;4e;4e;4e;4e;4e
SG14|4e;4e;4e;4e;4e;4e;4e;4e;4e;4e;4e;4e;4e;4e;4e;4e,14,37,orbit10_fp1,wyckoff_orbit,10,4e,3,1,True,torus_fractional_coordinate,4e;4e;4e;4e;4e;4e;4e;4e;4e;4e;4e;4e;4e;4e;4e;4e
SG14|4e;4e;4e;4e;4e;4e;4e;4e;4e;4e;4e;4e;4e;4e;4e;4e,14,38,orbit10_fp2,wyckoff_orbit,10,4e,3,2,True,torus_fractional_coordinate,4e;4e;4e;4e;4e;4e;4e;4e;4e;4e;4e;4e;4e;4e;4e;4e
SG14|4e;4e;4e;4e;4e;4e;4e;4e;4e;4e;4e;4e;4e;4e;4e;4e,14,39,orbit11_fp0,wyckoff_orbit,11,4e,3,0,True,torus_fractional_coordinate,4e;4e;4e;4e;4e;4e;4e;4e;4e;4e;4e;4e;4e;4e;4e;4e
SG14|4e;4e;4e;4e;4e;4e;4e;4e;4e;4e;4e;4e;4e;4e;4e;4e,14,40,orbit11_fp1,wyckoff_orbit,11,4e,3,1,True,torus_fractional_coordinate,4e;4e;4e;4e;4e;4e;4e;4e;4e;4e;4e;4e;4e;4e;4e;4e
SG14|4e;4e;4e;4e;4e;4e;4e;4e;4e;4e;4e;4e;4e;4e;4e;4e,14,41,orbit11_fp2,wyckoff_orbit,11,4e,3,2,True,torus_fractional_coordinate,4e;4e;4e;4e;4e;4e;4e;4e;4e;4e;4e;4e;4e;4e;4e;4e
SG14|4e;4e;4e;4e;4e;4e;4e;4e;4e;4e;4e;4e;4e;4e;4e;4e,14,42,orbit12_fp0,wyckoff_orbit,12,4e,3,0,True,torus_fractional_coordinate,4e;4e;4e;4e;4e;4e;4e;4e;4e;4e;4e;4e;4e;4e;4e;4e
SG14|4e;4e;4e;4e;4e;4e;4e;4e;4e;4e;4e;4e;4e;4e;4e;4e,14,43,orbit12_fp1,wyckoff_orbit,12,4e,3,1,True,torus_fractional_coordinate,4e;4e;4e;4e;4e;4e;4e;4e;4e;4e;4e;4e;4e;4e;4e;4e
SG14|4e;4e;4e;4e;4e;4e;4e;4e;4e;4e;4e;4e;4e;4e;4e;4e,14,44,orbit12_fp2,wyckoff_orbit,12,4e,3,2,True,torus_fractional_coordinate,4e;4e;4e;4e;4e;4e;4e;4e;4e;4e;4e;4e;4e;4e;4e;4e
SG14|4e;4e;4e;4e;4e;4e;4e;4e;4e;4e;4e;4e;4e;4e;4e;4e,14,45,orbit13_fp0,wyckoff_orbit,13,4e,3,0,True,torus_fractional_coordinate,4e;4e;4e;4e;4e;4e;4e;4e;4e;4e;4e;4e;4e;4e;4e;4e
SG14|4e;4e;4e;4e;4e;4e;4e;4e;4e;4e;4e;4e;4e;4e;4e;4e,14,46,orbit13_fp1,wyckoff_orbit,13,4e,3,1,True,torus_fractional_coordinate,4e;4e;4e;4e;4e;4e;4e;4e;4e;4e;4e;4e;4e;4e;4e;4e
SG14|4e;4e;4e;4e;4e;4e;4e;4e;4e;4e;4e;4e;4e;4e;4e;4e,14,47,orbit13_fp2,wyckoff_orbit,13,4e,3,2,True,torus_fractional_coordinate,4e;4e;4e;4e;4e;4e;4e;4e;4e;4e;4e;4e;4e;4e;4e;4e
SG14|4e;4e;4e;4e;4e;4e;4e;4e;4e;4e;4e;4e;4e;4e;4e;4e,14,48,orbit14_fp0,wyckoff_orbit,14,4e,3,0,True,torus_fractional_coordinate,4e;4e;4e;4e;4e;4e;4e;4e;4e;4e;4e;4e;4e;4e;4e;4e
SG14|4e;4e;4e;4e;4e;4e;4e;4e;4e;4e;4e;4e;4e;4e;4e;4e,14,49,orbit14_fp1,wyckoff_orbit,14,4e,3,1,True,torus_fractional_coordinate,4e;4e;4e;4e;4e;4e;4e;4e;4e;4e;4e;4e;4e;4e;4e;4e
SG14|4e;4e;4e;4e;4e;4e;4e;4e;4e;4e;4e;4e;4e;4e;4e;4e,14,50,orbit14_fp2,wyckoff_orbit,14,4e,3,2,True,torus_fractional_coordinate,4e;4e;4e;4e;4e;4e;4e;4e;4e;4e;4e;4e;4e;4e;4e;4e
SG14|4e;4e;4e;4e;4e;4e;4e;4e;4e;4e;4e;4e;4e;4e;4e;4e,14,51,orbit15_fp0,wyckoff_orbit,15,4e,3,0,True,torus_fractional_coordinate,4e;4e;4e;4e;4e;4e;4e;4e;4e;4e;4e;4e;4e;4e;4e;4e
SG14|4e;4e;4e;4e;4e;4e;4e;4e;4e;4e;4e;4e;4e;4e;4e;4e,14,52,orbit15_fp1,wyckoff_orbit,15,4e,3,1,True,torus_fractional_coordinate,4e;4e;4e;4e;4e;4e;4e;4e;4e;4e;4e;4e;4e;4e;4e;4e
SG14|4e;4e;4e;4e;4e;4e;4e;4e;4e;4e;4e;4e;4e;4e;4e;4e,14,53,orbit15_fp2,wyckoff_orbit,15,4e,3,2,True,torus_fractional_coordinate,4e;4e;4e;4e;4e;4e;4e;4e;4e;4e;4e;4e;4e;4e;4e;4e
SG14|4e;4e;4e;4e;4e;4e;4e;4e;4e;4e;4e;4e;4e;4e;4e,14,0,lattice_a,lattice,-1,,0,-1,False,positive_length,4e;4e;4e;4e;4e;4e;4e;4e;4e;4e;4e;4e;4e;4e;4e
SG14|4e;4e;4e;4e;4e;4e;4e;4e;4e;4e;4e;4e;4e;4e;4e,14,1,lattice_b,lattice,-1,,0,-1,False,positive_length,4e;4e;4e;4e;4e;4e;4e;4e;4e;4e;4e;4e;4e;4e;4e
SG14|4e;4e;4e;4e;4e;4e;4e;4e;4e;4e;4e;4e;4e;4e;4e,14,2,lattice_c,lattice,-1,,0,-1,False,positive_length,4e;4e;4e;4e;4e;4e;4e;4e;4e;4e;4e;4e;4e;4e;4e
SG14|4e;4e;4e;4e;4e;4e;4e;4e;4e;4e;4e;4e;4e;4e;4e,14,3,alpha,lattice,-1,,0,-1,False,angle_degree,4e;4e;4e;4e;4e;4e;4e;4e;4e;4e;4e;4e;4e;4e;4e
SG14|4e;4e;4e;4e;4e;4e;4e;4e;4e;4e;4e;4e;4e;4e;4e,14,4,beta,lattice,-1,,0,-1,False,angle_degree,4e;4e;4e;4e;4e;4e;4e;4e;4e;4e;4e;4e;4e;4e;4e
SG14|4e;4e;4e;4e;4e;4e;4e;4e;4e;4e;4e;4e;4e;4e;4e,14,5,gamma,lattice,-1,,0,-1,False,angle_degree,4e;4e;4e;4e;4e;4e;4e;4e;4e;4e;4e;4e;4e;4e;4e
SG14|4e;4e;4e;4e;4e;4e;4e;4e;4e;4e;4e;4e;4e;4e;4e,14,6,orbit0_fp0,wyckoff_orbit,0,4e,3,0,True,torus_fractional_coordinate,4e;4e;4e;4e;4e;4e;4e;4e;4e;4e;4e;4e;4e;4e;4e
SG14|4e;4e;4e;4e;4e;4e;4e;4e;4e;4e;4e;4e;4e;4e;4e,14,7,orbit0_fp1,wyckoff_orbit,0,4e,3,1,True,torus_fractional_coordinate,4e;4e;4e;4e;4e;4e;4e;4e;4e;4e;4e;4e;4e;4e;4e
SG14|4e;4e;4e;4e;4e;4e;4e;4e;4e;4e;4e;4e;4e;4e;4e,14,8,orbit0_fp2,wyckoff_orbit,0,4e,3,2,True,torus_fractional_coordinate,4e;4e;4e;4e;4e;4e;4e;4e;4e;4e;4e;4e;4e;4e;4e
SG14|4e;4e;4e;4e;4e;4e;4e;4e;4e;4e;4e;4e;4e;4e;4e,14,9,orbit1_fp0,wyckoff_orbit,1,4e,3,0,True,torus_fractional_coordinate,4e;4e;4e;4e;4e;4e;4e;4e;4e;4e;4e;4e;4e;4e;4e
SG14|4e;4e;4e;4e;4e;4e;4e;4e;4e;4e;4e;4e;4e;4e;4e,14,10,orbit1_fp1,wyckoff_orbit,1,4e,3,1,True,torus_fractional_coordinate,4e;4e;4e;4e;4e;4e;4e;4e;4e;4e;4e;4e;4e;4e;4e
SG14|4e;4e;4e;4e;4e;4e;4e;4e;4e;4e;4e;4e;4e;4e;4e,14,11,orbit1_fp2,wyckoff_orbit,1,4e,3,2,True,torus_fractional_coordinate,4e;4e;4e;4e;4e;4e;4e;4e;4e;4e;4e;4e;4e;4e;4e
SG14|4e;4e;4e;4e;4e;4e;4e;4e;4e;4e;4e;4e;4e;4e;4e,14,12,orbit2_fp0,wyckoff_orbit,2,4e,3,0,True,torus_fractional_coordinate,4e;4e;4e;4e;4e;4e;4e;4e;4e;4e;4e;4e;4e;4e;4e
SG14|4e;4e;4e;4e;4e;4e;4e;4e;4e;4e;4e;4e;4e;4e;4e,14,13,orbit2_fp1,wyckoff_orbit,2,4e,3,1,True,torus_fractional_coordinate,4e;4e;4e;4e;4e;4e;4e;4e;4e;4e;4e;4e;4e;4e;4e
SG14|4e;4e;4e;4e;4e;4e;4e;4e;4e;4e;4e;4e;4e;4e;4e,14,14,orbit2_fp2,wyckoff_orbit,2,4e,3,2,True,torus_fractional_coordinate,4e;4e;4e;4e;4e;4e;4e;4e;4e;4e;4e;4e;4e;4e;4e
SG14|4e;4e;4e;4e;4e;4e;4e;4e;4e;4e;4e;4e;4e;4e;4e,14,15,orbit3_fp0,wyckoff_orbit,3,4e,3,0,True,torus_fractional_coordinate,4e;4e;4e;4e;4e;4e;4e;4e;4e;4e;4e;4e;4e;4e;4e
SG14|4e;4e;4e;4e;4e;4e;4e;4e;4e;4e;4e;4e;4e;4e;4e,14,16,orbit3_fp1,wyckoff_orbit,3,4e,3,1,True,torus_fractional_coordinate,4e;4e;4e;4e;4e;4e;4e;4e;4e;4e;4e;4e;4e;4e;4e
SG14|4e;4e;4e;4e;4e;4e;4e;4e;4e;4e;4e;4e;4e;4e;4e,14,17,orbit3_fp2,wyckoff_orbit,3,4e,3,2,True,torus_fractional_coordinate,4e;4e;4e;4e;4e;4e;4e;4e;4e;4e;4e;4e;4e;4e;4e
SG14|4e;4e;4e;4e;4e;4e;4e;4e;4e;4e;4e;4e;4e;4e;4e,14,18,orbit4_fp0,wyckoff_orbit,4,4e,3,0,True,torus_fractional_coordinate,4e;4e;4e;4e;4e;4e;4e;4e;4e;4e;4e;4e;4e;4e;4e
SG14|4e;4e;4e;4e;4e;4e;4e;4e;4e;4e;4e;4e;4e;4e;4e,14,19,orbit4_fp1,wyckoff_orbit,4,4e,3,1,True,torus_fractional_coordinate,4e;4e;4e;4e;4e;4e;4e;4e;4e;4e;4e;4e;4e;4e;4e
SG14|4e;4e;4e;4e;4e;4e;4e;4e;4e;4e;4e;4e;4e;4e;4e,14,20,orbit4_fp2,wyckoff_orbit,4,4e,3,2,True,torus_fractional_coordinate,4e;4e;4e;4e;4e;4e;4e;4e;4e;4e;4e;4e;4e;4e;4e
SG14|4e;4e;4e;4e;4e;4e;4e;4e;4e;4e;4e;4e;4e;4e;4e,14,21,orbit5_fp0,wyckoff_orbit,5,4e,3,0,True,torus_fractional_coordinate,4e;4e;4e;4e;4e;4e;4e;4e;4e;4e;4e;4e;4e;4e;4e
SG14|4e;4e;4e;4e;4e;4e;4e;4e;4e;4e;4e;4e;4e;4e;4e,14,22,orbit5_fp1,wyckoff_orbit,5,4e,3,1,True,torus_fractional_coordinate,4e;4e;4e;4e;4e;4e;4e;4e;4e;4e;4e;4e;4e;4e;4e
SG14|4e;4e;4e;4e;4e;4e;4e;4e;4e;4e;4e;4e;4e;4e;4e,14,23,orbit5_fp2,wyckoff_orbit,5,4e,3,2,True,torus_fractional_coordinate,4e;4e;4e;4e;4e;4e;4e;4e;4e;4e;4e;4e;4e;4e;4e
SG14|4e;4e;4e;4e;4e;4e;4e;4e;4e;4e;4e;4e;4e;4e;4e,14,24,orbit6_fp0,wyckoff_orbit,6,4e,3,0,True,torus_fractional_coordinate,4e;4e;4e;4e;4e;4e;4e;4e;4e;4e;4e;4e;4e;4e;4e
SG14|4e;4e;4e;4e;4e;4e;4e;4e;4e;4e;4e;4e;4e;4e;4e,14,25,orbit6_fp1,wyckoff_orbit,6,4e,3,1,True,torus_fractional_coordinate,4e;4e;4e;4e;4e;4e;4e;4e;4e;4e;4e;4e;4e;4e;4e
SG14|4e;4e;4e;4e;4e;4e;4e;4e;4e;4e;4e;4e;4e;4e;4e,14,26,orbit6_fp2,wyckoff_orbit,6,4e,3,2,True,torus_fractional_coordinate,4e;4e;4e;4e;4e;4e;4e;4e;4e;4e;4e;4e;4e;4e;4e
SG14|4e;4e;4e;4e;4e;4e;4e;4e;4e;4e;4e;4e;4e;4e;4e,14,27,orbit7_fp0,wyckoff_orbit,7,4e,3,0,True,torus_fractional_coordinate,4e;4e;4e;4e;4e;4e;4e;4e;4e;4e;4e;4e;4e;4e;4e
SG14|4e;4e;4e;4e;4e;4e;4e;4e;4e;4e;4e;4e;4e;4e;4e,14,28,orbit7_fp1,wyckoff_orbit,7,4e,3,1,True,torus_fractional_coordinate,4e;4e;4e;4e;4e;4e;4e;4e;4e;4e;4e;4e;4e;4e;4e
SG14|4e;4e;4e;4e;4e;4e;4e;4e;4e;4e;4e;4e;4e;4e;4e,14,29,orbit7_fp2,wyckoff_orbit,7,4e,3,2,True,torus_fractional_coordinate,4e;4e;4e;4e;4e;4e;4e;4e;4e;4e;4e;4e;4e;4e;4e
SG14|4e;4e;4e;4e;4e;4e;4e;4e;4e;4e;4e;4e;4e;4e;4e,14,30,orbit8_fp0,wyckoff_orbit,8,4e,3,0,True,torus_fractional_coordinate,4e;4e;4e;4e;4e;4e;4e;4e;4e;4e;4e;4e;4e;4e;4e
SG14|4e;4e;4e;4e;4e;4e;4e;4e;4e;4e;4e;4e;4e;4e;4e,14,31,orbit8_fp1,wyckoff_orbit,8,4e,3,1,True,torus_fractional_coordinate,4e;4e;4e;4e;4e;4e;4e;4e;4e;4e;4e;4e;4e;4e;4e
SG14|4e;4e;4e;4e;4e;4e;4e;4e;4e;4e;4e;4e;4e;4e;4e,14,32,orbit8_fp2,wyckoff_orbit,8,4e,3,2,True,torus_fractional_coordinate,4e;4e;4e;4e;4e;4e;4e;4e;4e;4e;4e;4e;4e;4e;4e
SG14|4e;4e;4e;4e;4e;4e;4e;4e;4e;4e;4e;4e;4e;4e;4e,14,33,orbit9_fp0,wyckoff_orbit,9,4e,3,0,True,torus_fractional_coordinate,4e;4e;4e;4e;4e;4e;4e;4e;4e;4e;4e;4e;4e;4e;4e
SG14|4e;4e;4e;4e;4e;4e;4e;4e;4e;4e;4e;4e;4e;4e;4e,14,34,orbit9_fp1,wyckoff_orbit,9,4e,3,1,True,torus_fractional_coordinate,4e;4e;4e;4e;4e;4e;4e;4e;4e;4e;4e;4e;4e;4e;4e
SG14|4e;4e;4e;4e;4e;4e;4e;4e;4e;4e;4e;4e;4e;4e;4e,14,35,orbit9_fp2,wyckoff_orbit,9,4e,3,2,True,torus_fractional_coordinate,4e;4e;4e;4e;4e;4e;4e;4e;4e;4e;4e;4e;4e;4e;4e
SG14|4e;4e;4e;4e;4e;4e;4e;4e;4e;4e;4e;4e;4e;4e;4e,14,36,orbit10_fp0,wyckoff_orbit,10,4e,3,0,True,torus_fractional_coordinate,4e;4e;4e;4e;4e;4e;4e;4e;4e;4e;4e;4e;4e;4e;4e
SG14|4e;4e;4e;4e;4e;4e;4e;4e;4e;4e;4e;4e;4e;4e;4e,14,37,orbit10_fp1,wyckoff_orbit,10,4e,3,1,True,torus_fractional_coordinate,4e;4e;4e;4e;4e;4e;4e;4e;4e;4e;4e;4e;4e;4e;4e
SG14|4e;4e;4e;4e;4e;4e;4e;4e;4e;4e;4e;4e;4e;4e;4e,14,38,orbit10_fp2,wyckoff_orbit,10,4e,3,2,True,torus_fractional_coordinate,4e;4e;4e;4e;4e;4e;4e;4e;4e;4e;4e;4e;4e;4e;4e
SG14|4e;4e;4e;4e;4e;4e;4e;4e;4e;4e;4e;4e;4e;4e;4e,14,39,orbit11_fp0,wyckoff_orbit,11,4e,3,0,True,torus_fractional_coordinate,4e;4e;4e;4e;4e;4e;4e;4e;4e;4e;4e;4e;4e;4e;4e
SG14|4e;4e;4e;4e;4e;4e;4e;4e;4e;4e;4e;4e;4e;4e;4e,14,40,orbit11_fp1,wyckoff_orbit,11,4e,3,1,True,torus_fractional_coordinate,4e;4e;4e;4e;4e;4e;4e;4e;4e;4e;4e;4e;4e;4e;4e
SG14|4e;4e;4e;4e;4e;4e;4e;4e;4e;4e;4e;4e;4e;4e;4e,14,41,orbit11_fp2,wyckoff_orbit,11,4e,3,2,True,torus_fractional_coordinate,4e;4e;4e;4e;4e;4e;4e;4e;4e;4e;4e;4e;4e;4e;4e
SG14|4e;4e;4e;4e;4e;4e;4e;4e;4e;4e;4e;4e;4e;4e;4e,14,42,orbit12_fp0,wyckoff_orbit,12,4e,3,0,True,torus_fractional_coordinate,4e;4e;4e;4e;4e;4e;4e;4e;4e;4e;4e;4e;4e;4e;4e
SG14|4e;4e;4e;4e;4e;4e;4e;4e;4e;4e;4e;4e;4e;4e;4e,14,43,orbit12_fp1,wyckoff_orbit,12,4e,3,1,True,torus_fractional_coordinate,4e;4e;4e;4e;4e;4e;4e;4e;4e;4e;4e;4e;4e;4e;4e
SG14|4e;4e;4e;4e;4e;4e;4e;4e;4e;4e;4e;4e;4e;4e;4e,14,44,orbit12_fp2,wyckoff_orbit,12,4e,3,2,True,torus_fractional_coordinate,4e;4e;4e;4e;4e;4e;4e;4e;4e;4e;4e;4e;4e;4e;4e
SG14|4e;4e;4e;4e;4e;4e;4e;4e;4e;4e;4e;4e;4e;4e;4e,14,45,orbit13_fp0,wyckoff_orbit,13,4e,3,0,True,torus_fractional_coordinate,4e;4e;4e;4e;4e;4e;4e;4e;4e;4e;4e;4e;4e;4e;4e
SG14|4e;4e;4e;4e;4e;4e;4e;4e;4e;4e;4e;4e;4e;4e;4e,14,46,orbit13_fp1,wyckoff_orbit,13,4e,3,1,True,torus_fractional_coordinate,4e;4e;4e;4e;4e;4e;4e;4e;4e;4e;4e;4e;4e;4e;4e
SG14|4e;4e;4e;4e;4e;4e;4e;4e;4e;4e;4e;4e;4e;4e;4e,14,47,orbit13_fp2,wyckoff_orbit,13,4e,3,2,True,torus_fractional_coordinate,4e;4e;4e;4e;4e;4e;4e;4e;4e;4e;4e;4e;4e;4e;4e
SG14|4e;4e;4e;4e;4e;4e;4e;4e;4e;4e;4e;4e;4e;4e;4e,14,48,orbit14_fp0,wyckoff_orbit,14,4e,3,0,True,torus_fractional_coordinate,4e;4e;4e;4e;4e;4e;4e;4e;4e;4e;4e;4e;4e;4e;4e
SG14|4e;4e;4e;4e;4e;4e;4e;4e;4e;4e;4e;4e;4e;4e;4e,14,49,orbit14_fp1,wyckoff_orbit,14,4e,3,1,True,torus_fractional_coordinate,4e;4e;4e;4e;4e;4e;4e;4e;4e;4e;4e;4e;4e;4e;4e
SG14|4e;4e;4e;4e;4e;4e;4e;4e;4e;4e;4e;4e;4e;4e;4e,14,50,orbit14_fp2,wyckoff_orbit,14,4e,3,2,True,torus_fractional_coordinate,4e;4e;4e;4e;4e;4e;4e;4e;4e;4e;4e;4e;4e;4e;4e
SG14|4e;4e;4e;4e;4e;4e;4e;4e;4e;4e;4e;4e;4e;4e,14,0,lattice_a,lattice,-1,,0,-1,False,positive_length,4e;4e;4e;4e;4e;4e;4e;4e;4e;4e;4e;4e;4e;4e
SG14|4e;4e;4e;4e;4e;4e;4e;4e;4e;4e;4e;4e;4e;4e,14,1,lattice_b,lattice,-1,,0,-1,False,positive_length,4e;4e;4e;4e;4e;4e;4e;4e;4e;4e;4e;4e;4e;4e
SG14|4e;4e;4e;4e;4e;4e;4e;4e;4e;4e;4e;4e;4e;4e,14,2,lattice_c,lattice,-1,,0,-1,False,positive_length,4e;4e;4e;4e;4e;4e;4e;4e;4e;4e;4e;4e;4e;4e
SG14|4e;4e;4e;4e;4e;4e;4e;4e;4e;4e;4e;4e;4e;4e,14,3,alpha,lattice,-1,,0,-1,False,angle_degree,4e;4e;4e;4e;4e;4e;4e;4e;4e;4e;4e;4e;4e;4e
SG14|4e;4e;4e;4e;4e;4e;4e;4e;4e;4e;4e;4e;4e;4e,14,4,beta,lattice,-1,,0,-1,False,angle_degree,4e;4e;4e;4e;4e;4e;4e;4e;4e;4e;4e;4e;4e;4e
SG14|4e;4e;4e;4e;4e;4e;4e;4e;4e;4e;4e;4e;4e;4e,14,5,gamma,lattice,-1,,0,-1,False,angle_degree,4e;4e;4e;4e;4e;4e;4e;4e;4e;4e;4e;4e;4e;4e
SG14|4e;4e;4e;4e;4e;4e;4e;4e;4e;4e;4e;4e;4e;4e,14,6,orbit0_fp0,wyckoff_orbit,0,4e,3,0,True,torus_fractional_coordinate,4e;4e;4e;4e;4e;4e;4e;4e;4e;4e;4e;4e;4e;4e
SG14|4e;4e;4e;4e;4e;4e;4e;4e;4e;4e;4e;4e;4e;4e,14,7,orbit0_fp1,wyckoff_orbit,0,4e,3,1,True,torus_fractional_coordinate,4e;4e;4e;4e;4e;4e;4e;4e;4e;4e;4e;4e;4e;4e
SG14|4e;4e;4e;4e;4e;4e;4e;4e;4e;4e;4e;4e;4e;4e,14,8,orbit0_fp2,wyckoff_orbit,0,4e,3,2,True,torus_fractional_coordinate,4e;4e;4e;4e;4e;4e;4e;4e;4e;4e;4e;4e;4e;4e
SG14|4e;4e;4e;4e;4e;4e;4e;4e;4e;4e;4e;4e;4e;4e,14,9,orbit1_fp0,wyckoff_orbit,1,4e,3,0,True,torus_fractional_coordinate,4e;4e;4e;4e;4e;4e;4e;4e;4e;4e;4e;4e;4e;4e
SG14|4e;4e;4e;4e;4e;4e;4e;4e;4e;4e;4e;4e;4e;4e,14,10,orbit1_fp1,wyckoff_orbit,1,4e,3,1,True,torus_fractional_coordinate,4e;4e;4e;4e;4e;4e;4e;4e;4e;4e;4e;4e;4e;4e
SG14|4e;4e;4e;4e;4e;4e;4e;4e;4e;4e;4e;4e;4e;4e,14,11,orbit1_fp2,wyckoff_orbit,1,4e,3,2,True,torus_fractional_coordinate,4e;4e;4e;4e;4e;4e;4e;4e;4e;4e;4e;4e;4e;4e
SG14|4e;4e;4e;4e;4e;4e;4e;4e;4e;4e;4e;4e;4e;4e,14,12,orbit2_fp0,wyckoff_orbit,2,4e,3,0,True,torus_fractional_coordinate,4e;4e;4e;4e;4e;4e;4e;4e;4e;4e;4e;4e;4e;4e
SG14|4e;4e;4e;4e;4e;4e;4e;4e;4e;4e;4e;4e;4e;4e,14,13,orbit2_fp1,wyckoff_orbit,2,4e,3,1,True,torus_fractional_coordinate,4e;4e;4e;4e;4e;4e;4e;4e;4e;4e;4e;4e;4e;4e
SG14|4e;4e;4e;4e;4e;4e;4e;4e;4e;4e;4e;4e;4e;4e,14,14,orbit2_fp2,wyckoff_orbit,2,4e,3,2,True,torus_fractional_coordinate,4e;4e;4e;4e;4e;4e;4e;4e;4e;4e;4e;4e;4e;4e
SG14|4e;4e;4e;4e;4e;4e;4e;4e;4e;4e;4e;4e;4e;4e,14,15,orbit3_fp0,wyckoff_orbit,3,4e,3,0,True,torus_fractional_coordinate,4e;4e;4e;4e;4e;4e;4e;4e;4e;4e;4e;4e;4e;4e
SG14|4e;4e;4e;4e;4e;4e;4e;4e;4e;4e;4e;4e;4e;4e,14,16,orbit3_fp1,wyckoff_orbit,3,4e,3,1,True,torus_fractional_coordinate,4e;4e;4e;4e;4e;4e;4e;4e;4e;4e;4e;4e;4e;4e
SG14|4e;4e;4e;4e;4e;4e;4e;4e;4e;4e;4e;4e;4e;4e,14,17,orbit3_fp2,wyckoff_orbit,3,4e,3,2,True,torus_fractional_coordinate,4e;4e;4e;4e;4e;4e;4e;4e;4e;4e;4e;4e;4e;4e
SG14|4e;4e;4e;4e;4e;4e;4e;4e;4e;4e;4e;4e;4e;4e,14,18,orbit4_fp0,wyckoff_orbit,4,4e,3,0,True,torus_fractional_coordinate,4e;4e;4e;4e;4e;4e;4e;4e;4e;4e;4e;4e;4e;4e
SG14|4e;4e;4e;4e;4e;4e;4e;4e;4e;4e;4e;4e;4e;4e,14,19,orbit4_fp1,wyckoff_orbit,4,4e,3,1,True,torus_fractional_coordinate,4e;4e;4e;4e;4e;4e;4e;4e;4e;4e;4e;4e;4e;4e
SG14|4e;4e;4e;4e;4e;4e;4e;4e;4e;4e;4e;4e;4e;4e,14,20,orbit4_fp2,wyckoff_orbit,4,4e,3,2,True,torus_fractional_coordinate,4e;4e;4e;4e;4e;4e;4e;4e;4e;4e;4e;4e;4e;4e
SG14|4e;4e;4e;4e;4e;4e;4e;4e;4e;4e;4e;4e;4e;4e,14,21,orbit5_fp0,wyckoff_orbit,5,4e,3,0,True,torus_fractional_coordinate,4e;4e;4e;4e;4e;4e;4e;4e;4e;4e;4e;4e;4e;4e
SG14|4e;4e;4e;4e;4e;4e;4e;4e;4e;4e;4e;4e;4e;4e,14,22,orbit5_fp1,wyckoff_orbit,5,4e,3,1,True,torus_fractional_coordinate,4e;4e;4e;4e;4e;4e;4e;4e;4e;4e;4e;4e;4e;4e
SG14|4e;4e;4e;4e;4e;4e;4e;4e;4e;4e;4e;4e;4e;4e,14,23,orbit5_fp2,wyckoff_orbit,5,4e,3,2,True,torus_fractional_coordinate,4e;4e;4e;4e;4e;4e;4e;4e;4e;4e;4e;4e;4e;4e
SG14|4e;4e;4e;4e;4e;4e;4e;4e;4e;4e;4e;4e;4e;4e,14,24,orbit6_fp0,wyckoff_orbit,6,4e,3,0,True,torus_fractional_coordinate,4e;4e;4e;4e;4e;4e;4e;4e;4e;4e;4e;4e;4e;4e
SG14|4e;4e;4e;4e;4e;4e;4e;4e;4e;4e;4e;4e;4e;4e,14,25,orbit6_fp1,wyckoff_orbit,6,4e,3,1,True,torus_fractional_coordinate,4e;4e;4e;4e;4e;4e;4e;4e;4e;4e;4e;4e;4e;4e
SG14|4e;4e;4e;4e;4e;4e;4e;4e;4e;4e;4e;4e;4e;4e,14,26,orbit6_fp2,wyckoff_orbit,6,4e,3,2,True,torus_fractional_coordinate,4e;4e;4e;4e;4e;4e;4e;4e;4e;4e;4e;4e;4e;4e
SG14|4e;4e;4e;4e;4e;4e;4e;4e;4e;4e;4e;4e;4e;4e,14,27,orbit7_fp0,wyckoff_orbit,7,4e,3,0,True,torus_fractional_coordinate,4e;4e;4e;4e;4e;4e;4e;4e;4e;4e;4e;4e;4e;4e
SG14|4e;4e;4e;4e;4e;4e;4e;4e;4e;4e;4e;4e;4e;4e,14,28,orbit7_fp1,wyckoff_orbit,7,4e,3,1,True,torus_fractional_coordinate,4e;4e;4e;4e;4e;4e;4e;4e;4e;4e;4e;4e;4e;4e
SG14|4e;4e;4e;4e;4e;4e;4e;4e;4e;4e;4e;4e;4e;4e,14,29,orbit7_fp2,wyckoff_orbit,7,4e,3,2,True,torus_fractional_coordinate,4e;4e;4e;4e;4e;4e;4e;4e;4e;4e;4e;4e;4e;4e
SG14|4e;4e;4e;4e;4e;4e;4e;4e;4e;4e;4e;4e;4e;4e,14,30,orbit8_fp0,wyckoff_orbit,8,4e,3,0,True,torus_fractional_coordinate,4e;4e;4e;4e;4e;4e;4e;4e;4e;4e;4e;4e;4e;4e
SG14|4e;4e;4e;4e;4e;4e;4e;4e;4e;4e;4e;4e;4e;4e,14,31,orbit8_fp1,wyckoff_orbit,8,4e,3,1,True,torus_fractional_coordinate,4e;4e;4e;4e;4e;4e;4e;4e;4e;4e;4e;4e;4e;4e
SG14|4e;4e;4e;4e;4e;4e;4e;4e;4e;4e;4e;4e;4e;4e,14,32,orbit8_fp2,wyckoff_orbit,8,4e,3,2,True,torus_fractional_coordinate,4e;4e;4e;4e;4e;4e;4e;4e;4e;4e;4e;4e;4e;4e
SG14|4e;4e;4e;4e;4e;4e;4e;4e;4e;4e;4e;4e;4e;4e,14,33,orbit9_fp0,wyckoff_orbit,9,4e,3,0,True,torus_fractional_coordinate,4e;4e;4e;4e;4e;4e;4e;4e;4e;4e;4e;4e;4e;4e
SG14|4e;4e;4e;4e;4e;4e;4e;4e;4e;4e;4e;4e;4e;4e,14,34,orbit9_fp1,wyckoff_orbit,9,4e,3,1,True,torus_fractional_coordinate,4e;4e;4e;4e;4e;4e;4e;4e;4e;4e;4e;4e;4e;4e
SG14|4e;4e;4e;4e;4e;4e;4e;4e;4e;4e;4e;4e;4e;4e,14,35,orbit9_fp2,wyckoff_orbit,9,4e,3,2,True,torus_fractional_coordinate,4e;4e;4e;4e;4e;4e;4e;4e;4e;4e;4e;4e;4e;4e
SG14|4e;4e;4e;4e;4e;4e;4e;4e;4e;4e;4e;4e;4e;4e,14,36,orbit10_fp0,wyckoff_orbit,10,4e,3,0,True,torus_fractional_coordinate,4e;4e;4e;4e;4e;4e;4e;4e;4e;4e;4e;4e;4e;4e
SG14|4e;4e;4e;4e;4e;4e;4e;4e;4e;4e;4e;4e;4e;4e,14,37,orbit10_fp1,wyckoff_orbit,10,4e,3,1,True,torus_fractional_coordinate,4e;4e;4e;4e;4e;4e;4e;4e;4e;4e;4e;4e;4e;4e
SG14|4e;4e;4e;4e;4e;4e;4e;4e;4e;4e;4e;4e;4e;4e,14,38,orbit10_fp2,wyckoff_orbit,10,4e,3,2,True,torus_fractional_coordinate,4e;4e;4e;4e;4e;4e;4e;4e;4e;4e;4e;4e;4e;4e
SG14|4e;4e;4e;4e;4e;4e;4e;4e;4e;4e;4e;4e;4e;4e,14,39,orbit11_fp0,wyckoff_orbit,11,4e,3,0,True,torus_fractional_coordinate,4e;4e;4e;4e;4e;4e;4e;4e;4e;4e;4e;4e;4e;4e
SG14|4e;4e;4e;4e;4e;4e;4e;4e;4e;4e;4e;4e;4e;4e,14,40,orbit11_fp1,wyckoff_orbit,11,4e,3,1,True,torus_fractional_coordinate,4e;4e;4e;4e;4e;4e;4e;4e;4e;4e;4e;4e;4e;4e
SG14|4e;4e;4e;4e;4e;4e;4e;4e;4e;4e;4e;4e;4e;4e,14,41,orbit11_fp2,wyckoff_orbit,11,4e,3,2,True,torus_fractional_coordinate,4e;4e;4e;4e;4e;4e;4e;4e;4e;4e;4e;4e;4e;4e
SG14|4e;4e;4e;4e;4e;4e;4e;4e;4e;4e;4e;4e;4e;4e,14,42,orbit12_fp0,wyckoff_orbit,12,4e,3,0,True,torus_fractional_coordinate,4e;4e;4e;4e;4e;4e;4e;4e;4e;4e;4e;4e;4e;4e
SG14|4e;4e;4e;4e;4e;4e;4e;4e;4e;4e;4e;4e;4e;4e,14,43,orbit12_fp1,wyckoff_orbit,12,4e,3,1,True,torus_fractional_coordinate,4e;4e;4e;4e;4e;4e;4e;4e;4e;4e;4e;4e;4e;4e
SG14|4e;4e;4e;4e;4e;4e;4e;4e;4e;4e;4e;4e;4e;4e,14,44,orbit12_fp2,wyckoff_orbit,12,4e,3,2,True,torus_fractional_coordinate,4e;4e;4e;4e;4e;4e;4e;4e;4e;4e;4e;4e;4e;4e
SG14|4e;4e;4e;4e;4e;4e;4e;4e;4e;4e;4e;4e;4e;4e,14,45,orbit13_fp0,wyckoff_orbit,13,4e,3,0,True,torus_fractional_coordinate,4e;4e;4e;4e;4e;4e;4e;4e;4e;4e;4e;4e;4e;4e
SG14|4e;4e;4e;4e;4e;4e;4e;4e;4e;4e;4e;4e;4e;4e,14,46,orbit13_fp1,wyckoff_orbit,13,4e,3,1,True,torus_fractional_coordinate,4e;4e;4e;4e;4e;4e;4e;4e;4e;4e;4e;4e;4e;4e
SG14|4e;4e;4e;4e;4e;4e;4e;4e;4e;4e;4e;4e;4e;4e,14,47,orbit13_fp2,wyckoff_orbit,13,4e,3,2,True,torus_fractional_coordinate,4e;4e;4e;4e;4e;4e;4e;4e;4e;4e;4e;4e;4e;4e
SG14|4e;4e;4e;4e;4e;4e;4e;4e;4e;4e;4e;4e;4e,14,0,lattice_a,lattice,-1,,0,-1,False,positive_length,4e;4e;4e;4e;4e;4e;4e;4e;4e;4e;4e;4e;4e
SG14|4e;4e;4e;4e;4e;4e;4e;4e;4e;4e;4e;4e;4e,14,1,lattice_b,lattice,-1,,0,-1,False,positive_length,4e;4e;4e;4e;4e;4e;4e;4e;4e;4e;4e;4e;4e
SG14|4e;4e;4e;4e;4e;4e;4e;4e;4e;4e;4e;4e;4e,14,2,lattice_c,lattice,-1,,0,-1,False,positive_length,4e;4e;4e;4e;4e;4e;4e;4e;4e;4e;4e;4e;4e
SG14|4e;4e;4e;4e;4e;4e;4e;4e;4e;4e;4e;4e;4e,14,3,alpha,lattice,-1,,0,-1,False,angle_degree,4e;4e;4e;4e;4e;4e;4e;4e;4e;4e;4e;4e;4e
SG14|4e;4e;4e;4e;4e;4e;4e;4e;4e;4e;4e;4e;4e,14,4,beta,lattice,-1,,0,-1,False,angle_degree,4e;4e;4e;4e;4e;4e;4e;4e;4e;4e;4e;4e;4e
SG14|4e;4e;4e;4e;4e;4e;4e;4e;4e;4e;4e;4e;4e,14,5,gamma,lattice,-1,,0,-1,False,angle_degree,4e;4e;4e;4e;4e;4e;4e;4e;4e;4e;4e;4e;4e
SG14|4e;4e;4e;4e;4e;4e;4e;4e;4e;4e;4e;4e;4e,14,6,orbit0_fp0,wyckoff_orbit,0,4e,3,0,True,torus_fractional_coordinate,4e;4e;4e;4e;4e;4e;4e;4e;4e;4e;4e;4e;4e
SG14|4e;4e;4e;4e;4e;4e;4e;4e;4e;4e;4e;4e;4e,14,7,orbit0_fp1,wyckoff_orbit,0,4e,3,1,True,torus_fractional_coordinate,4e;4e;4e;4e;4e;4e;4e;4e;4e;4e;4e;4e;4e
SG14|4e;4e;4e;4e;4e;4e;4e;4e;4e;4e;4e;4e;4e,14,8,orbit0_fp2,wyckoff_orbit,0,4e,3,2,True,torus_fractional_coordinate,4e;4e;4e;4e;4e;4e;4e;4e;4e;4e;4e;4e;4e
SG14|4e;4e;4e;4e;4e;4e;4e;4e;4e;4e;4e;4e;4e,14,9,orbit1_fp0,wyckoff_orbit,1,4e,3,0,True,torus_fractional_coordinate,4e;4e;4e;4e;4e;4e;4e;4e;4e;4e;4e;4e;4e
SG14|4e;4e;4e;4e;4e;4e;4e;4e;4e;4e;4e;4e;4e,14,10,orbit1_fp1,wyckoff_orbit,1,4e,3,1,True,torus_fractional_coordinate,4e;4e;4e;4e;4e;4e;4e;4e;4e;4e;4e;4e;4e
SG14|4e;4e;4e;4e;4e;4e;4e;4e;4e;4e;4e;4e;4e,14,11,orbit1_fp2,wyckoff_orbit,1,4e,3,2,True,torus_fractional_coordinate,4e;4e;4e;4e;4e;4e;4e;4e;4e;4e;4e;4e;4e
SG14|4e;4e;4e;4e;4e;4e;4e;4e;4e;4e;4e;4e;4e,14,12,orbit2_fp0,wyckoff_orbit,2,4e,3,0,True,torus_fractional_coordinate,4e;4e;4e;4e;4e;4e;4e;4e;4e;4e;4e;4e;4e
SG14|4e;4e;4e;4e;4e;4e;4e;4e;4e;4e;4e;4e;4e,14,13,orbit2_fp1,wyckoff_orbit,2,4e,3,1,True,torus_fractional_coordinate,4e;4e;4e;4e;4e;4e;4e;4e;4e;4e;4e;4e;4e
SG14|4e;4e;4e;4e;4e;4e;4e;4e;4e;4e;4e;4e;4e,14,14,orbit2_fp2,wyckoff_orbit,2,4e,3,2,True,torus_fractional_coordinate,4e;4e;4e;4e;4e;4e;4e;4e;4e;4e;4e;4e;4e
SG14|4e;4e;4e;4e;4e;4e;4e;4e;4e;4e;4e;4e;4e,14,15,orbit3_fp0,wyckoff_orbit,3,4e,3,0,True,torus_fractional_coordinate,4e;4e;4e;4e;4e;4e;4e;4e;4e;4e;4e;4e;4e
SG14|4e;4e;4e;4e;4e;4e;4e;4e;4e;4e;4e;4e;4e,14,16,orbit3_fp1,wyckoff_orbit,3,4e,3,1,True,torus_fractional_coordinate,4e;4e;4e;4e;4e;4e;4e;4e;4e;4e;4e;4e;4e
SG14|4e;4e;4e;4e;4e;4e;4e;4e;4e;4e;4e;4e;4e,14,17,orbit3_fp2,wyckoff_orbit,3,4e,3,2,True,torus_fractional_coordinate,4e;4e;4e;4e;4e;4e;4e;4e;4e;4e;4e;4e;4e
SG14|4e;4e;4e;4e;4e;4e;4e;4e;4e;4e;4e;4e;4e,14,18,orbit4_fp0,wyckoff_orbit,4,4e,3,0,True,torus_fractional_coordinate,4e;4e;4e;4e;4e;4e;4e;4e;4e;4e;4e;4e;4e
SG14|4e;4e;4e;4e;4e;4e;4e;4e;4e;4e;4e;4e;4e,14,19,orbit4_fp1,wyckoff_orbit,4,4e,3,1,True,torus_fractional_coordinate,4e;4e;4e;4e;4e;4e;4e;4e;4e;4e;4e;4e;4e
SG14|4e;4e;4e;4e;4e;4e;4e;4e;4e;4e;4e;4e;4e,14,20,orbit4_fp2,wyckoff_orbit,4,4e,3,2,True,torus_fractional_coordinate,4e;4e;4e;4e;4e;4e;4e;4e;4e;4e;4e;4e;4e
SG14|4e;4e;4e;4e;4e;4e;4e;4e;4e;4e;4e;4e;4e,14,21,orbit5_fp0,wyckoff_orbit,5,4e,3,0,True,torus_fractional_coordinate,4e;4e;4e;4e;4e;4e;4e;4e;4e;4e;4e;4e;4e
SG14|4e;4e;4e;4e;4e;4e;4e;4e;4e;4e;4e;4e;4e,14,22,orbit5_fp1,wyckoff_orbit,5,4e,3,1,True,torus_fractional_coordinate,4e;4e;4e;4e;4e;4e;4e;4e;4e;4e;4e;4e;4e
SG14|4e;4e;4e;4e;4e;4e;4e;4e;4e;4e;4e;4e;4e,14,23,orbit5_fp2,wyckoff_orbit,5,4e,3,2,True,torus_fractional_coordinate,4e;4e;4e;4e;4e;4e;4e;4e;4e;4e;4e;4e;4e
SG14|4e;4e;4e;4e;4e;4e;4e;4e;4e;4e;4e;4e;4e,14,24,orbit6_fp0,wyckoff_orbit,6,4e,3,0,True,torus_fractional_coordinate,4e;4e;4e;4e;4e;4e;4e;4e;4e;4e;4e;4e;4e
SG14|4e;4e;4e;4e;4e;4e;4e;4e;4e;4e;4e;4e;4e,14,25,orbit6_fp1,wyckoff_orbit,6,4e,3,1,True,torus_fractional_coordinate,4e;4e;4e;4e;4e;4e;4e;4e;4e;4e;4e;4e;4e
SG14|4e;4e;4e;4e;4e;4e;4e;4e;4e;4e;4e;4e;4e,14,26,orbit6_fp2,wyckoff_orbit,6,4e,3,2,True,torus_fractional_coordinate,4e;4e;4e;4e;4e;4e;4e;4e;4e;4e;4e;4e;4e
SG14|4e;4e;4e;4e;4e;4e;4e;4e;4e;4e;4e;4e;4e,14,27,orbit7_fp0,wyckoff_orbit,7,4e,3,0,True,torus_fractional_coordinate,4e;4e;4e;4e;4e;4e;4e;4e;4e;4e;4e;4e;4e
SG14|4e;4e;4e;4e;4e;4e;4e;4e;4e;4e;4e;4e;4e,14,28,orbit7_fp1,wyckoff_orbit,7,4e,3,1,True,torus_fractional_coordinate,4e;4e;4e;4e;4e;4e;4e;4e;4e;4e;4e;4e;4e
SG14|4e;4e;4e;4e;4e;4e;4e;4e;4e;4e;4e;4e;4e,14,29,orbit7_fp2,wyckoff_orbit,7,4e,3,2,True,torus_fractional_coordinate,4e;4e;4e;4e;4e;4e;4e;4e;4e;4e;4e;4e;4e
SG14|4e;4e;4e;4e;4e;4e;4e;4e;4e;4e;4e;4e;4e,14,30,orbit8_fp0,wyckoff_orbit,8,4e,3,0,True,torus_fractional_coordinate,4e;4e;4e;4e;4e;4e;4e;4e;4e;4e;4e;4e;4e
SG14|4e;4e;4e;4e;4e;4e;4e;4e;4e;4e;4e;4e;4e,14,31,orbit8_fp1,wyckoff_orbit,8,4e,3,1,True,torus_fractional_coordinate,4e;4e;4e;4e;4e;4e;4e;4e;4e;4e;4e;4e;4e
SG14|4e;4e;4e;4e;4e;4e;4e;4e;4e;4e;4e;4e;4e,14,32,orbit8_fp2,wyckoff_orbit,8,4e,3,2,True,torus_fractional_coordinate,4e;4e;4e;4e;4e;4e;4e;4e;4e;4e;4e;4e;4e
SG14|4e;4e;4e;4e;4e;4e;4e;4e;4e;4e;4e;4e;4e,14,33,orbit9_fp0,wyckoff_orbit,9,4e,3,0,True,torus_fractional_coordinate,4e;4e;4e;4e;4e;4e;4e;4e;4e;4e;4e;4e;4e
SG14|4e;4e;4e;4e;4e;4e;4e;4e;4e;4e;4e;4e;4e,14,34,orbit9_fp1,wyckoff_orbit,9,4e,3,1,True,torus_fractional_coordinate,4e;4e;4e;4e;4e;4e;4e;4e;4e;4e;4e;4e;4e
SG14|4e;4e;4e;4e;4e;4e;4e;4e;4e;4e;4e;4e;4e,14,35,orbit9_fp2,wyckoff_orbit,9,4e,3,2,True,torus_fractional_coordinate,4e;4e;4e;4e;4e;4e;4e;4e;4e;4e;4e;4e;4e
SG14|4e;4e;4e;4e;4e;4e;4e;4e;4e;4e;4e;4e;4e,14,36,orbit10_fp0,wyckoff_orbit,10,4e,3,0,True,torus_fractional_coordinate,4e;4e;4e;4e;4e;4e;4e;4e;4e;4e;4e;4e;4e
SG14|4e;4e;4e;4e;4e;4e;4e;4e;4e;4e;4e;4e;4e,14,37,orbit10_fp1,wyckoff_orbit,10,4e,3,1,True,torus_fractional_coordinate,4e;4e;4e;4e;4e;4e;4e;4e;4e;4e;4e;4e;4e
SG14|4e;4e;4e;4e;4e;4e;4e;4e;4e;4e;4e;4e;4e,14,38,orbit10_fp2,wyckoff_orbit,10,4e,3,2,True,torus_fractional_coordinate,4e;4e;4e;4e;4e;4e;4e;4e;4e;4e;4e;4e;4e
SG14|4e;4e;4e;4e;4e;4e;4e;4e;4e;4e;4e;4e;4e,14,39,orbit11_fp0,wyckoff_orbit,11,4e,3,0,True,torus_fractional_coordinate,4e;4e;4e;4e;4e;4e;4e;4e;4e;4e;4e;4e;4e
SG14|4e;4e;4e;4e;4e;4e;4e;4e;4e;4e;4e;4e;4e,14,40,orbit11_fp1,wyckoff_orbit,11,4e,3,1,True,torus_fractional_coordinate,4e;4e;4e;4e;4e;4e;4e;4e;4e;4e;4e;4e;4e
SG14|4e;4e;4e;4e;4e;4e;4e;4e;4e;4e;4e;4e;4e,14,41,orbit11_fp2,wyckoff_orbit,11,4e,3,2,True,torus_fractional_coordinate,4e;4e;4e;4e;4e;4e;4e;4e;4e;4e;4e;4e;4e
SG14|4e;4e;4e;4e;4e;4e;4e;4e;4e;4e;4e;4e;4e,14,42,orbit12_fp0,wyckoff_orbit,12,4e,3,0,True,torus_fractional_coordinate,4e;4e;4e;4e;4e;4e;4e;4e;4e;4e;4e;4e;4e
SG14|4e;4e;4e;4e;4e;4e;4e;4e;4e;4e;4e;4e;4e,14,43,orbit12_fp1,wyckoff_orbit,12,4e,3,1,True,torus_fractional_coordinate,4e;4e;4e;4e;4e;4e;4e;4e;4e;4e;4e;4e;4e
SG14|4e;4e;4e;4e;4e;4e;4e;4e;4e;4e;4e;4e;4e,14,44,orbit12_fp2,wyckoff_orbit,12,4e,3,2,True,torus_fractional_coordinate,4e;4e;4e;4e;4e;4e;4e;4e;4e;4e;4e;4e;4e
SG14|4e;4e;4e;4e;4e;4e;4e;4e;4e;4e;4e;4e,14,0,lattice_a,lattice,-1,,0,-1,False,positive_length,4e;4e;4e;4e;4e;4e;4e;4e;4e;4e;4e;4e
SG14|4e;4e;4e;4e;4e;4e;4e;4e;4e;4e;4e;4e,14,1,lattice_b,lattice,-1,,0,-1,False,positive_length,4e;4e;4e;4e;4e;4e;4e;4e;4e;4e;4e;4e
SG14|4e;4e;4e;4e;4e;4e;4e;4e;4e;4e;4e;4e,14,2,lattice_c,lattice,-1,,0,-1,False,positive_length,4e;4e;4e;4e;4e;4e;4e;4e;4e;4e;4e;4e
SG14|4e;4e;4e;4e;4e;4e;4e;4e;4e;4e;4e;4e,14,3,alpha,lattice,-1,,0,-1,False,angle_degree,4e;4e;4e;4e;4e;4e;4e;4e;4e;4e;4e;4e
SG14|4e;4e;4e;4e;4e;4e;4e;4e;4e;4e;4e;4e,14,4,beta,lattice,-1,,0,-1,False,angle_degree,4e;4e;4e;4e;4e;4e;4e;4e;4e;4e;4e;4e
SG14|4e;4e;4e;4e;4e;4e;4e;4e;4e;4e;4e;4e,14,5,gamma,lattice,-1,,0,-1,False,angle_degree,4e;4e;4e;4e;4e;4e;4e;4e;4e;4e;4e;4e
SG14|4e;4e;4e;4e;4e;4e;4e;4e;4e;4e;4e;4e,14,6,orbit0_fp0,wyckoff_orbit,0,4e,3,0,True,torus_fractional_coordinate,4e;4e;4e;4e;4e;4e;4e;4e;4e;4e;4e;4e
SG14|4e;4e;4e;4e;4e;4e;4e;4e;4e;4e;4e;4e,14,7,orbit0_fp1,wyckoff_orbit,0,4e,3,1,True,torus_fractional_coordinate,4e;4e;4e;4e;4e;4e;4e;4e;4e;4e;4e;4e
SG14|4e;4e;4e;4e;4e;4e;4e;4e;4e;4e;4e;4e,14,8,orbit0_fp2,wyckoff_orbit,0,4e,3,2,True,torus_fractional_coordinate,4e;4e;4e;4e;4e;4e;4e;4e;4e;4e;4e;4e
SG14|4e;4e;4e;4e;4e;4e;4e;4e;4e;4e;4e;4e,14,9,orbit1_fp0,wyckoff_orbit,1,4e,3,0,True,torus_fractional_coordinate,4e;4e;4e;4e;4e;4e;4e;4e;4e;4e;4e;4e
SG14|4e;4e;4e;4e;4e;4e;4e;4e;4e;4e;4e;4e,14,10,orbit1_fp1,wyckoff_orbit,1,4e,3,1,True,torus_fractional_coordinate,4e;4e;4e;4e;4e;4e;4e;4e;4e;4e;4e;4e
SG14|4e;4e;4e;4e;4e;4e;4e;4e;4e;4e;4e;4e,14,11,orbit1_fp2,wyckoff_orbit,1,4e,3,2,True,torus_fractional_coordinate,4e;4e;4e;4e;4e;4e;4e;4e;4e;4e;4e;4e
SG14|4e;4e;4e;4e;4e;4e;4e;4e;4e;4e;4e;4e,14,12,orbit2_fp0,wyckoff_orbit,2,4e,3,0,True,torus_fractional_coordinate,4e;4e;4e;4e;4e;4e;4e;4e;4e;4e;4e;4e
SG14|4e;4e;4e;4e;4e;4e;4e;4e;4e;4e;4e;4e,14,13,orbit2_fp1,wyckoff_orbit,2,4e,3,1,True,torus_fractional_coordinate,4e;4e;4e;4e;4e;4e;4e;4e;4e;4e;4e;4e
SG14|4e;4e;4e;4e;4e;4e;4e;4e;4e;4e;4e;4e,14,14,orbit2_fp2,wyckoff_orbit,2,4e,3,2,True,torus_fractional_coordinate,4e;4e;4e;4e;4e;4e;4e;4e;4e;4e;4e;4e
SG14|4e;4e;4e;4e;4e;4e;4e;4e;4e;4e;4e;4e,14,15,orbit3_fp0,wyckoff_orbit,3,4e,3,0,True,torus_fractional_coordinate,4e;4e;4e;4e;4e;4e;4e;4e;4e;4e;4e;4e
SG14|4e;4e;4e;4e;4e;4e;4e;4e;4e;4e;4e;4e,14,16,orbit3_fp1,wyckoff_orbit,3,4e,3,1,True,torus_fractional_coordinate,4e;4e;4e;4e;4e;4e;4e;4e;4e;4e;4e;4e
SG14|4e;4e;4e;4e;4e;4e;4e;4e;4e;4e;4e;4e,14,17,orbit3_fp2,wyckoff_orbit,3,4e,3,2,True,torus_fractional_coordinate,4e;4e;4e;4e;4e;4e;4e;4e;4e;4e;4e;4e
SG14|4e;4e;4e;4e;4e;4e;4e;4e;4e;4e;4e;4e,14,18,orbit4_fp0,wyckoff_orbit,4,4e,3,0,True,torus_fractional_coordinate,4e;4e;4e;4e;4e;4e;4e;4e;4e;4e;4e;4e
SG14|4e;4e;4e;4e;4e;4e;4e;4e;4e;4e;4e;4e,14,19,orbit4_fp1,wyckoff_orbit,4,4e,3,1,True,torus_fractional_coordinate,4e;4e;4e;4e;4e;4e;4e;4e;4e;4e;4e;4e
SG14|4e;4e;4e;4e;4e;4e;4e;4e;4e;4e;4e;4e,14,20,orbit4_fp2,wyckoff_orbit,4,4e,3,2,True,torus_fractional_coordinate,4e;4e;4e;4e;4e;4e;4e;4e;4e;4e;4e;4e
SG14|4e;4e;4e;4e;4e;4e;4e;4e;4e;4e;4e;4e,14,21,orbit5_fp0,wyckoff_orbit,5,4e,3,0,True,torus_fractional_coordinate,4e;4e;4e;4e;4e;4e;4e;4e;4e;4e;4e;4e
SG14|4e;4e;4e;4e;4e;4e;4e;4e;4e;4e;4e;4e,14,22,orbit5_fp1,wyckoff_orbit,5,4e,3,1,True,torus_fractional_coordinate,4e;4e;4e;4e;4e;4e;4e;4e;4e;4e;4e;4e
SG14|4e;4e;4e;4e;4e;4e;4e;4e;4e;4e;4e;4e,14,23,orbit5_fp2,wyckoff_orbit,5,4e,3,2,True,torus_fractional_coordinate,4e;4e;4e;4e;4e;4e;4e;4e;4e;4e;4e;4e
SG14|4e;4e;4e;4e;4e;4e;4e;4e;4e;4e;4e;4e,14,24,orbit6_fp0,wyckoff_orbit,6,4e,3,0,True,torus_fractional_coordinate,4e;4e;4e;4e;4e;4e;4e;4e;4e;4e;4e;4e
SG14|4e;4e;4e;4e;4e;4e;4e;4e;4e;4e;4e;4e,14,25,orbit6_fp1,wyckoff_orbit,6,4e,3,1,True,torus_fractional_coordinate,4e;4e;4e;4e;4e;4e;4e;4e;4e;4e;4e;4e
SG14|4e;4e;4e;4e;4e;4e;4e;4e;4e;4e;4e;4e,14,26,orbit6_fp2,wyckoff_orbit,6,4e,3,2,True,torus_fractional_coordinate,4e;4e;4e;4e;4e;4e;4e;4e;4e;4e;4e;4e
SG14|4e;4e;4e;4e;4e;4e;4e;4e;4e;4e;4e;4e,14,27,orbit7_fp0,wyckoff_orbit,7,4e,3,0,True,torus_fractional_coordinate,4e;4e;4e;4e;4e;4e;4e;4e;4e;4e;4e;4e
SG14|4e;4e;4e;4e;4e;4e;4e;4e;4e;4e;4e;4e,14,28,orbit7_fp1,wyckoff_orbit,7,4e,3,1,True,torus_fractional_coordinate,4e;4e;4e;4e;4e;4e;4e;4e;4e;4e;4e;4e
SG14|4e;4e;4e;4e;4e;4e;4e;4e;4e;4e;4e;4e,14,29,orbit7_fp2,wyckoff_orbit,7,4e,3,2,True,torus_fractional_coordinate,4e;4e;4e;4e;4e;4e;4e;4e;4e;4e;4e;4e
SG14|4e;4e;4e;4e;4e;4e;4e;4e;4e;4e;4e;4e,14,30,orbit8_fp0,wyckoff_orbit,8,4e,3,0,True,torus_fractional_coordinate,4e;4e;4e;4e;4e;4e;4e;4e;4e;4e;4e;4e
SG14|4e;4e;4e;4e;4e;4e;4e;4e;4e;4e;4e;4e,14,31,orbit8_fp1,wyckoff_orbit,8,4e,3,1,True,torus_fractional_coordinate,4e;4e;4e;4e;4e;4e;4e;4e;4e;4e;4e;4e
SG14|4e;4e;4e;4e;4e;4e;4e;4e;4e;4e;4e;4e,14,32,orbit8_fp2,wyckoff_orbit,8,4e,3,2,True,torus_fractional_coordinate,4e;4e;4e;4e;4e;4e;4e;4e;4e;4e;4e;4e
SG14|4e;4e;4e;4e;4e;4e;4e;4e;4e;4e;4e;4e,14,33,orbit9_fp0,wyckoff_orbit,9,4e,3,0,True,torus_fractional_coordinate,4e;4e;4e;4e;4e;4e;4e;4e;4e;4e;4e;4e
SG14|4e;4e;4e;4e;4e;4e;4e;4e;4e;4e;4e;4e,14,34,orbit9_fp1,wyckoff_orbit,9,4e,3,1,True,torus_fractional_coordinate,4e;4e;4e;4e;4e;4e;4e;4e;4e;4e;4e;4e
SG14|4e;4e;4e;4e;4e;4e;4e;4e;4e;4e;4e;4e,14,35,orbit9_fp2,wyckoff_orbit,9,4e,3,2,True,torus_fractional_coordinate,4e;4e;4e;4e;4e;4e;4e;4e;4e;4e;4e;4e
SG14|4e;4e;4e;4e;4e;4e;4e;4e;4e;4e;4e;4e,14,36,orbit10_fp0,wyckoff_orbit,10,4e,3,0,True,torus_fractional_coordinate,4e;4e;4e;4e;4e;4e;4e;4e;4e;4e;4e;4e
SG14|4e;4e;4e;4e;4e;4e;4e;4e;4e;4e;4e;4e,14,37,orbit10_fp1,wyckoff_orbit,10,4e,3,1,True,torus_fractional_coordinate,4e;4e;4e;4e;4e;4e;4e;4e;4e;4e;4e;4e
SG14|4e;4e;4e;4e;4e;4e;4e;4e;4e;4e;4e;4e,14,38,orbit10_fp2,wyckoff_orbit,10,4e,3,2,True,torus_fractional_coordinate,4e;4e;4e;4e;4e;4e;4e;4e;4e;4e;4e;4e
SG14|4e;4e;4e;4e;4e;4e;4e;4e;4e;4e;4e;4e,14,39,orbit11_fp0,wyckoff_orbit,11,4e,3,0,True,torus_fractional_coordinate,4e;4e;4e;4e;4e;4e;4e;4e;4e;4e;4e;4e
SG14|4e;4e;4e;4e;4e;4e;4e;4e;4e;4e;4e;4e,14,40,orbit11_fp1,wyckoff_orbit,11,4e,3,1,True,torus_fractional_coordinate,4e;4e;4e;4e;4e;4e;4e;4e;4e;4e;4e;4e
SG14|4e;4e;4e;4e;4e;4e;4e;4e;4e;4e;4e;4e,14,41,orbit11_fp2,wyckoff_orbit,11,4e,3,2,True,torus_fractional_coordinate,4e;4e;4e;4e;4e;4e;4e;4e;4e;4e;4e;4e
SG14|4e;4e;4e;4e;4e;4e;4e;4e,14,0,lattice_a,lattice,-1,,0,-1,False,positive_length,4e;4e;4e;4e;4e;4e;4e;4e
SG14|4e;4e;4e;4e;4e;4e;4e;4e,14,1,lattice_b,lattice,-1,,0,-1,False,positive_length,4e;4e;4e;4e;4e;4e;4e;4e
SG14|4e;4e;4e;4e;4e;4e;4e;4e,14,2,lattice_c,lattice,-1,,0,-1,False,positive_length,4e;4e;4e;4e;4e;4e;4e;4e
SG14|4e;4e;4e;4e;4e;4e;4e;4e,14,3,alpha,lattice,-1,,0,-1,False,angle_degree,4e;4e;4e;4e;4e;4e;4e;4e
SG14|4e;4e;4e;4e;4e;4e;4e;4e,14,4,beta,lattice,-1,,0,-1,False,angle_degree,4e;4e;4e;4e;4e;4e;4e;4e
SG14|4e;4e;4e;4e;4e;4e;4e;4e,14,5,gamma,lattice,-1,,0,-1,False,angle_degree,4e;4e;4e;4e;4e;4e;4e;4e
SG14|4e;4e;4e;4e;4e;4e;4e;4e,14,6,orbit0_fp0,wyckoff_orbit,0,4e,3,0,True,torus_fractional_coordinate,4e;4e;4e;4e;4e;4e;4e;4e
SG14|4e;4e;4e;4e;4e;4e;4e;4e,14,7,orbit0_fp1,wyckoff_orbit,0,4e,3,1,True,torus_fractional_coordinate,4e;4e;4e;4e;4e;4e;4e;4e
SG14|4e;4e;4e;4e;4e;4e;4e;4e,14,8,orbit0_fp2,wyckoff_orbit,0,4e,3,2,True,torus_fractional_coordinate,4e;4e;4e;4e;4e;4e;4e;4e
SG14|4e;4e;4e;4e;4e;4e;4e;4e,14,9,orbit1_fp0,wyckoff_orbit,1,4e,3,0,True,torus_fractional_coordinate,4e;4e;4e;4e;4e;4e;4e;4e
SG14|4e;4e;4e;4e;4e;4e;4e;4e,14,10,orbit1_fp1,wyckoff_orbit,1,4e,3,1,True,torus_fractional_coordinate,4e;4e;4e;4e;4e;4e;4e;4e
SG14|4e;4e;4e;4e;4e;4e;4e;4e,14,11,orbit1_fp2,wyckoff_orbit,1,4e,3,2,True,torus_fractional_coordinate,4e;4e;4e;4e;4e;4e;4e;4e
SG14|4e;4e;4e;4e;4e;4e;4e;4e,14,12,orbit2_fp0,wyckoff_orbit,2,4e,3,0,True,torus_fractional_coordinate,4e;4e;4e;4e;4e;4e;4e;4e
SG14|4e;4e;4e;4e;4e;4e;4e;4e,14,13,orbit2_fp1,wyckoff_orbit,2,4e,3,1,True,torus_fractional_coordinate,4e;4e;4e;4e;4e;4e;4e;4e
SG14|4e;4e;4e;4e;4e;4e;4e;4e,14,14,orbit2_fp2,wyckoff_orbit,2,4e,3,2,True,torus_fractional_coordinate,4e;4e;4e;4e;4e;4e;4e;4e
SG14|4e;4e;4e;4e;4e;4e;4e;4e,14,15,orbit3_fp0,wyckoff_orbit,3,4e,3,0,True,torus_fractional_coordinate,4e;4e;4e;4e;4e;4e;4e;4e
SG14|4e;4e;4e;4e;4e;4e;4e;4e,14,16,orbit3_fp1,wyckoff_orbit,3,4e,3,1,True,torus_fractional_coordinate,4e;4e;4e;4e;4e;4e;4e;4e
SG14|4e;4e;4e;4e;4e;4e;4e;4e,14,17,orbit3_fp2,wyckoff_orbit,3,4e,3,2,True,torus_fractional_coordinate,4e;4e;4e;4e;4e;4e;4e;4e
SG14|4e;4e;4e;4e;4e;4e;4e;4e,14,18,orbit4_fp0,wyckoff_orbit,4,4e,3,0,True,torus_fractional_coordinate,4e;4e;4e;4e;4e;4e;4e;4e
SG14|4e;4e;4e;4e;4e;4e;4e;4e,14,19,orbit4_fp1,wyckoff_orbit,4,4e,3,1,True,torus_fractional_coordinate,4e;4e;4e;4e;4e;4e;4e;4e
SG14|4e;4e;4e;4e;4e;4e;4e;4e,14,20,orbit4_fp2,wyckoff_orbit,4,4e,3,2,True,torus_fractional_coordinate,4e;4e;4e;4e;4e;4e;4e;4e
SG14|4e;4e;4e;4e;4e;4e;4e;4e,14,21,orbit5_fp0,wyckoff_orbit,5,4e,3,0,True,torus_fractional_coordinate,4e;4e;4e;4e;4e;4e;4e;4e
SG14|4e;4e;4e;4e;4e;4e;4e;4e,14,22,orbit5_fp1,wyckoff_orbit,5,4e,3,1,True,torus_fractional_coordinate,4e;4e;4e;4e;4e;4e;4e;4e
SG14|4e;4e;4e;4e;4e;4e;4e;4e,14,23,orbit5_fp2,wyckoff_orbit,5,4e,3,2,True,torus_fractional_coordinate,4e;4e;4e;4e;4e;4e;4e;4e
SG14|4e;4e;4e;4e;4e;4e;4e;4e,14,24,orbit6_fp0,wyckoff_orbit,6,4e,3,0,True,torus_fractional_coordinate,4e;4e;4e;4e;4e;4e;4e;4e
SG14|4e;4e;4e;4e;4e;4e;4e;4e,14,25,orbit6_fp1,wyckoff_orbit,6,4e,3,1,True,torus_fractional_coordinate,4e;4e;4e;4e;4e;4e;4e;4e
SG14|4e;4e;4e;4e;4e;4e;4e;4e,14,26,orbit6_fp2,wyckoff_orbit,6,4e,3,2,True,torus_fractional_coordinate,4e;4e;4e;4e;4e;4e;4e;4e
SG14|4e;4e;4e;4e;4e;4e;4e;4e,14,27,orbit7_fp0,wyckoff_orbit,7,4e,3,0,True,torus_fractional_coordinate,4e;4e;4e;4e;4e;4e;4e;4e
SG14|4e;4e;4e;4e;4e;4e;4e;4e,14,28,orbit7_fp1,wyckoff_orbit,7,4e,3,1,True,torus_fractional_coordinate,4e;4e;4e;4e;4e;4e;4e;4e
SG14|4e;4e;4e;4e;4e;4e;4e;4e,14,29,orbit7_fp2,wyckoff_orbit,7,4e,3,2,True,torus_fractional_coordinate,4e;4e;4e;4e;4e;4e;4e;4e
SG15|2e;2e;4f;4f;4f;4f;4f;4f;4f;4f,15,0,lattice_a,lattice,-1,,0,-1,False,positive_length,2e;2e;4f;4f;4f;4f;4f;4f;4f;4f
SG15|2e;2e;4f;4f;4f;4f;4f;4f;4f;4f,15,1,lattice_b,lattice,-1,,0,-1,False,positive_length,2e;2e;4f;4f;4f;4f;4f;4f;4f;4f
SG15|2e;2e;4f;4f;4f;4f;4f;4f;4f;4f,15,2,lattice_c,lattice,-1,,0,-1,False,positive_length,2e;2e;4f;4f;4f;4f;4f;4f;4f;4f
SG15|2e;2e;4f;4f;4f;4f;4f;4f;4f;4f,15,3,alpha,lattice,-1,,0,-1,False,angle_degree,2e;2e;4f;4f;4f;4f;4f;4f;4f;4f
SG15|2e;2e;4f;4f;4f;4f;4f;4f;4f;4f,15,4,beta,lattice,-1,,0,-1,False,angle_degree,2e;2e;4f;4f;4f;4f;4f;4f;4f;4f
SG15|2e;2e;4f;4f;4f;4f;4f;4f;4f;4f,15,5,gamma,lattice,-1,,0,-1,False,angle_degree,2e;2e;4f;4f;4f;4f;4f;4f;4f;4f
SG15|2e;2e;4f;4f;4f;4f;4f;4f;4f;4f,15,6,orbit0_fp0,wyckoff_orbit,0,2e,1,0,True,torus_fractional_coordinate,2e;2e;4f;4f;4f;4f;4f;4f;4f;4f
SG15|2e;2e;4f;4f;4f;4f;4f;4f;4f;4f,15,7,orbit1_fp0,wyckoff_orbit,1,2e,1,0,True,torus_fractional_coordinate,2e;2e;4f;4f;4f;4f;4f;4f;4f;4f
SG15|2e;2e;4f;4f;4f;4f;4f;4f;4f;4f,15,8,orbit2_fp0,wyckoff_orbit,2,4f,3,0,True,torus_fractional_coordinate,2e;2e;4f;4f;4f;4f;4f;4f;4f;4f
SG15|2e;2e;4f;4f;4f;4f;4f;4f;4f;4f,15,9,orbit2_fp1,wyckoff_orbit,2,4f,3,1,True,torus_fractional_coordinate,2e;2e;4f;4f;4f;4f;4f;4f;4f;4f
SG15|2e;2e;4f;4f;4f;4f;4f;4f;4f;4f,15,10,orbit2_fp2,wyckoff_orbit,2,4f,3,2,True,torus_fractional_coordinate,2e;2e;4f;4f;4f;4f;4f;4f;4f;4f
SG15|2e;2e;4f;4f;4f;4f;4f;4f;4f;4f,15,11,orbit3_fp0,wyckoff_orbit,3,4f,3,0,True,torus_fractional_coordinate,2e;2e;4f;4f;4f;4f;4f;4f;4f;4f
SG15|2e;2e;4f;4f;4f;4f;4f;4f;4f;4f,15,12,orbit3_fp1,wyckoff_orbit,3,4f,3,1,True,torus_fractional_coordinate,2e;2e;4f;4f;4f;4f;4f;4f;4f;4f
SG15|2e;2e;4f;4f;4f;4f;4f;4f;4f;4f,15,13,orbit3_fp2,wyckoff_orbit,3,4f,3,2,True,torus_fractional_coordinate,2e;2e;4f;4f;4f;4f;4f;4f;4f;4f
SG15|2e;2e;4f;4f;4f;4f;4f;4f;4f;4f,15,14,orbit4_fp0,wyckoff_orbit,4,4f,3,0,True,torus_fractional_coordinate,2e;2e;4f;4f;4f;4f;4f;4f;4f;4f
SG15|2e;2e;4f;4f;4f;4f;4f;4f;4f;4f,15,15,orbit4_fp1,wyckoff_orbit,4,4f,3,1,True,torus_fractional_coordinate,2e;2e;4f;4f;4f;4f;4f;4f;4f;4f
SG15|2e;2e;4f;4f;4f;4f;4f;4f;4f;4f,15,16,orbit4_fp2,wyckoff_orbit,4,4f,3,2,True,torus_fractional_coordinate,2e;2e;4f;4f;4f;4f;4f;4f;4f;4f
SG15|2e;2e;4f;4f;4f;4f;4f;4f;4f;4f,15,17,orbit5_fp0,wyckoff_orbit,5,4f,3,0,True,torus_fractional_coordinate,2e;2e;4f;4f;4f;4f;4f;4f;4f;4f
SG15|2e;2e;4f;4f;4f;4f;4f;4f;4f;4f,15,18,orbit5_fp1,wyckoff_orbit,5,4f,3,1,True,torus_fractional_coordinate,2e;2e;4f;4f;4f;4f;4f;4f;4f;4f
SG15|2e;2e;4f;4f;4f;4f;4f;4f;4f;4f,15,19,orbit5_fp2,wyckoff_orbit,5,4f,3,2,True,torus_fractional_coordinate,2e;2e;4f;4f;4f;4f;4f;4f;4f;4f
SG15|2e;2e;4f;4f;4f;4f;4f;4f;4f;4f,15,20,orbit6_fp0,wyckoff_orbit,6,4f,3,0,True,torus_fractional_coordinate,2e;2e;4f;4f;4f;4f;4f;4f;4f;4f
SG15|2e;2e;4f;4f;4f;4f;4f;4f;4f;4f,15,21,orbit6_fp1,wyckoff_orbit,6,4f,3,1,True,torus_fractional_coordinate,2e;2e;4f;4f;4f;4f;4f;4f;4f;4f
SG15|2e;2e;4f;4f;4f;4f;4f;4f;4f;4f,15,22,orbit6_fp2,wyckoff_orbit,6,4f,3,2,True,torus_fractional_coordinate,2e;2e;4f;4f;4f;4f;4f;4f;4f;4f
SG15|2e;2e;4f;4f;4f;4f;4f;4f;4f;4f,15,23,orbit7_fp0,wyckoff_orbit,7,4f,3,0,True,torus_fractional_coordinate,2e;2e;4f;4f;4f;4f;4f;4f;4f;4f
SG15|2e;2e;4f;4f;4f;4f;4f;4f;4f;4f,15,24,orbit7_fp1,wyckoff_orbit,7,4f,3,1,True,torus_fractional_coordinate,2e;2e;4f;4f;4f;4f;4f;4f;4f;4f
SG15|2e;2e;4f;4f;4f;4f;4f;4f;4f;4f,15,25,orbit7_fp2,wyckoff_orbit,7,4f,3,2,True,torus_fractional_coordinate,2e;2e;4f;4f;4f;4f;4f;4f;4f;4f
SG15|2e;2e;4f;4f;4f;4f;4f;4f;4f;4f,15,26,orbit8_fp0,wyckoff_orbit,8,4f,3,0,True,torus_fractional_coordinate,2e;2e;4f;4f;4f;4f;4f;4f;4f;4f
SG15|2e;2e;4f;4f;4f;4f;4f;4f;4f;4f,15,27,orbit8_fp1,wyckoff_orbit,8,4f,3,1,True,torus_fractional_coordinate,2e;2e;4f;4f;4f;4f;4f;4f;4f;4f
SG15|2e;2e;4f;4f;4f;4f;4f;4f;4f;4f,15,28,orbit8_fp2,wyckoff_orbit,8,4f,3,2,True,torus_fractional_coordinate,2e;2e;4f;4f;4f;4f;4f;4f;4f;4f
SG15|2e;2e;4f;4f;4f;4f;4f;4f;4f;4f,15,29,orbit9_fp0,wyckoff_orbit,9,4f,3,0,True,torus_fractional_coordinate,2e;2e;4f;4f;4f;4f;4f;4f;4f;4f
SG15|2e;2e;4f;4f;4f;4f;4f;4f;4f;4f,15,30,orbit9_fp1,wyckoff_orbit,9,4f,3,1,True,torus_fractional_coordinate,2e;2e;4f;4f;4f;4f;4f;4f;4f;4f
SG15|2e;2e;4f;4f;4f;4f;4f;4f;4f;4f,15,31,orbit9_fp2,wyckoff_orbit,9,4f,3,2,True,torus_fractional_coordinate,2e;2e;4f;4f;4f;4f;4f;4f;4f;4f
SG15|2e;2e;4f;4f;4f;4f;4f,15,0,lattice_a,lattice,-1,,0,-1,False,positive_length,2e;2e;4f;4f;4f;4f;4f
SG15|2e;2e;4f;4f;4f;4f;4f,15,1,lattice_b,lattice,-1,,0,-1,False,positive_length,2e;2e;4f;4f;4f;4f;4f
SG15|2e;2e;4f;4f;4f;4f;4f,15,2,lattice_c,lattice,-1,,0,-1,False,positive_length,2e;2e;4f;4f;4f;4f;4f
SG15|2e;2e;4f;4f;4f;4f;4f,15,3,alpha,lattice,-1,,0,-1,False,angle_degree,2e;2e;4f;4f;4f;4f;4f
SG15|2e;2e;4f;4f;4f;4f;4f,15,4,beta,lattice,-1,,0,-1,False,angle_degree,2e;2e;4f;4f;4f;4f;4f
SG15|2e;2e;4f;4f;4f;4f;4f,15,5,gamma,lattice,-1,,0,-1,False,angle_degree,2e;2e;4f;4f;4f;4f;4f
SG15|2e;2e;4f;4f;4f;4f;4f,15,6,orbit0_fp0,wyckoff_orbit,0,2e,1,0,True,torus_fractional_coordinate,2e;2e;4f;4f;4f;4f;4f
SG15|2e;2e;4f;4f;4f;4f;4f,15,7,orbit1_fp0,wyckoff_orbit,1,2e,1,0,True,torus_fractional_coordinate,2e;2e;4f;4f;4f;4f;4f
SG15|2e;2e;4f;4f;4f;4f;4f,15,8,orbit2_fp0,wyckoff_orbit,2,4f,3,0,True,torus_fractional_coordinate,2e;2e;4f;4f;4f;4f;4f
SG15|2e;2e;4f;4f;4f;4f;4f,15,9,orbit2_fp1,wyckoff_orbit,2,4f,3,1,True,torus_fractional_coordinate,2e;2e;4f;4f;4f;4f;4f
SG15|2e;2e;4f;4f;4f;4f;4f,15,10,orbit2_fp2,wyckoff_orbit,2,4f,3,2,True,torus_fractional_coordinate,2e;2e;4f;4f;4f;4f;4f
SG15|2e;2e;4f;4f;4f;4f;4f,15,11,orbit3_fp0,wyckoff_orbit,3,4f,3,0,True,torus_fractional_coordinate,2e;2e;4f;4f;4f;4f;4f
SG15|2e;2e;4f;4f;4f;4f;4f,15,12,orbit3_fp1,wyckoff_orbit,3,4f,3,1,True,torus_fractional_coordinate,2e;2e;4f;4f;4f;4f;4f
SG15|2e;2e;4f;4f;4f;4f;4f,15,13,orbit3_fp2,wyckoff_orbit,3,4f,3,2,True,torus_fractional_coordinate,2e;2e;4f;4f;4f;4f;4f
SG15|2e;2e;4f;4f;4f;4f;4f,15,14,orbit4_fp0,wyckoff_orbit,4,4f,3,0,True,torus_fractional_coordinate,2e;2e;4f;4f;4f;4f;4f
SG15|2e;2e;4f;4f;4f;4f;4f,15,15,orbit4_fp1,wyckoff_orbit,4,4f,3,1,True,torus_fractional_coordinate,2e;2e;4f;4f;4f;4f;4f
SG15|2e;2e;4f;4f;4f;4f;4f,15,16,orbit4_fp2,wyckoff_orbit,4,4f,3,2,True,torus_fractional_coordinate,2e;2e;4f;4f;4f;4f;4f
SG15|2e;2e;4f;4f;4f;4f;4f,15,17,orbit5_fp0,wyckoff_orbit,5,4f,3,0,True,torus_fractional_coordinate,2e;2e;4f;4f;4f;4f;4f
SG15|2e;2e;4f;4f;4f;4f;4f,15,18,orbit5_fp1,wyckoff_orbit,5,4f,3,1,True,torus_fractional_coordinate,2e;2e;4f;4f;4f;4f;4f
SG15|2e;2e;4f;4f;4f;4f;4f,15,19,orbit5_fp2,wyckoff_orbit,5,4f,3,2,True,torus_fractional_coordinate,2e;2e;4f;4f;4f;4f;4f
SG15|2e;2e;4f;4f;4f;4f;4f,15,20,orbit6_fp0,wyckoff_orbit,6,4f,3,0,True,torus_fractional_coordinate,2e;2e;4f;4f;4f;4f;4f
SG15|2e;2e;4f;4f;4f;4f;4f,15,21,orbit6_fp1,wyckoff_orbit,6,4f,3,1,True,torus_fractional_coordinate,2e;2e;4f;4f;4f;4f;4f
SG15|2e;2e;4f;4f;4f;4f;4f,15,22,orbit6_fp2,wyckoff_orbit,6,4f,3,2,True,torus_fractional_coordinate,2e;2e;4f;4f;4f;4f;4f
SG15|2e;4f;4f;4f;4f;4f;4f,15,0,lattice_a,lattice,-1,,0,-1,False,positive_length,2e;4f;4f;4f;4f;4f;4f
SG15|2e;4f;4f;4f;4f;4f;4f,15,1,lattice_b,lattice,-1,,0,-1,False,positive_length,2e;4f;4f;4f;4f;4f;4f
SG15|2e;4f;4f;4f;4f;4f;4f,15,2,lattice_c,lattice,-1,,0,-1,False,positive_length,2e;4f;4f;4f;4f;4f;4f
SG15|2e;4f;4f;4f;4f;4f;4f,15,3,alpha,lattice,-1,,0,-1,False,angle_degree,2e;4f;4f;4f;4f;4f;4f
SG15|2e;4f;4f;4f;4f;4f;4f,15,4,beta,lattice,-1,,0,-1,False,angle_degree,2e;4f;4f;4f;4f;4f;4f
SG15|2e;4f;4f;4f;4f;4f;4f,15,5,gamma,lattice,-1,,0,-1,False,angle_degree,2e;4f;4f;4f;4f;4f;4f
SG15|2e;4f;4f;4f;4f;4f;4f,15,6,orbit0_fp0,wyckoff_orbit,0,2e,1,0,True,torus_fractional_coordinate,2e;4f;4f;4f;4f;4f;4f
SG15|2e;4f;4f;4f;4f;4f;4f,15,7,orbit1_fp0,wyckoff_orbit,1,4f,3,0,True,torus_fractional_coordinate,2e;4f;4f;4f;4f;4f;4f
SG15|2e;4f;4f;4f;4f;4f;4f,15,8,orbit1_fp1,wyckoff_orbit,1,4f,3,1,True,torus_fractional_coordinate,2e;4f;4f;4f;4f;4f;4f
SG15|2e;4f;4f;4f;4f;4f;4f,15,9,orbit1_fp2,wyckoff_orbit,1,4f,3,2,True,torus_fractional_coordinate,2e;4f;4f;4f;4f;4f;4f
SG15|2e;4f;4f;4f;4f;4f;4f,15,10,orbit2_fp0,wyckoff_orbit,2,4f,3,0,True,torus_fractional_coordinate,2e;4f;4f;4f;4f;4f;4f
SG15|2e;4f;4f;4f;4f;4f;4f,15,11,orbit2_fp1,wyckoff_orbit,2,4f,3,1,True,torus_fractional_coordinate,2e;4f;4f;4f;4f;4f;4f
SG15|2e;4f;4f;4f;4f;4f;4f,15,12,orbit2_fp2,wyckoff_orbit,2,4f,3,2,True,torus_fractional_coordinate,2e;4f;4f;4f;4f;4f;4f
SG15|2e;4f;4f;4f;4f;4f;4f,15,13,orbit3_fp0,wyckoff_orbit,3,4f,3,0,True,torus_fractional_coordinate,2e;4f;4f;4f;4f;4f;4f
SG15|2e;4f;4f;4f;4f;4f;4f,15,14,orbit3_fp1,wyckoff_orbit,3,4f,3,1,True,torus_fractional_coordinate,2e;4f;4f;4f;4f;4f;4f
SG15|2e;4f;4f;4f;4f;4f;4f,15,15,orbit3_fp2,wyckoff_orbit,3,4f,3,2,True,torus_fractional_coordinate,2e;4f;4f;4f;4f;4f;4f
SG15|2e;4f;4f;4f;4f;4f;4f,15,16,orbit4_fp0,wyckoff_orbit,4,4f,3,0,True,torus_fractional_coordinate,2e;4f;4f;4f;4f;4f;4f
SG15|2e;4f;4f;4f;4f;4f;4f,15,17,orbit4_fp1,wyckoff_orbit,4,4f,3,1,True,torus_fractional_coordinate,2e;4f;4f;4f;4f;4f;4f
SG15|2e;4f;4f;4f;4f;4f;4f,15,18,orbit4_fp2,wyckoff_orbit,4,4f,3,2,True,torus_fractional_coordinate,2e;4f;4f;4f;4f;4f;4f
SG15|2e;4f;4f;4f;4f;4f;4f,15,19,orbit5_fp0,wyckoff_orbit,5,4f,3,0,True,torus_fractional_coordinate,2e;4f;4f;4f;4f;4f;4f
SG15|2e;4f;4f;4f;4f;4f;4f,15,20,orbit5_fp1,wyckoff_orbit,5,4f,3,1,True,torus_fractional_coordinate,2e;4f;4f;4f;4f;4f;4f
SG15|2e;4f;4f;4f;4f;4f;4f,15,21,orbit5_fp2,wyckoff_orbit,5,4f,3,2,True,torus_fractional_coordinate,2e;4f;4f;4f;4f;4f;4f
SG15|2e;4f;4f;4f;4f;4f;4f,15,22,orbit6_fp0,wyckoff_orbit,6,4f,3,0,True,torus_fractional_coordinate,2e;4f;4f;4f;4f;4f;4f
SG15|2e;4f;4f;4f;4f;4f;4f,15,23,orbit6_fp1,wyckoff_orbit,6,4f,3,1,True,torus_fractional_coordinate,2e;4f;4f;4f;4f;4f;4f
SG15|2e;4f;4f;4f;4f;4f;4f,15,24,orbit6_fp2,wyckoff_orbit,6,4f,3,2,True,torus_fractional_coordinate,2e;4f;4f;4f;4f;4f;4f
SG15|2e;2e;4f;4f;4f;4f,15,0,lattice_a,lattice,-1,,0,-1,False,positive_length,2e;2e;4f;4f;4f;4f
SG15|2e;2e;4f;4f;4f;4f,15,1,lattice_b,lattice,-1,,0,-1,False,positive_length,2e;2e;4f;4f;4f;4f
SG15|2e;2e;4f;4f;4f;4f,15,2,lattice_c,lattice,-1,,0,-1,False,positive_length,2e;2e;4f;4f;4f;4f
SG15|2e;2e;4f;4f;4f;4f,15,3,alpha,lattice,-1,,0,-1,False,angle_degree,2e;2e;4f;4f;4f;4f
SG15|2e;2e;4f;4f;4f;4f,15,4,beta,lattice,-1,,0,-1,False,angle_degree,2e;2e;4f;4f;4f;4f
SG15|2e;2e;4f;4f;4f;4f,15,5,gamma,lattice,-1,,0,-1,False,angle_degree,2e;2e;4f;4f;4f;4f
SG15|2e;2e;4f;4f;4f;4f,15,6,orbit0_fp0,wyckoff_orbit,0,2e,1,0,True,torus_fractional_coordinate,2e;2e;4f;4f;4f;4f
SG15|2e;2e;4f;4f;4f;4f,15,7,orbit1_fp0,wyckoff_orbit,1,2e,1,0,True,torus_fractional_coordinate,2e;2e;4f;4f;4f;4f
SG15|2e;2e;4f;4f;4f;4f,15,8,orbit2_fp0,wyckoff_orbit,2,4f,3,0,True,torus_fractional_coordinate,2e;2e;4f;4f;4f;4f
SG15|2e;2e;4f;4f;4f;4f,15,9,orbit2_fp1,wyckoff_orbit,2,4f,3,1,True,torus_fractional_coordinate,2e;2e;4f;4f;4f;4f
SG15|2e;2e;4f;4f;4f;4f,15,10,orbit2_fp2,wyckoff_orbit,2,4f,3,2,True,torus_fractional_coordinate,2e;2e;4f;4f;4f;4f
SG15|2e;2e;4f;4f;4f;4f,15,11,orbit3_fp0,wyckoff_orbit,3,4f,3,0,True,torus_fractional_coordinate,2e;2e;4f;4f;4f;4f
SG15|2e;2e;4f;4f;4f;4f,15,12,orbit3_fp1,wyckoff_orbit,3,4f,3,1,True,torus_fractional_coordinate,2e;2e;4f;4f;4f;4f
SG15|2e;2e;4f;4f;4f;4f,15,13,orbit3_fp2,wyckoff_orbit,3,4f,3,2,True,torus_fractional_coordinate,2e;2e;4f;4f;4f;4f
SG15|2e;2e;4f;4f;4f;4f,15,14,orbit4_fp0,wyckoff_orbit,4,4f,3,0,True,torus_fractional_coordinate,2e;2e;4f;4f;4f;4f
SG15|2e;2e;4f;4f;4f;4f,15,15,orbit4_fp1,wyckoff_orbit,4,4f,3,1,True,torus_fractional_coordinate,2e;2e;4f;4f;4f;4f
SG15|2e;2e;4f;4f;4f;4f,15,16,orbit4_fp2,wyckoff_orbit,4,4f,3,2,True,torus_fractional_coordinate,2e;2e;4f;4f;4f;4f
SG15|2e;2e;4f;4f;4f;4f,15,17,orbit5_fp0,wyckoff_orbit,5,4f,3,0,True,torus_fractional_coordinate,2e;2e;4f;4f;4f;4f
SG15|2e;2e;4f;4f;4f;4f,15,18,orbit5_fp1,wyckoff_orbit,5,4f,3,1,True,torus_fractional_coordinate,2e;2e;4f;4f;4f;4f
SG15|2e;2e;4f;4f;4f;4f,15,19,orbit5_fp2,wyckoff_orbit,5,4f,3,2,True,torus_fractional_coordinate,2e;2e;4f;4f;4f;4f
SG9|2a;2a;2a;2a;2a;2a;2a;2a;2a;2a;2a;2a;2a;2a;2a;2a;2a;2a;2a;2a,9,0,lattice_a,lattice,-1,,0,-1,False,positive_length,2a;2a;2a;2a;2a;2a;2a;2a;2a;2a;2a;2a;2a;2a;2a;2a;2a;2a;2a;2a
SG9|2a;2a;2a;2a;2a;2a;2a;2a;2a;2a;2a;2a;2a;2a;2a;2a;2a;2a;2a;2a,9,1,lattice_b,lattice,-1,,0,-1,False,positive_length,2a;2a;2a;2a;2a;2a;2a;2a;2a;2a;2a;2a;2a;2a;2a;2a;2a;2a;2a;2a
SG9|2a;2a;2a;2a;2a;2a;2a;2a;2a;2a;2a;2a;2a;2a;2a;2a;2a;2a;2a;2a,9,2,lattice_c,lattice,-1,,0,-1,False,positive_length,2a;2a;2a;2a;2a;2a;2a;2a;2a;2a;2a;2a;2a;2a;2a;2a;2a;2a;2a;2a
SG9|2a;2a;2a;2a;2a;2a;2a;2a;2a;2a;2a;2a;2a;2a;2a;2a;2a;2a;2a;2a,9,3,alpha,lattice,-1,,0,-1,False,angle_degree,2a;2a;2a;2a;2a;2a;2a;2a;2a;2a;2a;2a;2a;2a;2a;2a;2a;2a;2a;2a
SG9|2a;2a;2a;2a;2a;2a;2a;2a;2a;2a;2a;2a;2a;2a;2a;2a;2a;2a;2a;2a,9,4,beta,lattice,-1,,0,-1,False,angle_degree,2a;2a;2a;2a;2a;2a;2a;2a;2a;2a;2a;2a;2a;2a;2a;2a;2a;2a;2a;2a
SG9|2a;2a;2a;2a;2a;2a;2a;2a;2a;2a;2a;2a;2a;2a;2a;2a;2a;2a;2a;2a,9,5,gamma,lattice,-1,,0,-1,False,angle_degree,2a;2a;2a;2a;2a;2a;2a;2a;2a;2a;2a;2a;2a;2a;2a;2a;2a;2a;2a;2a
SG9|2a;2a;2a;2a;2a;2a;2a;2a;2a;2a;2a;2a;2a;2a;2a;2a;2a;2a;2a;2a,9,6,orbit0_fp0,wyckoff_orbit,0,2a,3,0,True,torus_fractional_coordinate,2a;2a;2a;2a;2a;2a;2a;2a;2a;2a;2a;2a;2a;2a;2a;2a;2a;2a;2a;2a
SG9|2a;2a;2a;2a;2a;2a;2a;2a;2a;2a;2a;2a;2a;2a;2a;2a;2a;2a;2a;2a,9,7,orbit0_fp1,wyckoff_orbit,0,2a,3,1,True,torus_fractional_coordinate,2a;2a;2a;2a;2a;2a;2a;2a;2a;2a;2a;2a;2a;2a;2a;2a;2a;2a;2a;2a
SG9|2a;2a;2a;2a;2a;2a;2a;2a;2a;2a;2a;2a;2a;2a;2a;2a;2a;2a;2a;2a,9,8,orbit0_fp2,wyckoff_orbit,0,2a,3,2,True,torus_fractional_coordinate,2a;2a;2a;2a;2a;2a;2a;2a;2a;2a;2a;2a;2a;2a;2a;2a;2a;2a;2a;2a
SG9|2a;2a;2a;2a;2a;2a;2a;2a;2a;2a;2a;2a;2a;2a;2a;2a;2a;2a;2a;2a,9,9,orbit1_fp0,wyckoff_orbit,1,2a,3,0,True,torus_fractional_coordinate,2a;2a;2a;2a;2a;2a;2a;2a;2a;2a;2a;2a;2a;2a;2a;2a;2a;2a;2a;2a
SG9|2a;2a;2a;2a;2a;2a;2a;2a;2a;2a;2a;2a;2a;2a;2a;2a;2a;2a;2a;2a,9,10,orbit1_fp1,wyckoff_orbit,1,2a,3,1,True,torus_fractional_coordinate,2a;2a;2a;2a;2a;2a;2a;2a;2a;2a;2a;2a;2a;2a;2a;2a;2a;2a;2a;2a
SG9|2a;2a;2a;2a;2a;2a;2a;2a;2a;2a;2a;2a;2a;2a;2a;2a;2a;2a;2a;2a,9,11,orbit1_fp2,wyckoff_orbit,1,2a,3,2,True,torus_fractional_coordinate,2a;2a;2a;2a;2a;2a;2a;2a;2a;2a;2a;2a;2a;2a;2a;2a;2a;2a;2a;2a
SG9|2a;2a;2a;2a;2a;2a;2a;2a;2a;2a;2a;2a;2a;2a;2a;2a;2a;2a;2a;2a,9,12,orbit2_fp0,wyckoff_orbit,2,2a,3,0,True,torus_fractional_coordinate,2a;2a;2a;2a;2a;2a;2a;2a;2a;2a;2a;2a;2a;2a;2a;2a;2a;2a;2a;2a
SG9|2a;2a;2a;2a;2a;2a;2a;2a;2a;2a;2a;2a;2a;2a;2a;2a;2a;2a;2a;2a,9,13,orbit2_fp1,wyckoff_orbit,2,2a,3,1,True,torus_fractional_coordinate,2a;2a;2a;2a;2a;2a;2a;2a;2a;2a;2a;2a;2a;2a;2a;2a;2a;2a;2a;2a
SG9|2a;2a;2a;2a;2a;2a;2a;2a;2a;2a;2a;2a;2a;2a;2a;2a;2a;2a;2a;2a,9,14,orbit2_fp2,wyckoff_orbit,2,2a,3,2,True,torus_fractional_coordinate,2a;2a;2a;2a;2a;2a;2a;2a;2a;2a;2a;2a;2a;2a;2a;2a;2a;2a;2a;2a
SG9|2a;2a;2a;2a;2a;2a;2a;2a;2a;2a;2a;2a;2a;2a;2a;2a;2a;2a;2a;2a,9,15,orbit3_fp0,wyckoff_orbit,3,2a,3,0,True,torus_fractional_coordinate,2a;2a;2a;2a;2a;2a;2a;2a;2a;2a;2a;2a;2a;2a;2a;2a;2a;2a;2a;2a
SG9|2a;2a;2a;2a;2a;2a;2a;2a;2a;2a;2a;2a;2a;2a;2a;2a;2a;2a;2a;2a,9,16,orbit3_fp1,wyckoff_orbit,3,2a,3,1,True,torus_fractional_coordinate,2a;2a;2a;2a;2a;2a;2a;2a;2a;2a;2a;2a;2a;2a;2a;2a;2a;2a;2a;2a
SG9|2a;2a;2a;2a;2a;2a;2a;2a;2a;2a;2a;2a;2a;2a;2a;2a;2a;2a;2a;2a,9,17,orbit3_fp2,wyckoff_orbit,3,2a,3,2,True,torus_fractional_coordinate,2a;2a;2a;2a;2a;2a;2a;2a;2a;2a;2a;2a;2a;2a;2a;2a;2a;2a;2a;2a
SG9|2a;2a;2a;2a;2a;2a;2a;2a;2a;2a;2a;2a;2a;2a;2a;2a;2a;2a;2a;2a,9,18,orbit4_fp0,wyckoff_orbit,4,2a,3,0,True,torus_fractional_coordinate,2a;2a;2a;2a;2a;2a;2a;2a;2a;2a;2a;2a;2a;2a;2a;2a;2a;2a;2a;2a
SG9|2a;2a;2a;2a;2a;2a;2a;2a;2a;2a;2a;2a;2a;2a;2a;2a;2a;2a;2a;2a,9,19,orbit4_fp1,wyckoff_orbit,4,2a,3,1,True,torus_fractional_coordinate,2a;2a;2a;2a;2a;2a;2a;2a;2a;2a;2a;2a;2a;2a;2a;2a;2a;2a;2a;2a
SG9|2a;2a;2a;2a;2a;2a;2a;2a;2a;2a;2a;2a;2a;2a;2a;2a;2a;2a;2a;2a,9,20,orbit4_fp2,wyckoff_orbit,4,2a,3,2,True,torus_fractional_coordinate,2a;2a;2a;2a;2a;2a;2a;2a;2a;2a;2a;2a;2a;2a;2a;2a;2a;2a;2a;2a
SG9|2a;2a;2a;2a;2a;2a;2a;2a;2a;2a;2a;2a;2a;2a;2a;2a;2a;2a;2a;2a,9,21,orbit5_fp0,wyckoff_orbit,5,2a,3,0,True,torus_fractional_coordinate,2a;2a;2a;2a;2a;2a;2a;2a;2a;2a;2a;2a;2a;2a;2a;2a;2a;2a;2a;2a
SG9|2a;2a;2a;2a;2a;2a;2a;2a;2a;2a;2a;2a;2a;2a;2a;2a;2a;2a;2a;2a,9,22,orbit5_fp1,wyckoff_orbit,5,2a,3,1,True,torus_fractional_coordinate,2a;2a;2a;2a;2a;2a;2a;2a;2a;2a;2a;2a;2a;2a;2a;2a;2a;2a;2a;2a
SG9|2a;2a;2a;2a;2a;2a;2a;2a;2a;2a;2a;2a;2a;2a;2a;2a;2a;2a;2a;2a,9,23,orbit5_fp2,wyckoff_orbit,5,2a,3,2,True,torus_fractional_coordinate,2a;2a;2a;2a;2a;2a;2a;2a;2a;2a;2a;2a;2a;2a;2a;2a;2a;2a;2a;2a
SG9|2a;2a;2a;2a;2a;2a;2a;2a;2a;2a;2a;2a;2a;2a;2a;2a;2a;2a;2a;2a,9,24,orbit6_fp0,wyckoff_orbit,6,2a,3,0,True,torus_fractional_coordinate,2a;2a;2a;2a;2a;2a;2a;2a;2a;2a;2a;2a;2a;2a;2a;2a;2a;2a;2a;2a
SG9|2a;2a;2a;2a;2a;2a;2a;2a;2a;2a;2a;2a;2a;2a;2a;2a;2a;2a;2a;2a,9,25,orbit6_fp1,wyckoff_orbit,6,2a,3,1,True,torus_fractional_coordinate,2a;2a;2a;2a;2a;2a;2a;2a;2a;2a;2a;2a;2a;2a;2a;2a;2a;2a;2a;2a
SG9|2a;2a;2a;2a;2a;2a;2a;2a;2a;2a;2a;2a;2a;2a;2a;2a;2a;2a;2a;2a,9,26,orbit6_fp2,wyckoff_orbit,6,2a,3,2,True,torus_fractional_coordinate,2a;2a;2a;2a;2a;2a;2a;2a;2a;2a;2a;2a;2a;2a;2a;2a;2a;2a;2a;2a
SG9|2a;2a;2a;2a;2a;2a;2a;2a;2a;2a;2a;2a;2a;2a;2a;2a;2a;2a;2a;2a,9,27,orbit7_fp0,wyckoff_orbit,7,2a,3,0,True,torus_fractional_coordinate,2a;2a;2a;2a;2a;2a;2a;2a;2a;2a;2a;2a;2a;2a;2a;2a;2a;2a;2a;2a
SG9|2a;2a;2a;2a;2a;2a;2a;2a;2a;2a;2a;2a;2a;2a;2a;2a;2a;2a;2a;2a,9,28,orbit7_fp1,wyckoff_orbit,7,2a,3,1,True,torus_fractional_coordinate,2a;2a;2a;2a;2a;2a;2a;2a;2a;2a;2a;2a;2a;2a;2a;2a;2a;2a;2a;2a
SG9|2a;2a;2a;2a;2a;2a;2a;2a;2a;2a;2a;2a;2a;2a;2a;2a;2a;2a;2a;2a,9,29,orbit7_fp2,wyckoff_orbit,7,2a,3,2,True,torus_fractional_coordinate,2a;2a;2a;2a;2a;2a;2a;2a;2a;2a;2a;2a;2a;2a;2a;2a;2a;2a;2a;2a
SG9|2a;2a;2a;2a;2a;2a;2a;2a;2a;2a;2a;2a;2a;2a;2a;2a;2a;2a;2a;2a,9,30,orbit8_fp0,wyckoff_orbit,8,2a,3,0,True,torus_fractional_coordinate,2a;2a;2a;2a;2a;2a;2a;2a;2a;2a;2a;2a;2a;2a;2a;2a;2a;2a;2a;2a
SG9|2a;2a;2a;2a;2a;2a;2a;2a;2a;2a;2a;2a;2a;2a;2a;2a;2a;2a;2a;2a,9,31,orbit8_fp1,wyckoff_orbit,8,2a,3,1,True,torus_fractional_coordinate,2a;2a;2a;2a;2a;2a;2a;2a;2a;2a;2a;2a;2a;2a;2a;2a;2a;2a;2a;2a
SG9|2a;2a;2a;2a;2a;2a;2a;2a;2a;2a;2a;2a;2a;2a;2a;2a;2a;2a;2a;2a,9,32,orbit8_fp2,wyckoff_orbit,8,2a,3,2,True,torus_fractional_coordinate,2a;2a;2a;2a;2a;2a;2a;2a;2a;2a;2a;2a;2a;2a;2a;2a;2a;2a;2a;2a
SG9|2a;2a;2a;2a;2a;2a;2a;2a;2a;2a;2a;2a;2a;2a;2a;2a;2a;2a;2a;2a,9,33,orbit9_fp0,wyckoff_orbit,9,2a,3,0,True,torus_fractional_coordinate,2a;2a;2a;2a;2a;2a;2a;2a;2a;2a;2a;2a;2a;2a;2a;2a;2a;2a;2a;2a
SG9|2a;2a;2a;2a;2a;2a;2a;2a;2a;2a;2a;2a;2a;2a;2a;2a;2a;2a;2a;2a,9,34,orbit9_fp1,wyckoff_orbit,9,2a,3,1,True,torus_fractional_coordinate,2a;2a;2a;2a;2a;2a;2a;2a;2a;2a;2a;2a;2a;2a;2a;2a;2a;2a;2a;2a
SG9|2a;2a;2a;2a;2a;2a;2a;2a;2a;2a;2a;2a;2a;2a;2a;2a;2a;2a;2a;2a,9,35,orbit9_fp2,wyckoff_orbit,9,2a,3,2,True,torus_fractional_coordinate,2a;2a;2a;2a;2a;2a;2a;2a;2a;2a;2a;2a;2a;2a;2a;2a;2a;2a;2a;2a
SG9|2a;2a;2a;2a;2a;2a;2a;2a;2a;2a;2a;2a;2a;2a;2a;2a;2a;2a;2a;2a,9,36,orbit10_fp0,wyckoff_orbit,10,2a,3,0,True,torus_fractional_coordinate,2a;2a;2a;2a;2a;2a;2a;2a;2a;2a;2a;2a;2a;2a;2a;2a;2a;2a;2a;2a
SG9|2a;2a;2a;2a;2a;2a;2a;2a;2a;2a;2a;2a;2a;2a;2a;2a;2a;2a;2a;2a,9,37,orbit10_fp1,wyckoff_orbit,10,2a,3,1,True,torus_fractional_coordinate,2a;2a;2a;2a;2a;2a;2a;2a;2a;2a;2a;2a;2a;2a;2a;2a;2a;2a;2a;2a
SG9|2a;2a;2a;2a;2a;2a;2a;2a;2a;2a;2a;2a;2a;2a;2a;2a;2a;2a;2a;2a,9,38,orbit10_fp2,wyckoff_orbit,10,2a,3,2,True,torus_fractional_coordinate,2a;2a;2a;2a;2a;2a;2a;2a;2a;2a;2a;2a;2a;2a;2a;2a;2a;2a;2a;2a
SG9|2a;2a;2a;2a;2a;2a;2a;2a;2a;2a;2a;2a;2a;2a;2a;2a;2a;2a;2a;2a,9,39,orbit11_fp0,wyckoff_orbit,11,2a,3,0,True,torus_fractional_coordinate,2a;2a;2a;2a;2a;2a;2a;2a;2a;2a;2a;2a;2a;2a;2a;2a;2a;2a;2a;2a
SG9|2a;2a;2a;2a;2a;2a;2a;2a;2a;2a;2a;2a;2a;2a;2a;2a;2a;2a;2a;2a,9,40,orbit11_fp1,wyckoff_orbit,11,2a,3,1,True,torus_fractional_coordinate,2a;2a;2a;2a;2a;2a;2a;2a;2a;2a;2a;2a;2a;2a;2a;2a;2a;2a;2a;2a
SG9|2a;2a;2a;2a;2a;2a;2a;2a;2a;2a;2a;2a;2a;2a;2a;2a;2a;2a;2a;2a,9,41,orbit11_fp2,wyckoff_orbit,11,2a,3,2,True,torus_fractional_coordinate,2a;2a;2a;2a;2a;2a;2a;2a;2a;2a;2a;2a;2a;2a;2a;2a;2a;2a;2a;2a
SG9|2a;2a;2a;2a;2a;2a;2a;2a;2a;2a;2a;2a;2a;2a;2a;2a;2a;2a;2a;2a,9,42,orbit12_fp0,wyckoff_orbit,12,2a,3,0,True,torus_fractional_coordinate,2a;2a;2a;2a;2a;2a;2a;2a;2a;2a;2a;2a;2a;2a;2a;2a;2a;2a;2a;2a
SG9|2a;2a;2a;2a;2a;2a;2a;2a;2a;2a;2a;2a;2a;2a;2a;2a;2a;2a;2a;2a,9,43,orbit12_fp1,wyckoff_orbit,12,2a,3,1,True,torus_fractional_coordinate,2a;2a;2a;2a;2a;2a;2a;2a;2a;2a;2a;2a;2a;2a;2a;2a;2a;2a;2a;2a
SG9|2a;2a;2a;2a;2a;2a;2a;2a;2a;2a;2a;2a;2a;2a;2a;2a;2a;2a;2a;2a,9,44,orbit12_fp2,wyckoff_orbit,12,2a,3,2,True,torus_fractional_coordinate,2a;2a;2a;2a;2a;2a;2a;2a;2a;2a;2a;2a;2a;2a;2a;2a;2a;2a;2a;2a
SG9|2a;2a;2a;2a;2a;2a;2a;2a;2a;2a;2a;2a;2a;2a;2a;2a;2a;2a;2a;2a,9,45,orbit13_fp0,wyckoff_orbit,13,2a,3,0,True,torus_fractional_coordinate,2a;2a;2a;2a;2a;2a;2a;2a;2a;2a;2a;2a;2a;2a;2a;2a;2a;2a;2a;2a
SG9|2a;2a;2a;2a;2a;2a;2a;2a;2a;2a;2a;2a;2a;2a;2a;2a;2a;2a;2a;2a,9,46,orbit13_fp1,wyckoff_orbit,13,2a,3,1,True,torus_fractional_coordinate,2a;2a;2a;2a;2a;2a;2a;2a;2a;2a;2a;2a;2a;2a;2a;2a;2a;2a;2a;2a
SG9|2a;2a;2a;2a;2a;2a;2a;2a;2a;2a;2a;2a;2a;2a;2a;2a;2a;2a;2a;2a,9,47,orbit13_fp2,wyckoff_orbit,13,2a,3,2,True,torus_fractional_coordinate,2a;2a;2a;2a;2a;2a;2a;2a;2a;2a;2a;2a;2a;2a;2a;2a;2a;2a;2a;2a
SG9|2a;2a;2a;2a;2a;2a;2a;2a;2a;2a;2a;2a;2a;2a;2a;2a;2a;2a;2a;2a,9,48,orbit14_fp0,wyckoff_orbit,14,2a,3,0,True,torus_fractional_coordinate,2a;2a;2a;2a;2a;2a;2a;2a;2a;2a;2a;2a;2a;2a;2a;2a;2a;2a;2a;2a
SG9|2a;2a;2a;2a;2a;2a;2a;2a;2a;2a;2a;2a;2a;2a;2a;2a;2a;2a;2a;2a,9,49,orbit14_fp1,wyckoff_orbit,14,2a,3,1,True,torus_fractional_coordinate,2a;2a;2a;2a;2a;2a;2a;2a;2a;2a;2a;2a;2a;2a;2a;2a;2a;2a;2a;2a
SG9|2a;2a;2a;2a;2a;2a;2a;2a;2a;2a;2a;2a;2a;2a;2a;2a;2a;2a;2a;2a,9,50,orbit14_fp2,wyckoff_orbit,14,2a,3,2,True,torus_fractional_coordinate,2a;2a;2a;2a;2a;2a;2a;2a;2a;2a;2a;2a;2a;2a;2a;2a;2a;2a;2a;2a
SG9|2a;2a;2a;2a;2a;2a;2a;2a;2a;2a;2a;2a;2a;2a;2a;2a;2a;2a;2a;2a,9,51,orbit15_fp0,wyckoff_orbit,15,2a,3,0,True,torus_fractional_coordinate,2a;2a;2a;2a;2a;2a;2a;2a;2a;2a;2a;2a;2a;2a;2a;2a;2a;2a;2a;2a
SG9|2a;2a;2a;2a;2a;2a;2a;2a;2a;2a;2a;2a;2a;2a;2a;2a;2a;2a;2a;2a,9,52,orbit15_fp1,wyckoff_orbit,15,2a,3,1,True,torus_fractional_coordinate,2a;2a;2a;2a;2a;2a;2a;2a;2a;2a;2a;2a;2a;2a;2a;2a;2a;2a;2a;2a
SG9|2a;2a;2a;2a;2a;2a;2a;2a;2a;2a;2a;2a;2a;2a;2a;2a;2a;2a;2a;2a,9,53,orbit15_fp2,wyckoff_orbit,15,2a,3,2,True,torus_fractional_coordinate,2a;2a;2a;2a;2a;2a;2a;2a;2a;2a;2a;2a;2a;2a;2a;2a;2a;2a;2a;2a
SG9|2a;2a;2a;2a;2a;2a;2a;2a;2a;2a;2a;2a;2a;2a;2a;2a;2a;2a;2a;2a,9,54,orbit16_fp0,wyckoff_orbit,16,2a,3,0,True,torus_fractional_coordinate,2a;2a;2a;2a;2a;2a;2a;2a;2a;2a;2a;2a;2a;2a;2a;2a;2a;2a;2a;2a
SG9|2a;2a;2a;2a;2a;2a;2a;2a;2a;2a;2a;2a;2a;2a;2a;2a;2a;2a;2a;2a,9,55,orbit16_fp1,wyckoff_orbit,16,2a,3,1,True,torus_fractional_coordinate,2a;2a;2a;2a;2a;2a;2a;2a;2a;2a;2a;2a;2a;2a;2a;2a;2a;2a;2a;2a
SG9|2a;2a;2a;2a;2a;2a;2a;2a;2a;2a;2a;2a;2a;2a;2a;2a;2a;2a;2a;2a,9,56,orbit16_fp2,wyckoff_orbit,16,2a,3,2,True,torus_fractional_coordinate,2a;2a;2a;2a;2a;2a;2a;2a;2a;2a;2a;2a;2a;2a;2a;2a;2a;2a;2a;2a
SG9|2a;2a;2a;2a;2a;2a;2a;2a;2a;2a;2a;2a;2a;2a;2a;2a;2a;2a;2a;2a,9,57,orbit17_fp0,wyckoff_orbit,17,2a,3,0,True,torus_fractional_coordinate,2a;2a;2a;2a;2a;2a;2a;2a;2a;2a;2a;2a;2a;2a;2a;2a;2a;2a;2a;2a
SG9|2a;2a;2a;2a;2a;2a;2a;2a;2a;2a;2a;2a;2a;2a;2a;2a;2a;2a;2a;2a,9,58,orbit17_fp1,wyckoff_orbit,17,2a,3,1,True,torus_fractional_coordinate,2a;2a;2a;2a;2a;2a;2a;2a;2a;2a;2a;2a;2a;2a;2a;2a;2a;2a;2a;2a
SG9|2a;2a;2a;2a;2a;2a;2a;2a;2a;2a;2a;2a;2a;2a;2a;2a;2a;2a;2a;2a,9,59,orbit17_fp2,wyckoff_orbit,17,2a,3,2,True,torus_fractional_coordinate,2a;2a;2a;2a;2a;2a;2a;2a;2a;2a;2a;2a;2a;2a;2a;2a;2a;2a;2a;2a
SG9|2a;2a;2a;2a;2a;2a;2a;2a;2a;2a;2a;2a;2a;2a;2a;2a;2a;2a;2a;2a,9,60,orbit18_fp0,wyckoff_orbit,18,2a,3,0,True,torus_fractional_coordinate,2a;2a;2a;2a;2a;2a;2a;2a;2a;2a;2a;2a;2a;2a;2a;2a;2a;2a;2a;2a
SG9|2a;2a;2a;2a;2a;2a;2a;2a;2a;2a;2a;2a;2a;2a;2a;2a;2a;2a;2a;2a,9,61,orbit18_fp1,wyckoff_orbit,18,2a,3,1,True,torus_fractional_coordinate,2a;2a;2a;2a;2a;2a;2a;2a;2a;2a;2a;2a;2a;2a;2a;2a;2a;2a;2a;2a
SG9|2a;2a;2a;2a;2a;2a;2a;2a;2a;2a;2a;2a;2a;2a;2a;2a;2a;2a;2a;2a,9,62,orbit18_fp2,wyckoff_orbit,18,2a,3,2,True,torus_fractional_coordinate,2a;2a;2a;2a;2a;2a;2a;2a;2a;2a;2a;2a;2a;2a;2a;2a;2a;2a;2a;2a
SG9|2a;2a;2a;2a;2a;2a;2a;2a;2a;2a;2a;2a;2a;2a;2a;2a;2a;2a;2a;2a,9,63,orbit19_fp0,wyckoff_orbit,19,2a,3,0,True,torus_fractional_coordinate,2a;2a;2a;2a;2a;2a;2a;2a;2a;2a;2a;2a;2a;2a;2a;2a;2a;2a;2a;2a
SG9|2a;2a;2a;2a;2a;2a;2a;2a;2a;2a;2a;2a;2a;2a;2a;2a;2a;2a;2a;2a,9,64,orbit19_fp1,wyckoff_orbit,19,2a,3,1,True,torus_fractional_coordinate,2a;2a;2a;2a;2a;2a;2a;2a;2a;2a;2a;2a;2a;2a;2a;2a;2a;2a;2a;2a
SG9|2a;2a;2a;2a;2a;2a;2a;2a;2a;2a;2a;2a;2a;2a;2a;2a;2a;2a;2a;2a,9,65,orbit19_fp2,wyckoff_orbit,19,2a,3,2,True,torus_fractional_coordinate,2a;2a;2a;2a;2a;2a;2a;2a;2a;2a;2a;2a;2a;2a;2a;2a;2a;2a;2a;2a
SG9|2a;2a;2a;2a;2a;2a;2a;2a;2a;2a;2a;2a;2a;2a;2a;2a;2a;2a;2a,9,0,lattice_a,lattice,-1,,0,-1,False,positive_length,2a;2a;2a;2a;2a;2a;2a;2a;2a;2a;2a;2a;2a;2a;2a;2a;2a;2a;2a
SG9|2a;2a;2a;2a;2a;2a;2a;2a;2a;2a;2a;2a;2a;2a;2a;2a;2a;2a;2a,9,1,lattice_b,lattice,-1,,0,-1,False,positive_length,2a;2a;2a;2a;2a;2a;2a;2a;2a;2a;2a;2a;2a;2a;2a;2a;2a;2a;2a
SG9|2a;2a;2a;2a;2a;2a;2a;2a;2a;2a;2a;2a;2a;2a;2a;2a;2a;2a;2a,9,2,lattice_c,lattice,-1,,0,-1,False,positive_length,2a;2a;2a;2a;2a;2a;2a;2a;2a;2a;2a;2a;2a;2a;2a;2a;2a;2a;2a
SG9|2a;2a;2a;2a;2a;2a;2a;2a;2a;2a;2a;2a;2a;2a;2a;2a;2a;2a;2a,9,3,alpha,lattice,-1,,0,-1,False,angle_degree,2a;2a;2a;2a;2a;2a;2a;2a;2a;2a;2a;2a;2a;2a;2a;2a;2a;2a;2a
SG9|2a;2a;2a;2a;2a;2a;2a;2a;2a;2a;2a;2a;2a;2a;2a;2a;2a;2a;2a,9,4,beta,lattice,-1,,0,-1,False,angle_degree,2a;2a;2a;2a;2a;2a;2a;2a;2a;2a;2a;2a;2a;2a;2a;2a;2a;2a;2a
SG9|2a;2a;2a;2a;2a;2a;2a;2a;2a;2a;2a;2a;2a;2a;2a;2a;2a;2a;2a,9,5,gamma,lattice,-1,,0,-1,False,angle_degree,2a;2a;2a;2a;2a;2a;2a;2a;2a;2a;2a;2a;2a;2a;2a;2a;2a;2a;2a
SG9|2a;2a;2a;2a;2a;2a;2a;2a;2a;2a;2a;2a;2a;2a;2a;2a;2a;2a;2a,9,6,orbit0_fp0,wyckoff_orbit,0,2a,3,0,True,torus_fractional_coordinate,2a;2a;2a;2a;2a;2a;2a;2a;2a;2a;2a;2a;2a;2a;2a;2a;2a;2a;2a
SG9|2a;2a;2a;2a;2a;2a;2a;2a;2a;2a;2a;2a;2a;2a;2a;2a;2a;2a;2a,9,7,orbit0_fp1,wyckoff_orbit,0,2a,3,1,True,torus_fractional_coordinate,2a;2a;2a;2a;2a;2a;2a;2a;2a;2a;2a;2a;2a;2a;2a;2a;2a;2a;2a
SG9|2a;2a;2a;2a;2a;2a;2a;2a;2a;2a;2a;2a;2a;2a;2a;2a;2a;2a;2a,9,8,orbit0_fp2,wyckoff_orbit,0,2a,3,2,True,torus_fractional_coordinate,2a;2a;2a;2a;2a;2a;2a;2a;2a;2a;2a;2a;2a;2a;2a;2a;2a;2a;2a
SG9|2a;2a;2a;2a;2a;2a;2a;2a;2a;2a;2a;2a;2a;2a;2a;2a;2a;2a;2a,9,9,orbit1_fp0,wyckoff_orbit,1,2a,3,0,True,torus_fractional_coordinate,2a;2a;2a;2a;2a;2a;2a;2a;2a;2a;2a;2a;2a;2a;2a;2a;2a;2a;2a
SG9|2a;2a;2a;2a;2a;2a;2a;2a;2a;2a;2a;2a;2a;2a;2a;2a;2a;2a;2a,9,10,orbit1_fp1,wyckoff_orbit,1,2a,3,1,True,torus_fractional_coordinate,2a;2a;2a;2a;2a;2a;2a;2a;2a;2a;2a;2a;2a;2a;2a;2a;2a;2a;2a
SG9|2a;2a;2a;2a;2a;2a;2a;2a;2a;2a;2a;2a;2a;2a;2a;2a;2a;2a;2a,9,11,orbit1_fp2,wyckoff_orbit,1,2a,3,2,True,torus_fractional_coordinate,2a;2a;2a;2a;2a;2a;2a;2a;2a;2a;2a;2a;2a;2a;2a;2a;2a;2a;2a
SG9|2a;2a;2a;2a;2a;2a;2a;2a;2a;2a;2a;2a;2a;2a;2a;2a;2a;2a;2a,9,12,orbit2_fp0,wyckoff_orbit,2,2a,3,0,True,torus_fractional_coordinate,2a;2a;2a;2a;2a;2a;2a;2a;2a;2a;2a;2a;2a;2a;2a;2a;2a;2a;2a
SG9|2a;2a;2a;2a;2a;2a;2a;2a;2a;2a;2a;2a;2a;2a;2a;2a;2a;2a;2a,9,13,orbit2_fp1,wyckoff_orbit,2,2a,3,1,True,torus_fractional_coordinate,2a;2a;2a;2a;2a;2a;2a;2a;2a;2a;2a;2a;2a;2a;2a;2a;2a;2a;2a
SG9|2a;2a;2a;2a;2a;2a;2a;2a;2a;2a;2a;2a;2a;2a;2a;2a;2a;2a;2a,9,14,orbit2_fp2,wyckoff_orbit,2,2a,3,2,True,torus_fractional_coordinate,2a;2a;2a;2a;2a;2a;2a;2a;2a;2a;2a;2a;2a;2a;2a;2a;2a;2a;2a
SG9|2a;2a;2a;2a;2a;2a;2a;2a;2a;2a;2a;2a;2a;2a;2a;2a;2a;2a;2a,9,15,orbit3_fp0,wyckoff_orbit,3,2a,3,0,True,torus_fractional_coordinate,2a;2a;2a;2a;2a;2a;2a;2a;2a;2a;2a;2a;2a;2a;2a;2a;2a;2a;2a
SG9|2a;2a;2a;2a;2a;2a;2a;2a;2a;2a;2a;2a;2a;2a;2a;2a;2a;2a;2a,9,16,orbit3_fp1,wyckoff_orbit,3,2a,3,1,True,torus_fractional_coordinate,2a;2a;2a;2a;2a;2a;2a;2a;2a;2a;2a;2a;2a;2a;2a;2a;2a;2a;2a
SG9|2a;2a;2a;2a;2a;2a;2a;2a;2a;2a;2a;2a;2a;2a;2a;2a;2a;2a;2a,9,17,orbit3_fp2,wyckoff_orbit,3,2a,3,2,True,torus_fractional_coordinate,2a;2a;2a;2a;2a;2a;2a;2a;2a;2a;2a;2a;2a;2a;2a;2a;2a;2a;2a
SG9|2a;2a;2a;2a;2a;2a;2a;2a;2a;2a;2a;2a;2a;2a;2a;2a;2a;2a;2a,9,18,orbit4_fp0,wyckoff_orbit,4,2a,3,0,True,torus_fractional_coordinate,2a;2a;2a;2a;2a;2a;2a;2a;2a;2a;2a;2a;2a;2a;2a;2a;2a;2a;2a
SG9|2a;2a;2a;2a;2a;2a;2a;2a;2a;2a;2a;2a;2a;2a;2a;2a;2a;2a;2a,9,19,orbit4_fp1,wyckoff_orbit,4,2a,3,1,True,torus_fractional_coordinate,2a;2a;2a;2a;2a;2a;2a;2a;2a;2a;2a;2a;2a;2a;2a;2a;2a;2a;2a
SG9|2a;2a;2a;2a;2a;2a;2a;2a;2a;2a;2a;2a;2a;2a;2a;2a;2a;2a;2a,9,20,orbit4_fp2,wyckoff_orbit,4,2a,3,2,True,torus_fractional_coordinate,2a;2a;2a;2a;2a;2a;2a;2a;2a;2a;2a;2a;2a;2a;2a;2a;2a;2a;2a
SG9|2a;2a;2a;2a;2a;2a;2a;2a;2a;2a;2a;2a;2a;2a;2a;2a;2a;2a;2a,9,21,orbit5_fp0,wyckoff_orbit,5,2a,3,0,True,torus_fractional_coordinate,2a;2a;2a;2a;2a;2a;2a;2a;2a;2a;2a;2a;2a;2a;2a;2a;2a;2a;2a
SG9|2a;2a;2a;2a;2a;2a;2a;2a;2a;2a;2a;2a;2a;2a;2a;2a;2a;2a;2a,9,22,orbit5_fp1,wyckoff_orbit,5,2a,3,1,True,torus_fractional_coordinate,2a;2a;2a;2a;2a;2a;2a;2a;2a;2a;2a;2a;2a;2a;2a;2a;2a;2a;2a
SG9|2a;2a;2a;2a;2a;2a;2a;2a;2a;2a;2a;2a;2a;2a;2a;2a;2a;2a;2a,9,23,orbit5_fp2,wyckoff_orbit,5,2a,3,2,True,torus_fractional_coordinate,2a;2a;2a;2a;2a;2a;2a;2a;2a;2a;2a;2a;2a;2a;2a;2a;2a;2a;2a
SG9|2a;2a;2a;2a;2a;2a;2a;2a;2a;2a;2a;2a;2a;2a;2a;2a;2a;2a;2a,9,24,orbit6_fp0,wyckoff_orbit,6,2a,3,0,True,torus_fractional_coordinate,2a;2a;2a;2a;2a;2a;2a;2a;2a;2a;2a;2a;2a;2a;2a;2a;2a;2a;2a
SG9|2a;2a;2a;2a;2a;2a;2a;2a;2a;2a;2a;2a;2a;2a;2a;2a;2a;2a;2a,9,25,orbit6_fp1,wyckoff_orbit,6,2a,3,1,True,torus_fractional_coordinate,2a;2a;2a;2a;2a;2a;2a;2a;2a;2a;2a;2a;2a;2a;2a;2a;2a;2a;2a
SG9|2a;2a;2a;2a;2a;2a;2a;2a;2a;2a;2a;2a;2a;2a;2a;2a;2a;2a;2a,9,26,orbit6_fp2,wyckoff_orbit,6,2a,3,2,True,torus_fractional_coordinate,2a;2a;2a;2a;2a;2a;2a;2a;2a;2a;2a;2a;2a;2a;2a;2a;2a;2a;2a
SG9|2a;2a;2a;2a;2a;2a;2a;2a;2a;2a;2a;2a;2a;2a;2a;2a;2a;2a;2a,9,27,orbit7_fp0,wyckoff_orbit,7,2a,3,0,True,torus_fractional_coordinate,2a;2a;2a;2a;2a;2a;2a;2a;2a;2a;2a;2a;2a;2a;2a;2a;2a;2a;2a
SG9|2a;2a;2a;2a;2a;2a;2a;2a;2a;2a;2a;2a;2a;2a;2a;2a;2a;2a;2a,9,28,orbit7_fp1,wyckoff_orbit,7,2a,3,1,True,torus_fractional_coordinate,2a;2a;2a;2a;2a;2a;2a;2a;2a;2a;2a;2a;2a;2a;2a;2a;2a;2a;2a
SG9|2a;2a;2a;2a;2a;2a;2a;2a;2a;2a;2a;2a;2a;2a;2a;2a;2a;2a;2a,9,29,orbit7_fp2,wyckoff_orbit,7,2a,3,2,True,torus_fractional_coordinate,2a;2a;2a;2a;2a;2a;2a;2a;2a;2a;2a;2a;2a;2a;2a;2a;2a;2a;2a
SG9|2a;2a;2a;2a;2a;2a;2a;2a;2a;2a;2a;2a;2a;2a;2a;2a;2a;2a;2a,9,30,orbit8_fp0,wyckoff_orbit,8,2a,3,0,True,torus_fractional_coordinate,2a;2a;2a;2a;2a;2a;2a;2a;2a;2a;2a;2a;2a;2a;2a;2a;2a;2a;2a
SG9|2a;2a;2a;2a;2a;2a;2a;2a;2a;2a;2a;2a;2a;2a;2a;2a;2a;2a;2a,9,31,orbit8_fp1,wyckoff_orbit,8,2a,3,1,True,torus_fractional_coordinate,2a;2a;2a;2a;2a;2a;2a;2a;2a;2a;2a;2a;2a;2a;2a;2a;2a;2a;2a
SG9|2a;2a;2a;2a;2a;2a;2a;2a;2a;2a;2a;2a;2a;2a;2a;2a;2a;2a;2a,9,32,orbit8_fp2,wyckoff_orbit,8,2a,3,2,True,torus_fractional_coordinate,2a;2a;2a;2a;2a;2a;2a;2a;2a;2a;2a;2a;2a;2a;2a;2a;2a;2a;2a
SG9|2a;2a;2a;2a;2a;2a;2a;2a;2a;2a;2a;2a;2a;2a;2a;2a;2a;2a;2a,9,33,orbit9_fp0,wyckoff_orbit,9,2a,3,0,True,torus_fractional_coordinate,2a;2a;2a;2a;2a;2a;2a;2a;2a;2a;2a;2a;2a;2a;2a;2a;2a;2a;2a
SG9|2a;2a;2a;2a;2a;2a;2a;2a;2a;2a;2a;2a;2a;2a;2a;2a;2a;2a;2a,9,34,orbit9_fp1,wyckoff_orbit,9,2a,3,1,True,torus_fractional_coordinate,2a;2a;2a;2a;2a;2a;2a;2a;2a;2a;2a;2a;2a;2a;2a;2a;2a;2a;2a
SG9|2a;2a;2a;2a;2a;2a;2a;2a;2a;2a;2a;2a;2a;2a;2a;2a;2a;2a;2a,9,35,orbit9_fp2,wyckoff_orbit,9,2a,3,2,True,torus_fractional_coordinate,2a;2a;2a;2a;2a;2a;2a;2a;2a;2a;2a;2a;2a;2a;2a;2a;2a;2a;2a
SG9|2a;2a;2a;2a;2a;2a;2a;2a;2a;2a;2a;2a;2a;2a;2a;2a;2a;2a;2a,9,36,orbit10_fp0,wyckoff_orbit,10,2a,3,0,True,torus_fractional_coordinate,2a;2a;2a;2a;2a;2a;2a;2a;2a;2a;2a;2a;2a;2a;2a;2a;2a;2a;2a
SG9|2a;2a;2a;2a;2a;2a;2a;2a;2a;2a;2a;2a;2a;2a;2a;2a;2a;2a;2a,9,37,orbit10_fp1,wyckoff_orbit,10,2a,3,1,True,torus_fractional_coordinate,2a;2a;2a;2a;2a;2a;2a;2a;2a;2a;2a;2a;2a;2a;2a;2a;2a;2a;2a
SG9|2a;2a;2a;2a;2a;2a;2a;2a;2a;2a;2a;2a;2a;2a;2a;2a;2a;2a;2a,9,38,orbit10_fp2,wyckoff_orbit,10,2a,3,2,True,torus_fractional_coordinate,2a;2a;2a;2a;2a;2a;2a;2a;2a;2a;2a;2a;2a;2a;2a;2a;2a;2a;2a
SG9|2a;2a;2a;2a;2a;2a;2a;2a;2a;2a;2a;2a;2a;2a;2a;2a;2a;2a;2a,9,39,orbit11_fp0,wyckoff_orbit,11,2a,3,0,True,torus_fractional_coordinate,2a;2a;2a;2a;2a;2a;2a;2a;2a;2a;2a;2a;2a;2a;2a;2a;2a;2a;2a
SG9|2a;2a;2a;2a;2a;2a;2a;2a;2a;2a;2a;2a;2a;2a;2a;2a;2a;2a;2a,9,40,orbit11_fp1,wyckoff_orbit,11,2a,3,1,True,torus_fractional_coordinate,2a;2a;2a;2a;2a;2a;2a;2a;2a;2a;2a;2a;2a;2a;2a;2a;2a;2a;2a
SG9|2a;2a;2a;2a;2a;2a;2a;2a;2a;2a;2a;2a;2a;2a;2a;2a;2a;2a;2a,9,41,orbit11_fp2,wyckoff_orbit,11,2a,3,2,True,torus_fractional_coordinate,2a;2a;2a;2a;2a;2a;2a;2a;2a;2a;2a;2a;2a;2a;2a;2a;2a;2a;2a
SG9|2a;2a;2a;2a;2a;2a;2a;2a;2a;2a;2a;2a;2a;2a;2a;2a;2a;2a;2a,9,42,orbit12_fp0,wyckoff_orbit,12,2a,3,0,True,torus_fractional_coordinate,2a;2a;2a;2a;2a;2a;2a;2a;2a;2a;2a;2a;2a;2a;2a;2a;2a;2a;2a
SG9|2a;2a;2a;2a;2a;2a;2a;2a;2a;2a;2a;2a;2a;2a;2a;2a;2a;2a;2a,9,43,orbit12_fp1,wyckoff_orbit,12,2a,3,1,True,torus_fractional_coordinate,2a;2a;2a;2a;2a;2a;2a;2a;2a;2a;2a;2a;2a;2a;2a;2a;2a;2a;2a
SG9|2a;2a;2a;2a;2a;2a;2a;2a;2a;2a;2a;2a;2a;2a;2a;2a;2a;2a;2a,9,44,orbit12_fp2,wyckoff_orbit,12,2a,3,2,True,torus_fractional_coordinate,2a;2a;2a;2a;2a;2a;2a;2a;2a;2a;2a;2a;2a;2a;2a;2a;2a;2a;2a
SG9|2a;2a;2a;2a;2a;2a;2a;2a;2a;2a;2a;2a;2a;2a;2a;2a;2a;2a;2a,9,45,orbit13_fp0,wyckoff_orbit,13,2a,3,0,True,torus_fractional_coordinate,2a;2a;2a;2a;2a;2a;2a;2a;2a;2a;2a;2a;2a;2a;2a;2a;2a;2a;2a
SG9|2a;2a;2a;2a;2a;2a;2a;2a;2a;2a;2a;2a;2a;2a;2a;2a;2a;2a;2a,9,46,orbit13_fp1,wyckoff_orbit,13,2a,3,1,True,torus_fractional_coordinate,2a;2a;2a;2a;2a;2a;2a;2a;2a;2a;2a;2a;2a;2a;2a;2a;2a;2a;2a
SG9|2a;2a;2a;2a;2a;2a;2a;2a;2a;2a;2a;2a;2a;2a;2a;2a;2a;2a;2a,9,47,orbit13_fp2,wyckoff_orbit,13,2a,3,2,True,torus_fractional_coordinate,2a;2a;2a;2a;2a;2a;2a;2a;2a;2a;2a;2a;2a;2a;2a;2a;2a;2a;2a
SG9|2a;2a;2a;2a;2a;2a;2a;2a;2a;2a;2a;2a;2a;2a;2a;2a;2a;2a;2a,9,48,orbit14_fp0,wyckoff_orbit,14,2a,3,0,True,torus_fractional_coordinate,2a;2a;2a;2a;2a;2a;2a;2a;2a;2a;2a;2a;2a;2a;2a;2a;2a;2a;2a
SG9|2a;2a;2a;2a;2a;2a;2a;2a;2a;2a;2a;2a;2a;2a;2a;2a;2a;2a;2a,9,49,orbit14_fp1,wyckoff_orbit,14,2a,3,1,True,torus_fractional_coordinate,2a;2a;2a;2a;2a;2a;2a;2a;2a;2a;2a;2a;2a;2a;2a;2a;2a;2a;2a
SG9|2a;2a;2a;2a;2a;2a;2a;2a;2a;2a;2a;2a;2a;2a;2a;2a;2a;2a;2a,9,50,orbit14_fp2,wyckoff_orbit,14,2a,3,2,True,torus_fractional_coordinate,2a;2a;2a;2a;2a;2a;2a;2a;2a;2a;2a;2a;2a;2a;2a;2a;2a;2a;2a
SG9|2a;2a;2a;2a;2a;2a;2a;2a;2a;2a;2a;2a;2a;2a;2a;2a;2a;2a;2a,9,51,orbit15_fp0,wyckoff_orbit,15,2a,3,0,True,torus_fractional_coordinate,2a;2a;2a;2a;2a;2a;2a;2a;2a;2a;2a;2a;2a;2a;2a;2a;2a;2a;2a
SG9|2a;2a;2a;2a;2a;2a;2a;2a;2a;2a;2a;2a;2a;2a;2a;2a;2a;2a;2a,9,52,orbit15_fp1,wyckoff_orbit,15,2a,3,1,True,torus_fractional_coordinate,2a;2a;2a;2a;2a;2a;2a;2a;2a;2a;2a;2a;2a;2a;2a;2a;2a;2a;2a
SG9|2a;2a;2a;2a;2a;2a;2a;2a;2a;2a;2a;2a;2a;2a;2a;2a;2a;2a;2a,9,53,orbit15_fp2,wyckoff_orbit,15,2a,3,2,True,torus_fractional_coordinate,2a;2a;2a;2a;2a;2a;2a;2a;2a;2a;2a;2a;2a;2a;2a;2a;2a;2a;2a
SG9|2a;2a;2a;2a;2a;2a;2a;2a;2a;2a;2a;2a;2a;2a;2a;2a;2a;2a;2a,9,54,orbit16_fp0,wyckoff_orbit,16,2a,3,0,True,torus_fractional_coordinate,2a;2a;2a;2a;2a;2a;2a;2a;2a;2a;2a;2a;2a;2a;2a;2a;2a;2a;2a
SG9|2a;2a;2a;2a;2a;2a;2a;2a;2a;2a;2a;2a;2a;2a;2a;2a;2a;2a;2a,9,55,orbit16_fp1,wyckoff_orbit,16,2a,3,1,True,torus_fractional_coordinate,2a;2a;2a;2a;2a;2a;2a;2a;2a;2a;2a;2a;2a;2a;2a;2a;2a;2a;2a
SG9|2a;2a;2a;2a;2a;2a;2a;2a;2a;2a;2a;2a;2a;2a;2a;2a;2a;2a;2a,9,56,orbit16_fp2,wyckoff_orbit,16,2a,3,2,True,torus_fractional_coordinate,2a;2a;2a;2a;2a;2a;2a;2a;2a;2a;2a;2a;2a;2a;2a;2a;2a;2a;2a
SG9|2a;2a;2a;2a;2a;2a;2a;2a;2a;2a;2a;2a;2a;2a;2a;2a;2a;2a;2a,9,57,orbit17_fp0,wyckoff_orbit,17,2a,3,0,True,torus_fractional_coordinate,2a;2a;2a;2a;2a;2a;2a;2a;2a;2a;2a;2a;2a;2a;2a;2a;2a;2a;2a
SG9|2a;2a;2a;2a;2a;2a;2a;2a;2a;2a;2a;2a;2a;2a;2a;2a;2a;2a;2a,9,58,orbit17_fp1,wyckoff_orbit,17,2a,3,1,True,torus_fractional_coordinate,2a;2a;2a;2a;2a;2a;2a;2a;2a;2a;2a;2a;2a;2a;2a;2a;2a;2a;2a
SG9|2a;2a;2a;2a;2a;2a;2a;2a;2a;2a;2a;2a;2a;2a;2a;2a;2a;2a;2a,9,59,orbit17_fp2,wyckoff_orbit,17,2a,3,2,True,torus_fractional_coordinate,2a;2a;2a;2a;2a;2a;2a;2a;2a;2a;2a;2a;2a;2a;2a;2a;2a;2a;2a
SG9|2a;2a;2a;2a;2a;2a;2a;2a;2a;2a;2a;2a;2a;2a;2a;2a;2a;2a;2a,9,60,orbit18_fp0,wyckoff_orbit,18,2a,3,0,True,torus_fractional_coordinate,2a;2a;2a;2a;2a;2a;2a;2a;2a;2a;2a;2a;2a;2a;2a;2a;2a;2a;2a
SG9|2a;2a;2a;2a;2a;2a;2a;2a;2a;2a;2a;2a;2a;2a;2a;2a;2a;2a;2a,9,61,orbit18_fp1,wyckoff_orbit,18,2a,3,1,True,torus_fractional_coordinate,2a;2a;2a;2a;2a;2a;2a;2a;2a;2a;2a;2a;2a;2a;2a;2a;2a;2a;2a
SG9|2a;2a;2a;2a;2a;2a;2a;2a;2a;2a;2a;2a;2a;2a;2a;2a;2a;2a;2a,9,62,orbit18_fp2,wyckoff_orbit,18,2a,3,2,True,torus_fractional_coordinate,2a;2a;2a;2a;2a;2a;2a;2a;2a;2a;2a;2a;2a;2a;2a;2a;2a;2a;2a
SG7|2a;2a;2a;2a;2a;2a;2a;2a;2a;2a,7,0,lattice_a,lattice,-1,,0,-1,False,positive_length,2a;2a;2a;2a;2a;2a;2a;2a;2a;2a
SG7|2a;2a;2a;2a;2a;2a;2a;2a;2a;2a,7,1,lattice_b,lattice,-1,,0,-1,False,positive_length,2a;2a;2a;2a;2a;2a;2a;2a;2a;2a
SG7|2a;2a;2a;2a;2a;2a;2a;2a;2a;2a,7,2,lattice_c,lattice,-1,,0,-1,False,positive_length,2a;2a;2a;2a;2a;2a;2a;2a;2a;2a
SG7|2a;2a;2a;2a;2a;2a;2a;2a;2a;2a,7,3,alpha,lattice,-1,,0,-1,False,angle_degree,2a;2a;2a;2a;2a;2a;2a;2a;2a;2a
SG7|2a;2a;2a;2a;2a;2a;2a;2a;2a;2a,7,4,beta,lattice,-1,,0,-1,False,angle_degree,2a;2a;2a;2a;2a;2a;2a;2a;2a;2a
SG7|2a;2a;2a;2a;2a;2a;2a;2a;2a;2a,7,5,gamma,lattice,-1,,0,-1,False,angle_degree,2a;2a;2a;2a;2a;2a;2a;2a;2a;2a
SG7|2a;2a;2a;2a;2a;2a;2a;2a;2a;2a,7,6,orbit0_fp0,wyckoff_orbit,0,2a,3,0,True,torus_fractional_coordinate,2a;2a;2a;2a;2a;2a;2a;2a;2a;2a
SG7|2a;2a;2a;2a;2a;2a;2a;2a;2a;2a,7,7,orbit0_fp1,wyckoff_orbit,0,2a,3,1,True,torus_fractional_coordinate,2a;2a;2a;2a;2a;2a;2a;2a;2a;2a
SG7|2a;2a;2a;2a;2a;2a;2a;2a;2a;2a,7,8,orbit0_fp2,wyckoff_orbit,0,2a,3,2,True,torus_fractional_coordinate,2a;2a;2a;2a;2a;2a;2a;2a;2a;2a
SG7|2a;2a;2a;2a;2a;2a;2a;2a;2a;2a,7,9,orbit1_fp0,wyckoff_orbit,1,2a,3,0,True,torus_fractional_coordinate,2a;2a;2a;2a;2a;2a;2a;2a;2a;2a
SG7|2a;2a;2a;2a;2a;2a;2a;2a;2a;2a,7,10,orbit1_fp1,wyckoff_orbit,1,2a,3,1,True,torus_fractional_coordinate,2a;2a;2a;2a;2a;2a;2a;2a;2a;2a
SG7|2a;2a;2a;2a;2a;2a;2a;2a;2a;2a,7,11,orbit1_fp2,wyckoff_orbit,1,2a,3,2,True,torus_fractional_coordinate,2a;2a;2a;2a;2a;2a;2a;2a;2a;2a
SG7|2a;2a;2a;2a;2a;2a;2a;2a;2a;2a,7,12,orbit2_fp0,wyckoff_orbit,2,2a,3,0,True,torus_fractional_coordinate,2a;2a;2a;2a;2a;2a;2a;2a;2a;2a
SG7|2a;2a;2a;2a;2a;2a;2a;2a;2a;2a,7,13,orbit2_fp1,wyckoff_orbit,2,2a,3,1,True,torus_fractional_coordinate,2a;2a;2a;2a;2a;2a;2a;2a;2a;2a
SG7|2a;2a;2a;2a;2a;2a;2a;2a;2a;2a,7,14,orbit2_fp2,wyckoff_orbit,2,2a,3,2,True,torus_fractional_coordinate,2a;2a;2a;2a;2a;2a;2a;2a;2a;2a
SG7|2a;2a;2a;2a;2a;2a;2a;2a;2a;2a,7,15,orbit3_fp0,wyckoff_orbit,3,2a,3,0,True,torus_fractional_coordinate,2a;2a;2a;2a;2a;2a;2a;2a;2a;2a
SG7|2a;2a;2a;2a;2a;2a;2a;2a;2a;2a,7,16,orbit3_fp1,wyckoff_orbit,3,2a,3,1,True,torus_fractional_coordinate,2a;2a;2a;2a;2a;2a;2a;2a;2a;2a
SG7|2a;2a;2a;2a;2a;2a;2a;2a;2a;2a,7,17,orbit3_fp2,wyckoff_orbit,3,2a,3,2,True,torus_fractional_coordinate,2a;2a;2a;2a;2a;2a;2a;2a;2a;2a
SG7|2a;2a;2a;2a;2a;2a;2a;2a;2a;2a,7,18,orbit4_fp0,wyckoff_orbit,4,2a,3,0,True,torus_fractional_coordinate,2a;2a;2a;2a;2a;2a;2a;2a;2a;2a
SG7|2a;2a;2a;2a;2a;2a;2a;2a;2a;2a,7,19,orbit4_fp1,wyckoff_orbit,4,2a,3,1,True,torus_fractional_coordinate,2a;2a;2a;2a;2a;2a;2a;2a;2a;2a
SG7|2a;2a;2a;2a;2a;2a;2a;2a;2a;2a,7,20,orbit4_fp2,wyckoff_orbit,4,2a,3,2,True,torus_fractional_coordinate,2a;2a;2a;2a;2a;2a;2a;2a;2a;2a
SG7|2a;2a;2a;2a;2a;2a;2a;2a;2a;2a,7,21,orbit5_fp0,wyckoff_orbit,5,2a,3,0,True,torus_fractional_coordinate,2a;2a;2a;2a;2a;2a;2a;2a;2a;2a
SG7|2a;2a;2a;2a;2a;2a;2a;2a;2a;2a,7,22,orbit5_fp1,wyckoff_orbit,5,2a,3,1,True,torus_fractional_coordinate,2a;2a;2a;2a;2a;2a;2a;2a;2a;2a
SG7|2a;2a;2a;2a;2a;2a;2a;2a;2a;2a,7,23,orbit5_fp2,wyckoff_orbit,5,2a,3,2,True,torus_fractional_coordinate,2a;2a;2a;2a;2a;2a;2a;2a;2a;2a
SG7|2a;2a;2a;2a;2a;2a;2a;2a;2a;2a,7,24,orbit6_fp0,wyckoff_orbit,6,2a,3,0,True,torus_fractional_coordinate,2a;2a;2a;2a;2a;2a;2a;2a;2a;2a
SG7|2a;2a;2a;2a;2a;2a;2a;2a;2a;2a,7,25,orbit6_fp1,wyckoff_orbit,6,2a,3,1,True,torus_fractional_coordinate,2a;2a;2a;2a;2a;2a;2a;2a;2a;2a
SG7|2a;2a;2a;2a;2a;2a;2a;2a;2a;2a,7,26,orbit6_fp2,wyckoff_orbit,6,2a,3,2,True,torus_fractional_coordinate,2a;2a;2a;2a;2a;2a;2a;2a;2a;2a
SG7|2a;2a;2a;2a;2a;2a;2a;2a;2a;2a,7,27,orbit7_fp0,wyckoff_orbit,7,2a,3,0,True,torus_fractional_coordinate,2a;2a;2a;2a;2a;2a;2a;2a;2a;2a
SG7|2a;2a;2a;2a;2a;2a;2a;2a;2a;2a,7,28,orbit7_fp1,wyckoff_orbit,7,2a,3,1,True,torus_fractional_coordinate,2a;2a;2a;2a;2a;2a;2a;2a;2a;2a
SG7|2a;2a;2a;2a;2a;2a;2a;2a;2a;2a,7,29,orbit7_fp2,wyckoff_orbit,7,2a,3,2,True,torus_fractional_coordinate,2a;2a;2a;2a;2a;2a;2a;2a;2a;2a
SG7|2a;2a;2a;2a;2a;2a;2a;2a;2a;2a,7,30,orbit8_fp0,wyckoff_orbit,8,2a,3,0,True,torus_fractional_coordinate,2a;2a;2a;2a;2a;2a;2a;2a;2a;2a
SG7|2a;2a;2a;2a;2a;2a;2a;2a;2a;2a,7,31,orbit8_fp1,wyckoff_orbit,8,2a,3,1,True,torus_fractional_coordinate,2a;2a;2a;2a;2a;2a;2a;2a;2a;2a
SG7|2a;2a;2a;2a;2a;2a;2a;2a;2a;2a,7,32,orbit8_fp2,wyckoff_orbit,8,2a,3,2,True,torus_fractional_coordinate,2a;2a;2a;2a;2a;2a;2a;2a;2a;2a
SG7|2a;2a;2a;2a;2a;2a;2a;2a;2a;2a,7,33,orbit9_fp0,wyckoff_orbit,9,2a,3,0,True,torus_fractional_coordinate,2a;2a;2a;2a;2a;2a;2a;2a;2a;2a
SG7|2a;2a;2a;2a;2a;2a;2a;2a;2a;2a,7,34,orbit9_fp1,wyckoff_orbit,9,2a,3,1,True,torus_fractional_coordinate,2a;2a;2a;2a;2a;2a;2a;2a;2a;2a
SG7|2a;2a;2a;2a;2a;2a;2a;2a;2a;2a,7,35,orbit9_fp2,wyckoff_orbit,9,2a,3,2,True,torus_fractional_coordinate,2a;2a;2a;2a;2a;2a;2a;2a;2a;2a
SG4|2a;2a;2a;2a;2a;2a;2a;2a;2a;2a;2a,4,0,lattice_a,lattice,-1,,0,-1,False,positive_length,2a;2a;2a;2a;2a;2a;2a;2a;2a;2a;2a
SG4|2a;2a;2a;2a;2a;2a;2a;2a;2a;2a;2a,4,1,lattice_b,lattice,-1,,0,-1,False,positive_length,2a;2a;2a;2a;2a;2a;2a;2a;2a;2a;2a
SG4|2a;2a;2a;2a;2a;2a;2a;2a;2a;2a;2a,4,2,lattice_c,lattice,-1,,0,-1,False,positive_length,2a;2a;2a;2a;2a;2a;2a;2a;2a;2a;2a
SG4|2a;2a;2a;2a;2a;2a;2a;2a;2a;2a;2a,4,3,alpha,lattice,-1,,0,-1,False,angle_degree,2a;2a;2a;2a;2a;2a;2a;2a;2a;2a;2a
SG4|2a;2a;2a;2a;2a;2a;2a;2a;2a;2a;2a,4,4,beta,lattice,-1,,0,-1,False,angle_degree,2a;2a;2a;2a;2a;2a;2a;2a;2a;2a;2a
SG4|2a;2a;2a;2a;2a;2a;2a;2a;2a;2a;2a,4,5,gamma,lattice,-1,,0,-1,False,angle_degree,2a;2a;2a;2a;2a;2a;2a;2a;2a;2a;2a
SG4|2a;2a;2a;2a;2a;2a;2a;2a;2a;2a;2a,4,6,orbit0_fp0,wyckoff_orbit,0,2a,3,0,True,torus_fractional_coordinate,2a;2a;2a;2a;2a;2a;2a;2a;2a;2a;2a
SG4|2a;2a;2a;2a;2a;2a;2a;2a;2a;2a;2a,4,7,orbit0_fp1,wyckoff_orbit,0,2a,3,1,True,torus_fractional_coordinate,2a;2a;2a;2a;2a;2a;2a;2a;2a;2a;2a
SG4|2a;2a;2a;2a;2a;2a;2a;2a;2a;2a;2a,4,8,orbit0_fp2,wyckoff_orbit,0,2a,3,2,True,torus_fractional_coordinate,2a;2a;2a;2a;2a;2a;2a;2a;2a;2a;2a
SG4|2a;2a;2a;2a;2a;2a;2a;2a;2a;2a;2a,4,9,orbit1_fp0,wyckoff_orbit,1,2a,3,0,True,torus_fractional_coordinate,2a;2a;2a;2a;2a;2a;2a;2a;2a;2a;2a
SG4|2a;2a;2a;2a;2a;2a;2a;2a;2a;2a;2a,4,10,orbit1_fp1,wyckoff_orbit,1,2a,3,1,True,torus_fractional_coordinate,2a;2a;2a;2a;2a;2a;2a;2a;2a;2a;2a
SG4|2a;2a;2a;2a;2a;2a;2a;2a;2a;2a;2a,4,11,orbit1_fp2,wyckoff_orbit,1,2a,3,2,True,torus_fractional_coordinate,2a;2a;2a;2a;2a;2a;2a;2a;2a;2a;2a
SG4|2a;2a;2a;2a;2a;2a;2a;2a;2a;2a;2a,4,12,orbit2_fp0,wyckoff_orbit,2,2a,3,0,True,torus_fractional_coordinate,2a;2a;2a;2a;2a;2a;2a;2a;2a;2a;2a
SG4|2a;2a;2a;2a;2a;2a;2a;2a;2a;2a;2a,4,13,orbit2_fp1,wyckoff_orbit,2,2a,3,1,True,torus_fractional_coordinate,2a;2a;2a;2a;2a;2a;2a;2a;2a;2a;2a
SG4|2a;2a;2a;2a;2a;2a;2a;2a;2a;2a;2a,4,14,orbit2_fp2,wyckoff_orbit,2,2a,3,2,True,torus_fractional_coordinate,2a;2a;2a;2a;2a;2a;2a;2a;2a;2a;2a
SG4|2a;2a;2a;2a;2a;2a;2a;2a;2a;2a;2a,4,15,orbit3_fp0,wyckoff_orbit,3,2a,3,0,True,torus_fractional_coordinate,2a;2a;2a;2a;2a;2a;2a;2a;2a;2a;2a
SG4|2a;2a;2a;2a;2a;2a;2a;2a;2a;2a;2a,4,16,orbit3_fp1,wyckoff_orbit,3,2a,3,1,True,torus_fractional_coordinate,2a;2a;2a;2a;2a;2a;2a;2a;2a;2a;2a
SG4|2a;2a;2a;2a;2a;2a;2a;2a;2a;2a;2a,4,17,orbit3_fp2,wyckoff_orbit,3,2a,3,2,True,torus_fractional_coordinate,2a;2a;2a;2a;2a;2a;2a;2a;2a;2a;2a
SG4|2a;2a;2a;2a;2a;2a;2a;2a;2a;2a;2a,4,18,orbit4_fp0,wyckoff_orbit,4,2a,3,0,True,torus_fractional_coordinate,2a;2a;2a;2a;2a;2a;2a;2a;2a;2a;2a
SG4|2a;2a;2a;2a;2a;2a;2a;2a;2a;2a;2a,4,19,orbit4_fp1,wyckoff_orbit,4,2a,3,1,True,torus_fractional_coordinate,2a;2a;2a;2a;2a;2a;2a;2a;2a;2a;2a
SG4|2a;2a;2a;2a;2a;2a;2a;2a;2a;2a;2a,4,20,orbit4_fp2,wyckoff_orbit,4,2a,3,2,True,torus_fractional_coordinate,2a;2a;2a;2a;2a;2a;2a;2a;2a;2a;2a
SG4|2a;2a;2a;2a;2a;2a;2a;2a;2a;2a;2a,4,21,orbit5_fp0,wyckoff_orbit,5,2a,3,0,True,torus_fractional_coordinate,2a;2a;2a;2a;2a;2a;2a;2a;2a;2a;2a
SG4|2a;2a;2a;2a;2a;2a;2a;2a;2a;2a;2a,4,22,orbit5_fp1,wyckoff_orbit,5,2a,3,1,True,torus_fractional_coordinate,2a;2a;2a;2a;2a;2a;2a;2a;2a;2a;2a
SG4|2a;2a;2a;2a;2a;2a;2a;2a;2a;2a;2a,4,23,orbit5_fp2,wyckoff_orbit,5,2a,3,2,True,torus_fractional_coordinate,2a;2a;2a;2a;2a;2a;2a;2a;2a;2a;2a
SG4|2a;2a;2a;2a;2a;2a;2a;2a;2a;2a;2a,4,24,orbit6_fp0,wyckoff_orbit,6,2a,3,0,True,torus_fractional_coordinate,2a;2a;2a;2a;2a;2a;2a;2a;2a;2a;2a
SG4|2a;2a;2a;2a;2a;2a;2a;2a;2a;2a;2a,4,25,orbit6_fp1,wyckoff_orbit,6,2a,3,1,True,torus_fractional_coordinate,2a;2a;2a;2a;2a;2a;2a;2a;2a;2a;2a
SG4|2a;2a;2a;2a;2a;2a;2a;2a;2a;2a;2a,4,26,orbit6_fp2,wyckoff_orbit,6,2a,3,2,True,torus_fractional_coordinate,2a;2a;2a;2a;2a;2a;2a;2a;2a;2a;2a
SG4|2a;2a;2a;2a;2a;2a;2a;2a;2a;2a;2a,4,27,orbit7_fp0,wyckoff_orbit,7,2a,3,0,True,torus_fractional_coordinate,2a;2a;2a;2a;2a;2a;2a;2a;2a;2a;2a
SG4|2a;2a;2a;2a;2a;2a;2a;2a;2a;2a;2a,4,28,orbit7_fp1,wyckoff_orbit,7,2a,3,1,True,torus_fractional_coordinate,2a;2a;2a;2a;2a;2a;2a;2a;2a;2a;2a
SG4|2a;2a;2a;2a;2a;2a;2a;2a;2a;2a;2a,4,29,orbit7_fp2,wyckoff_orbit,7,2a,3,2,True,torus_fractional_coordinate,2a;2a;2a;2a;2a;2a;2a;2a;2a;2a;2a
SG4|2a;2a;2a;2a;2a;2a;2a;2a;2a;2a;2a,4,30,orbit8_fp0,wyckoff_orbit,8,2a,3,0,True,torus_fractional_coordinate,2a;2a;2a;2a;2a;2a;2a;2a;2a;2a;2a
SG4|2a;2a;2a;2a;2a;2a;2a;2a;2a;2a;2a,4,31,orbit8_fp1,wyckoff_orbit,8,2a,3,1,True,torus_fractional_coordinate,2a;2a;2a;2a;2a;2a;2a;2a;2a;2a;2a
SG4|2a;2a;2a;2a;2a;2a;2a;2a;2a;2a;2a,4,32,orbit8_fp2,wyckoff_orbit,8,2a,3,2,True,torus_fractional_coordinate,2a;2a;2a;2a;2a;2a;2a;2a;2a;2a;2a
SG4|2a;2a;2a;2a;2a;2a;2a;2a;2a;2a;2a,4,33,orbit9_fp0,wyckoff_orbit,9,2a,3,0,True,torus_fractional_coordinate,2a;2a;2a;2a;2a;2a;2a;2a;2a;2a;2a
SG4|2a;2a;2a;2a;2a;2a;2a;2a;2a;2a;2a,4,34,orbit9_fp1,wyckoff_orbit,9,2a,3,1,True,torus_fractional_coordinate,2a;2a;2a;2a;2a;2a;2a;2a;2a;2a;2a
SG4|2a;2a;2a;2a;2a;2a;2a;2a;2a;2a;2a,4,35,orbit9_fp2,wyckoff_orbit,9,2a,3,2,True,torus_fractional_coordinate,2a;2a;2a;2a;2a;2a;2a;2a;2a;2a;2a
SG4|2a;2a;2a;2a;2a;2a;2a;2a;2a;2a;2a,4,36,orbit10_fp0,wyckoff_orbit,10,2a,3,0,True,torus_fractional_coordinate,2a;2a;2a;2a;2a;2a;2a;2a;2a;2a;2a
SG4|2a;2a;2a;2a;2a;2a;2a;2a;2a;2a;2a,4,37,orbit10_fp1,wyckoff_orbit,10,2a,3,1,True,torus_fractional_coordinate,2a;2a;2a;2a;2a;2a;2a;2a;2a;2a;2a
SG4|2a;2a;2a;2a;2a;2a;2a;2a;2a;2a;2a,4,38,orbit10_fp2,wyckoff_orbit,10,2a,3,2,True,torus_fractional_coordinate,2a;2a;2a;2a;2a;2a;2a;2a;2a;2a;2a
SG61|8c;8c;8c;8c;8c;8c;8c;8c;8c;8c,61,0,lattice_a,lattice,-1,,0,-1,False,positive_length,8c;8c;8c;8c;8c;8c;8c;8c;8c;8c
SG61|8c;8c;8c;8c;8c;8c;8c;8c;8c;8c,61,1,lattice_b,lattice,-1,,0,-1,False,positive_length,8c;8c;8c;8c;8c;8c;8c;8c;8c;8c
SG61|8c;8c;8c;8c;8c;8c;8c;8c;8c;8c,61,2,lattice_c,lattice,-1,,0,-1,False,positive_length,8c;8c;8c;8c;8c;8c;8c;8c;8c;8c
SG61|8c;8c;8c;8c;8c;8c;8c;8c;8c;8c,61,3,alpha,lattice,-1,,0,-1,False,angle_degree,8c;8c;8c;8c;8c;8c;8c;8c;8c;8c
SG61|8c;8c;8c;8c;8c;8c;8c;8c;8c;8c,61,4,beta,lattice,-1,,0,-1,False,angle_degree,8c;8c;8c;8c;8c;8c;8c;8c;8c;8c
SG61|8c;8c;8c;8c;8c;8c;8c;8c;8c;8c,61,5,gamma,lattice,-1,,0,-1,False,angle_degree,8c;8c;8c;8c;8c;8c;8c;8c;8c;8c
SG61|8c;8c;8c;8c;8c;8c;8c;8c;8c;8c,61,6,orbit0_fp0,wyckoff_orbit,0,8c,3,0,True,torus_fractional_coordinate,8c;8c;8c;8c;8c;8c;8c;8c;8c;8c
SG61|8c;8c;8c;8c;8c;8c;8c;8c;8c;8c,61,7,orbit0_fp1,wyckoff_orbit,0,8c,3,1,True,torus_fractional_coordinate,8c;8c;8c;8c;8c;8c;8c;8c;8c;8c
SG61|8c;8c;8c;8c;8c;8c;8c;8c;8c;8c,61,8,orbit0_fp2,wyckoff_orbit,0,8c,3,2,True,torus_fractional_coordinate,8c;8c;8c;8c;8c;8c;8c;8c;8c;8c
SG61|8c;8c;8c;8c;8c;8c;8c;8c;8c;8c,61,9,orbit1_fp0,wyckoff_orbit,1,8c,3,0,True,torus_fractional_coordinate,8c;8c;8c;8c;8c;8c;8c;8c;8c;8c
SG61|8c;8c;8c;8c;8c;8c;8c;8c;8c;8c,61,10,orbit1_fp1,wyckoff_orbit,1,8c,3,1,True,torus_fractional_coordinate,8c;8c;8c;8c;8c;8c;8c;8c;8c;8c
SG61|8c;8c;8c;8c;8c;8c;8c;8c;8c;8c,61,11,orbit1_fp2,wyckoff_orbit,1,8c,3,2,True,torus_fractional_coordinate,8c;8c;8c;8c;8c;8c;8c;8c;8c;8c
SG61|8c;8c;8c;8c;8c;8c;8c;8c;8c;8c,61,12,orbit2_fp0,wyckoff_orbit,2,8c,3,0,True,torus_fractional_coordinate,8c;8c;8c;8c;8c;8c;8c;8c;8c;8c
SG61|8c;8c;8c;8c;8c;8c;8c;8c;8c;8c,61,13,orbit2_fp1,wyckoff_orbit,2,8c,3,1,True,torus_fractional_coordinate,8c;8c;8c;8c;8c;8c;8c;8c;8c;8c
SG61|8c;8c;8c;8c;8c;8c;8c;8c;8c;8c,61,14,orbit2_fp2,wyckoff_orbit,2,8c,3,2,True,torus_fractional_coordinate,8c;8c;8c;8c;8c;8c;8c;8c;8c;8c
SG61|8c;8c;8c;8c;8c;8c;8c;8c;8c;8c,61,15,orbit3_fp0,wyckoff_orbit,3,8c,3,0,True,torus_fractional_coordinate,8c;8c;8c;8c;8c;8c;8c;8c;8c;8c
SG61|8c;8c;8c;8c;8c;8c;8c;8c;8c;8c,61,16,orbit3_fp1,wyckoff_orbit,3,8c,3,1,True,torus_fractional_coordinate,8c;8c;8c;8c;8c;8c;8c;8c;8c;8c
SG61|8c;8c;8c;8c;8c;8c;8c;8c;8c;8c,61,17,orbit3_fp2,wyckoff_orbit,3,8c,3,2,True,torus_fractional_coordinate,8c;8c;8c;8c;8c;8c;8c;8c;8c;8c
SG61|8c;8c;8c;8c;8c;8c;8c;8c;8c;8c,61,18,orbit4_fp0,wyckoff_orbit,4,8c,3,0,True,torus_fractional_coordinate,8c;8c;8c;8c;8c;8c;8c;8c;8c;8c
SG61|8c;8c;8c;8c;8c;8c;8c;8c;8c;8c,61,19,orbit4_fp1,wyckoff_orbit,4,8c,3,1,True,torus_fractional_coordinate,8c;8c;8c;8c;8c;8c;8c;8c;8c;8c
SG61|8c;8c;8c;8c;8c;8c;8c;8c;8c;8c,61,20,orbit4_fp2,wyckoff_orbit,4,8c,3,2,True,torus_fractional_coordinate,8c;8c;8c;8c;8c;8c;8c;8c;8c;8c
SG61|8c;8c;8c;8c;8c;8c;8c;8c;8c;8c,61,21,orbit5_fp0,wyckoff_orbit,5,8c,3,0,True,torus_fractional_coordinate,8c;8c;8c;8c;8c;8c;8c;8c;8c;8c
SG61|8c;8c;8c;8c;8c;8c;8c;8c;8c;8c,61,22,orbit5_fp1,wyckoff_orbit,5,8c,3,1,True,torus_fractional_coordinate,8c;8c;8c;8c;8c;8c;8c;8c;8c;8c
SG61|8c;8c;8c;8c;8c;8c;8c;8c;8c;8c,61,23,orbit5_fp2,wyckoff_orbit,5,8c,3,2,True,torus_fractional_coordinate,8c;8c;8c;8c;8c;8c;8c;8c;8c;8c
SG61|8c;8c;8c;8c;8c;8c;8c;8c;8c;8c,61,24,orbit6_fp0,wyckoff_orbit,6,8c,3,0,True,torus_fractional_coordinate,8c;8c;8c;8c;8c;8c;8c;8c;8c;8c
SG61|8c;8c;8c;8c;8c;8c;8c;8c;8c;8c,61,25,orbit6_fp1,wyckoff_orbit,6,8c,3,1,True,torus_fractional_coordinate,8c;8c;8c;8c;8c;8c;8c;8c;8c;8c
SG61|8c;8c;8c;8c;8c;8c;8c;8c;8c;8c,61,26,orbit6_fp2,wyckoff_orbit,6,8c,3,2,True,torus_fractional_coordinate,8c;8c;8c;8c;8c;8c;8c;8c;8c;8c
SG61|8c;8c;8c;8c;8c;8c;8c;8c;8c;8c,61,27,orbit7_fp0,wyckoff_orbit,7,8c,3,0,True,torus_fractional_coordinate,8c;8c;8c;8c;8c;8c;8c;8c;8c;8c
SG61|8c;8c;8c;8c;8c;8c;8c;8c;8c;8c,61,28,orbit7_fp1,wyckoff_orbit,7,8c,3,1,True,torus_fractional_coordinate,8c;8c;8c;8c;8c;8c;8c;8c;8c;8c
SG61|8c;8c;8c;8c;8c;8c;8c;8c;8c;8c,61,29,orbit7_fp2,wyckoff_orbit,7,8c,3,2,True,torus_fractional_coordinate,8c;8c;8c;8c;8c;8c;8c;8c;8c;8c
SG61|8c;8c;8c;8c;8c;8c;8c;8c;8c;8c,61,30,orbit8_fp0,wyckoff_orbit,8,8c,3,0,True,torus_fractional_coordinate,8c;8c;8c;8c;8c;8c;8c;8c;8c;8c
SG61|8c;8c;8c;8c;8c;8c;8c;8c;8c;8c,61,31,orbit8_fp1,wyckoff_orbit,8,8c,3,1,True,torus_fractional_coordinate,8c;8c;8c;8c;8c;8c;8c;8c;8c;8c
SG61|8c;8c;8c;8c;8c;8c;8c;8c;8c;8c,61,32,orbit8_fp2,wyckoff_orbit,8,8c,3,2,True,torus_fractional_coordinate,8c;8c;8c;8c;8c;8c;8c;8c;8c;8c
SG61|8c;8c;8c;8c;8c;8c;8c;8c;8c;8c,61,33,orbit9_fp0,wyckoff_orbit,9,8c,3,0,True,torus_fractional_coordinate,8c;8c;8c;8c;8c;8c;8c;8c;8c;8c
SG61|8c;8c;8c;8c;8c;8c;8c;8c;8c;8c,61,34,orbit9_fp1,wyckoff_orbit,9,8c,3,1,True,torus_fractional_coordinate,8c;8c;8c;8c;8c;8c;8c;8c;8c;8c
SG61|8c;8c;8c;8c;8c;8c;8c;8c;8c;8c,61,35,orbit9_fp2,wyckoff_orbit,9,8c,3,2,True,torus_fractional_coordinate,8c;8c;8c;8c;8c;8c;8c;8c;8c;8c
SG61|8c;8c;8c;8c;8c;8c;8c;8c,61,0,lattice_a,lattice,-1,,0,-1,False,positive_length,8c;8c;8c;8c;8c;8c;8c;8c
SG61|8c;8c;8c;8c;8c;8c;8c;8c,61,1,lattice_b,lattice,-1,,0,-1,False,positive_length,8c;8c;8c;8c;8c;8c;8c;8c
SG61|8c;8c;8c;8c;8c;8c;8c;8c,61,2,lattice_c,lattice,-1,,0,-1,False,positive_length,8c;8c;8c;8c;8c;8c;8c;8c
SG61|8c;8c;8c;8c;8c;8c;8c;8c,61,3,alpha,lattice,-1,,0,-1,False,angle_degree,8c;8c;8c;8c;8c;8c;8c;8c
SG61|8c;8c;8c;8c;8c;8c;8c;8c,61,4,beta,lattice,-1,,0,-1,False,angle_degree,8c;8c;8c;8c;8c;8c;8c;8c
SG61|8c;8c;8c;8c;8c;8c;8c;8c,61,5,gamma,lattice,-1,,0,-1,False,angle_degree,8c;8c;8c;8c;8c;8c;8c;8c
SG61|8c;8c;8c;8c;8c;8c;8c;8c,61,6,orbit0_fp0,wyckoff_orbit,0,8c,3,0,True,torus_fractional_coordinate,8c;8c;8c;8c;8c;8c;8c;8c
SG61|8c;8c;8c;8c;8c;8c;8c;8c,61,7,orbit0_fp1,wyckoff_orbit,0,8c,3,1,True,torus_fractional_coordinate,8c;8c;8c;8c;8c;8c;8c;8c
SG61|8c;8c;8c;8c;8c;8c;8c;8c,61,8,orbit0_fp2,wyckoff_orbit,0,8c,3,2,True,torus_fractional_coordinate,8c;8c;8c;8c;8c;8c;8c;8c
SG61|8c;8c;8c;8c;8c;8c;8c;8c,61,9,orbit1_fp0,wyckoff_orbit,1,8c,3,0,True,torus_fractional_coordinate,8c;8c;8c;8c;8c;8c;8c;8c
SG61|8c;8c;8c;8c;8c;8c;8c;8c,61,10,orbit1_fp1,wyckoff_orbit,1,8c,3,1,True,torus_fractional_coordinate,8c;8c;8c;8c;8c;8c;8c;8c
SG61|8c;8c;8c;8c;8c;8c;8c;8c,61,11,orbit1_fp2,wyckoff_orbit,1,8c,3,2,True,torus_fractional_coordinate,8c;8c;8c;8c;8c;8c;8c;8c
SG61|8c;8c;8c;8c;8c;8c;8c;8c,61,12,orbit2_fp0,wyckoff_orbit,2,8c,3,0,True,torus_fractional_coordinate,8c;8c;8c;8c;8c;8c;8c;8c
SG61|8c;8c;8c;8c;8c;8c;8c;8c,61,13,orbit2_fp1,wyckoff_orbit,2,8c,3,1,True,torus_fractional_coordinate,8c;8c;8c;8c;8c;8c;8c;8c
SG61|8c;8c;8c;8c;8c;8c;8c;8c,61,14,orbit2_fp2,wyckoff_orbit,2,8c,3,2,True,torus_fractional_coordinate,8c;8c;8c;8c;8c;8c;8c;8c
SG61|8c;8c;8c;8c;8c;8c;8c;8c,61,15,orbit3_fp0,wyckoff_orbit,3,8c,3,0,True,torus_fractional_coordinate,8c;8c;8c;8c;8c;8c;8c;8c
SG61|8c;8c;8c;8c;8c;8c;8c;8c,61,16,orbit3_fp1,wyckoff_orbit,3,8c,3,1,True,torus_fractional_coordinate,8c;8c;8c;8c;8c;8c;8c;8c
SG61|8c;8c;8c;8c;8c;8c;8c;8c,61,17,orbit3_fp2,wyckoff_orbit,3,8c,3,2,True,torus_fractional_coordinate,8c;8c;8c;8c;8c;8c;8c;8c
SG61|8c;8c;8c;8c;8c;8c;8c;8c,61,18,orbit4_fp0,wyckoff_orbit,4,8c,3,0,True,torus_fractional_coordinate,8c;8c;8c;8c;8c;8c;8c;8c
SG61|8c;8c;8c;8c;8c;8c;8c;8c,61,19,orbit4_fp1,wyckoff_orbit,4,8c,3,1,True,torus_fractional_coordinate,8c;8c;8c;8c;8c;8c;8c;8c
SG61|8c;8c;8c;8c;8c;8c;8c;8c,61,20,orbit4_fp2,wyckoff_orbit,4,8c,3,2,True,torus_fractional_coordinate,8c;8c;8c;8c;8c;8c;8c;8c
SG61|8c;8c;8c;8c;8c;8c;8c;8c,61,21,orbit5_fp0,wyckoff_orbit,5,8c,3,0,True,torus_fractional_coordinate,8c;8c;8c;8c;8c;8c;8c;8c
SG61|8c;8c;8c;8c;8c;8c;8c;8c,61,22,orbit5_fp1,wyckoff_orbit,5,8c,3,1,True,torus_fractional_coordinate,8c;8c;8c;8c;8c;8c;8c;8c
SG61|8c;8c;8c;8c;8c;8c;8c;8c,61,23,orbit5_fp2,wyckoff_orbit,5,8c,3,2,True,torus_fractional_coordinate,8c;8c;8c;8c;8c;8c;8c;8c
SG61|8c;8c;8c;8c;8c;8c;8c;8c,61,24,orbit6_fp0,wyckoff_orbit,6,8c,3,0,True,torus_fractional_coordinate,8c;8c;8c;8c;8c;8c;8c;8c
SG61|8c;8c;8c;8c;8c;8c;8c;8c,61,25,orbit6_fp1,wyckoff_orbit,6,8c,3,1,True,torus_fractional_coordinate,8c;8c;8c;8c;8c;8c;8c;8c
SG61|8c;8c;8c;8c;8c;8c;8c;8c,61,26,orbit6_fp2,wyckoff_orbit,6,8c,3,2,True,torus_fractional_coordinate,8c;8c;8c;8c;8c;8c;8c;8c
SG61|8c;8c;8c;8c;8c;8c;8c;8c,61,27,orbit7_fp0,wyckoff_orbit,7,8c,3,0,True,torus_fractional_coordinate,8c;8c;8c;8c;8c;8c;8c;8c
SG61|8c;8c;8c;8c;8c;8c;8c;8c,61,28,orbit7_fp1,wyckoff_orbit,7,8c,3,1,True,torus_fractional_coordinate,8c;8c;8c;8c;8c;8c;8c;8c
SG61|8c;8c;8c;8c;8c;8c;8c;8c,61,29,orbit7_fp2,wyckoff_orbit,7,8c,3,2,True,torus_fractional_coordinate,8c;8c;8c;8c;8c;8c;8c;8c
SG62|4c;4c;4c;4c;4c;4c;4c,62,0,lattice_a,lattice,-1,,0,-1,False,positive_length,4c;4c;4c;4c;4c;4c;4c
SG62|4c;4c;4c;4c;4c;4c;4c,62,1,lattice_b,lattice,-1,,0,-1,False,positive_length,4c;4c;4c;4c;4c;4c;4c
SG62|4c;4c;4c;4c;4c;4c;4c,62,2,lattice_c,lattice,-1,,0,-1,False,positive_length,4c;4c;4c;4c;4c;4c;4c
SG62|4c;4c;4c;4c;4c;4c;4c,62,3,alpha,lattice,-1,,0,-1,False,angle_degree,4c;4c;4c;4c;4c;4c;4c
SG62|4c;4c;4c;4c;4c;4c;4c,62,4,beta,lattice,-1,,0,-1,False,angle_degree,4c;4c;4c;4c;4c;4c;4c
SG62|4c;4c;4c;4c;4c;4c;4c,62,5,gamma,lattice,-1,,0,-1,False,angle_degree,4c;4c;4c;4c;4c;4c;4c
SG62|4c;4c;4c;4c;4c;4c;4c,62,6,orbit0_fp0,wyckoff_orbit,0,4c,2,0,True,torus_fractional_coordinate,4c;4c;4c;4c;4c;4c;4c
SG62|4c;4c;4c;4c;4c;4c;4c,62,7,orbit0_fp1,wyckoff_orbit,0,4c,2,1,True,torus_fractional_coordinate,4c;4c;4c;4c;4c;4c;4c
SG62|4c;4c;4c;4c;4c;4c;4c,62,8,orbit1_fp0,wyckoff_orbit,1,4c,2,0,True,torus_fractional_coordinate,4c;4c;4c;4c;4c;4c;4c
SG62|4c;4c;4c;4c;4c;4c;4c,62,9,orbit1_fp1,wyckoff_orbit,1,4c,2,1,True,torus_fractional_coordinate,4c;4c;4c;4c;4c;4c;4c
SG62|4c;4c;4c;4c;4c;4c;4c,62,10,orbit2_fp0,wyckoff_orbit,2,4c,2,0,True,torus_fractional_coordinate,4c;4c;4c;4c;4c;4c;4c
SG62|4c;4c;4c;4c;4c;4c;4c,62,11,orbit2_fp1,wyckoff_orbit,2,4c,2,1,True,torus_fractional_coordinate,4c;4c;4c;4c;4c;4c;4c
SG62|4c;4c;4c;4c;4c;4c;4c,62,12,orbit3_fp0,wyckoff_orbit,3,4c,2,0,True,torus_fractional_coordinate,4c;4c;4c;4c;4c;4c;4c
SG62|4c;4c;4c;4c;4c;4c;4c,62,13,orbit3_fp1,wyckoff_orbit,3,4c,2,1,True,torus_fractional_coordinate,4c;4c;4c;4c;4c;4c;4c
SG62|4c;4c;4c;4c;4c;4c;4c,62,14,orbit4_fp0,wyckoff_orbit,4,4c,2,0,True,torus_fractional_coordinate,4c;4c;4c;4c;4c;4c;4c
SG62|4c;4c;4c;4c;4c;4c;4c,62,15,orbit4_fp1,wyckoff_orbit,4,4c,2,1,True,torus_fractional_coordinate,4c;4c;4c;4c;4c;4c;4c
SG62|4c;4c;4c;4c;4c;4c;4c,62,16,orbit5_fp0,wyckoff_orbit,5,4c,2,0,True,torus_fractional_coordinate,4c;4c;4c;4c;4c;4c;4c
SG62|4c;4c;4c;4c;4c;4c;4c,62,17,orbit5_fp1,wyckoff_orbit,5,4c,2,1,True,torus_fractional_coordinate,4c;4c;4c;4c;4c;4c;4c
SG62|4c;4c;4c;4c;4c;4c;4c,62,18,orbit6_fp0,wyckoff_orbit,6,4c,2,0,True,torus_fractional_coordinate,4c;4c;4c;4c;4c;4c;4c
SG62|4c;4c;4c;4c;4c;4c;4c,62,19,orbit6_fp1,wyckoff_orbit,6,4c,2,1,True,torus_fractional_coordinate,4c;4c;4c;4c;4c;4c;4c
SG62|4c;4c;4c;4c;4c;8d;8d,62,0,lattice_a,lattice,-1,,0,-1,False,positive_length,4c;4c;4c;4c;4c;8d;8d
SG62|4c;4c;4c;4c;4c;8d;8d,62,1,lattice_b,lattice,-1,,0,-1,False,positive_length,4c;4c;4c;4c;4c;8d;8d
SG62|4c;4c;4c;4c;4c;8d;8d,62,2,lattice_c,lattice,-1,,0,-1,False,positive_length,4c;4c;4c;4c;4c;8d;8d
SG62|4c;4c;4c;4c;4c;8d;8d,62,3,alpha,lattice,-1,,0,-1,False,angle_degree,4c;4c;4c;4c;4c;8d;8d
SG62|4c;4c;4c;4c;4c;8d;8d,62,4,beta,lattice,-1,,0,-1,False,angle_degree,4c;4c;4c;4c;4c;8d;8d
SG62|4c;4c;4c;4c;4c;8d;8d,62,5,gamma,lattice,-1,,0,-1,False,angle_degree,4c;4c;4c;4c;4c;8d;8d
SG62|4c;4c;4c;4c;4c;8d;8d,62,6,orbit0_fp0,wyckoff_orbit,0,4c,2,0,True,torus_fractional_coordinate,4c;4c;4c;4c;4c;8d;8d
SG62|4c;4c;4c;4c;4c;8d;8d,62,7,orbit0_fp1,wyckoff_orbit,0,4c,2,1,True,torus_fractional_coordinate,4c;4c;4c;4c;4c;8d;8d
SG62|4c;4c;4c;4c;4c;8d;8d,62,8,orbit1_fp0,wyckoff_orbit,1,4c,2,0,True,torus_fractional_coordinate,4c;4c;4c;4c;4c;8d;8d
SG62|4c;4c;4c;4c;4c;8d;8d,62,9,orbit1_fp1,wyckoff_orbit,1,4c,2,1,True,torus_fractional_coordinate,4c;4c;4c;4c;4c;8d;8d
SG62|4c;4c;4c;4c;4c;8d;8d,62,10,orbit2_fp0,wyckoff_orbit,2,4c,2,0,True,torus_fractional_coordinate,4c;4c;4c;4c;4c;8d;8d
SG62|4c;4c;4c;4c;4c;8d;8d,62,11,orbit2_fp1,wyckoff_orbit,2,4c,2,1,True,torus_fractional_coordinate,4c;4c;4c;4c;4c;8d;8d
SG62|4c;4c;4c;4c;4c;8d;8d,62,12,orbit3_fp0,wyckoff_orbit,3,4c,2,0,True,torus_fractional_coordinate,4c;4c;4c;4c;4c;8d;8d
SG62|4c;4c;4c;4c;4c;8d;8d,62,13,orbit3_fp1,wyckoff_orbit,3,4c,2,1,True,torus_fractional_coordinate,4c;4c;4c;4c;4c;8d;8d
SG62|4c;4c;4c;4c;4c;8d;8d,62,14,orbit4_fp0,wyckoff_orbit,4,4c,2,0,True,torus_fractional_coordinate,4c;4c;4c;4c;4c;8d;8d
SG62|4c;4c;4c;4c;4c;8d;8d,62,15,orbit4_fp1,wyckoff_orbit,4,4c,2,1,True,torus_fractional_coordinate,4c;4c;4c;4c;4c;8d;8d
SG62|4c;4c;4c;4c;4c;8d;8d,62,16,orbit5_fp0,wyckoff_orbit,5,8d,3,0,True,torus_fractional_coordinate,4c;4c;4c;4c;4c;8d;8d
SG62|4c;4c;4c;4c;4c;8d;8d,62,17,orbit5_fp1,wyckoff_orbit,5,8d,3,1,True,torus_fractional_coordinate,4c;4c;4c;4c;4c;8d;8d
SG62|4c;4c;4c;4c;4c;8d;8d,62,18,orbit5_fp2,wyckoff_orbit,5,8d,3,2,True,torus_fractional_coordinate,4c;4c;4c;4c;4c;8d;8d
SG62|4c;4c;4c;4c;4c;8d;8d,62,19,orbit6_fp0,wyckoff_orbit,6,8d,3,0,True,torus_fractional_coordinate,4c;4c;4c;4c;4c;8d;8d
SG62|4c;4c;4c;4c;4c;8d;8d,62,20,orbit6_fp1,wyckoff_orbit,6,8d,3,1,True,torus_fractional_coordinate,4c;4c;4c;4c;4c;8d;8d
SG62|4c;4c;4c;4c;4c;8d;8d,62,21,orbit6_fp2,wyckoff_orbit,6,8d,3,2,True,torus_fractional_coordinate,4c;4c;4c;4c;4c;8d;8d
SG62|4c;4c;4c;4c;8d;8d,62,0,lattice_a,lattice,-1,,0,-1,False,positive_length,4c;4c;4c;4c;8d;8d
SG62|4c;4c;4c;4c;8d;8d,62,1,lattice_b,lattice,-1,,0,-1,False,positive_length,4c;4c;4c;4c;8d;8d
SG62|4c;4c;4c;4c;8d;8d,62,2,lattice_c,lattice,-1,,0,-1,False,positive_length,4c;4c;4c;4c;8d;8d
SG62|4c;4c;4c;4c;8d;8d,62,3,alpha,lattice,-1,,0,-1,False,angle_degree,4c;4c;4c;4c;8d;8d
SG62|4c;4c;4c;4c;8d;8d,62,4,beta,lattice,-1,,0,-1,False,angle_degree,4c;4c;4c;4c;8d;8d
SG62|4c;4c;4c;4c;8d;8d,62,5,gamma,lattice,-1,,0,-1,False,angle_degree,4c;4c;4c;4c;8d;8d
SG62|4c;4c;4c;4c;8d;8d,62,6,orbit0_fp0,wyckoff_orbit,0,4c,2,0,True,torus_fractional_coordinate,4c;4c;4c;4c;8d;8d
SG62|4c;4c;4c;4c;8d;8d,62,7,orbit0_fp1,wyckoff_orbit,0,4c,2,1,True,torus_fractional_coordinate,4c;4c;4c;4c;8d;8d
SG62|4c;4c;4c;4c;8d;8d,62,8,orbit1_fp0,wyckoff_orbit,1,4c,2,0,True,torus_fractional_coordinate,4c;4c;4c;4c;8d;8d
SG62|4c;4c;4c;4c;8d;8d,62,9,orbit1_fp1,wyckoff_orbit,1,4c,2,1,True,torus_fractional_coordinate,4c;4c;4c;4c;8d;8d
SG62|4c;4c;4c;4c;8d;8d,62,10,orbit2_fp0,wyckoff_orbit,2,4c,2,0,True,torus_fractional_coordinate,4c;4c;4c;4c;8d;8d
SG62|4c;4c;4c;4c;8d;8d,62,11,orbit2_fp1,wyckoff_orbit,2,4c,2,1,True,torus_fractional_coordinate,4c;4c;4c;4c;8d;8d
SG62|4c;4c;4c;4c;8d;8d,62,12,orbit3_fp0,wyckoff_orbit,3,4c,2,0,True,torus_fractional_coordinate,4c;4c;4c;4c;8d;8d
SG62|4c;4c;4c;4c;8d;8d,62,13,orbit3_fp1,wyckoff_orbit,3,4c,2,1,True,torus_fractional_coordinate,4c;4c;4c;4c;8d;8d
SG62|4c;4c;4c;4c;8d;8d,62,14,orbit4_fp0,wyckoff_orbit,4,8d,3,0,True,torus_fractional_coordinate,4c;4c;4c;4c;8d;8d
SG62|4c;4c;4c;4c;8d;8d,62,15,orbit4_fp1,wyckoff_orbit,4,8d,3,1,True,torus_fractional_coordinate,4c;4c;4c;4c;8d;8d
SG62|4c;4c;4c;4c;8d;8d,62,16,orbit4_fp2,wyckoff_orbit,4,8d,3,2,True,torus_fractional_coordinate,4c;4c;4c;4c;8d;8d
SG62|4c;4c;4c;4c;8d;8d,62,17,orbit5_fp0,wyckoff_orbit,5,8d,3,0,True,torus_fractional_coordinate,4c;4c;4c;4c;8d;8d
SG62|4c;4c;4c;4c;8d;8d,62,18,orbit5_fp1,wyckoff_orbit,5,8d,3,1,True,torus_fractional_coordinate,4c;4c;4c;4c;8d;8d
SG62|4c;4c;4c;4c;8d;8d,62,19,orbit5_fp2,wyckoff_orbit,5,8d,3,2,True,torus_fractional_coordinate,4c;4c;4c;4c;8d;8d
SG62|4c;4c;4c;4c;4c;8d,62,0,lattice_a,lattice,-1,,0,-1,False,positive_length,4c;4c;4c;4c;4c;8d
SG62|4c;4c;4c;4c;4c;8d,62,1,lattice_b,lattice,-1,,0,-1,False,positive_length,4c;4c;4c;4c;4c;8d
SG62|4c;4c;4c;4c;4c;8d,62,2,lattice_c,lattice,-1,,0,-1,False,positive_length,4c;4c;4c;4c;4c;8d
SG62|4c;4c;4c;4c;4c;8d,62,3,alpha,lattice,-1,,0,-1,False,angle_degree,4c;4c;4c;4c;4c;8d
SG62|4c;4c;4c;4c;4c;8d,62,4,beta,lattice,-1,,0,-1,False,angle_degree,4c;4c;4c;4c;4c;8d
SG62|4c;4c;4c;4c;4c;8d,62,5,gamma,lattice,-1,,0,-1,False,angle_degree,4c;4c;4c;4c;4c;8d
SG62|4c;4c;4c;4c;4c;8d,62,6,orbit0_fp0,wyckoff_orbit,0,4c,2,0,True,torus_fractional_coordinate,4c;4c;4c;4c;4c;8d
SG62|4c;4c;4c;4c;4c;8d,62,7,orbit0_fp1,wyckoff_orbit,0,4c,2,1,True,torus_fractional_coordinate,4c;4c;4c;4c;4c;8d
SG62|4c;4c;4c;4c;4c;8d,62,8,orbit1_fp0,wyckoff_orbit,1,4c,2,0,True,torus_fractional_coordinate,4c;4c;4c;4c;4c;8d
SG62|4c;4c;4c;4c;4c;8d,62,9,orbit1_fp1,wyckoff_orbit,1,4c,2,1,True,torus_fractional_coordinate,4c;4c;4c;4c;4c;8d
SG62|4c;4c;4c;4c;4c;8d,62,10,orbit2_fp0,wyckoff_orbit,2,4c,2,0,True,torus_fractional_coordinate,4c;4c;4c;4c;4c;8d
SG62|4c;4c;4c;4c;4c;8d,62,11,orbit2_fp1,wyckoff_orbit,2,4c,2,1,True,torus_fractional_coordinate,4c;4c;4c;4c;4c;8d
SG62|4c;4c;4c;4c;4c;8d,62,12,orbit3_fp0,wyckoff_orbit,3,4c,2,0,True,torus_fractional_coordinate,4c;4c;4c;4c;4c;8d
SG62|4c;4c;4c;4c;4c;8d,62,13,orbit3_fp1,wyckoff_orbit,3,4c,2,1,True,torus_fractional_coordinate,4c;4c;4c;4c;4c;8d
SG62|4c;4c;4c;4c;4c;8d,62,14,orbit4_fp0,wyckoff_orbit,4,4c,2,0,True,torus_fractional_coordinate,4c;4c;4c;4c;4c;8d
SG62|4c;4c;4c;4c;4c;8d,62,15,orbit4_fp1,wyckoff_orbit,4,4c,2,1,True,torus_fractional_coordinate,4c;4c;4c;4c;4c;8d
SG62|4c;4c;4c;4c;4c;8d,62,16,orbit5_fp0,wyckoff_orbit,5,8d,3,0,True,torus_fractional_coordinate,4c;4c;4c;4c;4c;8d
SG62|4c;4c;4c;4c;4c;8d,62,17,orbit5_fp1,wyckoff_orbit,5,8d,3,1,True,torus_fractional_coordinate,4c;4c;4c;4c;4c;8d
SG62|4c;4c;4c;4c;4c;8d,62,18,orbit5_fp2,wyckoff_orbit,5,8d,3,2,True,torus_fractional_coordinate,4c;4c;4c;4c;4c;8d
SG62|4c;4c;4c;8d;8d;8d,62,0,lattice_a,lattice,-1,,0,-1,False,positive_length,4c;4c;4c;8d;8d;8d
SG62|4c;4c;4c;8d;8d;8d,62,1,lattice_b,lattice,-1,,0,-1,False,positive_length,4c;4c;4c;8d;8d;8d
SG62|4c;4c;4c;8d;8d;8d,62,2,lattice_c,lattice,-1,,0,-1,False,positive_length,4c;4c;4c;8d;8d;8d
SG62|4c;4c;4c;8d;8d;8d,62,3,alpha,lattice,-1,,0,-1,False,angle_degree,4c;4c;4c;8d;8d;8d
SG62|4c;4c;4c;8d;8d;8d,62,4,beta,lattice,-1,,0,-1,False,angle_degree,4c;4c;4c;8d;8d;8d
SG62|4c;4c;4c;8d;8d;8d,62,5,gamma,lattice,-1,,0,-1,False,angle_degree,4c;4c;4c;8d;8d;8d
SG62|4c;4c;4c;8d;8d;8d,62,6,orbit0_fp0,wyckoff_orbit,0,4c,2,0,True,torus_fractional_coordinate,4c;4c;4c;8d;8d;8d
SG62|4c;4c;4c;8d;8d;8d,62,7,orbit0_fp1,wyckoff_orbit,0,4c,2,1,True,torus_fractional_coordinate,4c;4c;4c;8d;8d;8d
SG62|4c;4c;4c;8d;8d;8d,62,8,orbit1_fp0,wyckoff_orbit,1,4c,2,0,True,torus_fractional_coordinate,4c;4c;4c;8d;8d;8d
SG62|4c;4c;4c;8d;8d;8d,62,9,orbit1_fp1,wyckoff_orbit,1,4c,2,1,True,torus_fractional_coordinate,4c;4c;4c;8d;8d;8d
SG62|4c;4c;4c;8d;8d;8d,62,10,orbit2_fp0,wyckoff_orbit,2,4c,2,0,True,torus_fractional_coordinate,4c;4c;4c;8d;8d;8d
SG62|4c;4c;4c;8d;8d;8d,62,11,orbit2_fp1,wyckoff_orbit,2,4c,2,1,True,torus_fractional_coordinate,4c;4c;4c;8d;8d;8d
SG62|4c;4c;4c;8d;8d;8d,62,12,orbit3_fp0,wyckoff_orbit,3,8d,3,0,True,torus_fractional_coordinate,4c;4c;4c;8d;8d;8d
SG62|4c;4c;4c;8d;8d;8d,62,13,orbit3_fp1,wyckoff_orbit,3,8d,3,1,True,torus_fractional_coordinate,4c;4c;4c;8d;8d;8d
SG62|4c;4c;4c;8d;8d;8d,62,14,orbit3_fp2,wyckoff_orbit,3,8d,3,2,True,torus_fractional_coordinate,4c;4c;4c;8d;8d;8d
SG62|4c;4c;4c;8d;8d;8d,62,15,orbit4_fp0,wyckoff_orbit,4,8d,3,0,True,torus_fractional_coordinate,4c;4c;4c;8d;8d;8d
SG62|4c;4c;4c;8d;8d;8d,62,16,orbit4_fp1,wyckoff_orbit,4,8d,3,1,True,torus_fractional_coordinate,4c;4c;4c;8d;8d;8d
SG62|4c;4c;4c;8d;8d;8d,62,17,orbit4_fp2,wyckoff_orbit,4,8d,3,2,True,torus_fractional_coordinate,4c;4c;4c;8d;8d;8d
SG62|4c;4c;4c;8d;8d;8d,62,18,orbit5_fp0,wyckoff_orbit,5,8d,3,0,True,torus_fractional_coordinate,4c;4c;4c;8d;8d;8d
SG62|4c;4c;4c;8d;8d;8d,62,19,orbit5_fp1,wyckoff_orbit,5,8d,3,1,True,torus_fractional_coordinate,4c;4c;4c;8d;8d;8d
SG62|4c;4c;4c;8d;8d;8d,62,20,orbit5_fp2,wyckoff_orbit,5,8d,3,2,True,torus_fractional_coordinate,4c;4c;4c;8d;8d;8d
SG62|4c;4c;4c;4c;4c;4c,62,0,lattice_a,lattice,-1,,0,-1,False,positive_length,4c;4c;4c;4c;4c;4c
SG62|4c;4c;4c;4c;4c;4c,62,1,lattice_b,lattice,-1,,0,-1,False,positive_length,4c;4c;4c;4c;4c;4c
SG62|4c;4c;4c;4c;4c;4c,62,2,lattice_c,lattice,-1,,0,-1,False,positive_length,4c;4c;4c;4c;4c;4c
SG62|4c;4c;4c;4c;4c;4c,62,3,alpha,lattice,-1,,0,-1,False,angle_degree,4c;4c;4c;4c;4c;4c
SG62|4c;4c;4c;4c;4c;4c,62,4,beta,lattice,-1,,0,-1,False,angle_degree,4c;4c;4c;4c;4c;4c
SG62|4c;4c;4c;4c;4c;4c,62,5,gamma,lattice,-1,,0,-1,False,angle_degree,4c;4c;4c;4c;4c;4c
SG62|4c;4c;4c;4c;4c;4c,62,6,orbit0_fp0,wyckoff_orbit,0,4c,2,0,True,torus_fractional_coordinate,4c;4c;4c;4c;4c;4c
SG62|4c;4c;4c;4c;4c;4c,62,7,orbit0_fp1,wyckoff_orbit,0,4c,2,1,True,torus_fractional_coordinate,4c;4c;4c;4c;4c;4c
SG62|4c;4c;4c;4c;4c;4c,62,8,orbit1_fp0,wyckoff_orbit,1,4c,2,0,True,torus_fractional_coordinate,4c;4c;4c;4c;4c;4c
SG62|4c;4c;4c;4c;4c;4c,62,9,orbit1_fp1,wyckoff_orbit,1,4c,2,1,True,torus_fractional_coordinate,4c;4c;4c;4c;4c;4c
SG62|4c;4c;4c;4c;4c;4c,62,10,orbit2_fp0,wyckoff_orbit,2,4c,2,0,True,torus_fractional_coordinate,4c;4c;4c;4c;4c;4c
SG62|4c;4c;4c;4c;4c;4c,62,11,orbit2_fp1,wyckoff_orbit,2,4c,2,1,True,torus_fractional_coordinate,4c;4c;4c;4c;4c;4c
SG62|4c;4c;4c;4c;4c;4c,62,12,orbit3_fp0,wyckoff_orbit,3,4c,2,0,True,torus_fractional_coordinate,4c;4c;4c;4c;4c;4c
SG62|4c;4c;4c;4c;4c;4c,62,13,orbit3_fp1,wyckoff_orbit,3,4c,2,1,True,torus_fractional_coordinate,4c;4c;4c;4c;4c;4c
SG62|4c;4c;4c;4c;4c;4c,62,14,orbit4_fp0,wyckoff_orbit,4,4c,2,0,True,torus_fractional_coordinate,4c;4c;4c;4c;4c;4c
SG62|4c;4c;4c;4c;4c;4c,62,15,orbit4_fp1,wyckoff_orbit,4,4c,2,1,True,torus_fractional_coordinate,4c;4c;4c;4c;4c;4c
SG62|4c;4c;4c;4c;4c;4c,62,16,orbit5_fp0,wyckoff_orbit,5,4c,2,0,True,torus_fractional_coordinate,4c;4c;4c;4c;4c;4c
SG62|4c;4c;4c;4c;4c;4c,62,17,orbit5_fp1,wyckoff_orbit,5,4c,2,1,True,torus_fractional_coordinate,4c;4c;4c;4c;4c;4c
SG62|4a;4c;4c;4c;4c;8d,62,0,lattice_a,lattice,-1,,0,-1,False,positive_length,4a;4c;4c;4c;4c;8d
SG62|4a;4c;4c;4c;4c;8d,62,1,lattice_b,lattice,-1,,0,-1,False,positive_length,4a;4c;4c;4c;4c;8d
SG62|4a;4c;4c;4c;4c;8d,62,2,lattice_c,lattice,-1,,0,-1,False,positive_length,4a;4c;4c;4c;4c;8d
SG62|4a;4c;4c;4c;4c;8d,62,3,alpha,lattice,-1,,0,-1,False,angle_degree,4a;4c;4c;4c;4c;8d
SG62|4a;4c;4c;4c;4c;8d,62,4,beta,lattice,-1,,0,-1,False,angle_degree,4a;4c;4c;4c;4c;8d
SG62|4a;4c;4c;4c;4c;8d,62,5,gamma,lattice,-1,,0,-1,False,angle_degree,4a;4c;4c;4c;4c;8d
SG62|4a;4c;4c;4c;4c;8d,62,6,orbit1_fp0,wyckoff_orbit,1,4c,2,0,True,torus_fractional_coordinate,4a;4c;4c;4c;4c;8d
SG62|4a;4c;4c;4c;4c;8d,62,7,orbit1_fp1,wyckoff_orbit,1,4c,2,1,True,torus_fractional_coordinate,4a;4c;4c;4c;4c;8d
SG62|4a;4c;4c;4c;4c;8d,62,8,orbit2_fp0,wyckoff_orbit,2,4c,2,0,True,torus_fractional_coordinate,4a;4c;4c;4c;4c;8d
SG62|4a;4c;4c;4c;4c;8d,62,9,orbit2_fp1,wyckoff_orbit,2,4c,2,1,True,torus_fractional_coordinate,4a;4c;4c;4c;4c;8d
SG62|4a;4c;4c;4c;4c;8d,62,10,orbit3_fp0,wyckoff_orbit,3,4c,2,0,True,torus_fractional_coordinate,4a;4c;4c;4c;4c;8d
SG62|4a;4c;4c;4c;4c;8d,62,11,orbit3_fp1,wyckoff_orbit,3,4c,2,1,True,torus_fractional_coordinate,4a;4c;4c;4c;4c;8d
SG62|4a;4c;4c;4c;4c;8d,62,12,orbit4_fp0,wyckoff_orbit,4,4c,2,0,True,torus_fractional_coordinate,4a;4c;4c;4c;4c;8d
SG62|4a;4c;4c;4c;4c;8d,62,13,orbit4_fp1,wyckoff_orbit,4,4c,2,1,True,torus_fractional_coordinate,4a;4c;4c;4c;4c;8d
SG62|4a;4c;4c;4c;4c;8d,62,14,orbit5_fp0,wyckoff_orbit,5,8d,3,0,True,torus_fractional_coordinate,4a;4c;4c;4c;4c;8d
SG62|4a;4c;4c;4c;4c;8d,62,15,orbit5_fp1,wyckoff_orbit,5,8d,3,1,True,torus_fractional_coordinate,4a;4c;4c;4c;4c;8d
SG62|4a;4c;4c;4c;4c;8d,62,16,orbit5_fp2,wyckoff_orbit,5,8d,3,2,True,torus_fractional_coordinate,4a;4c;4c;4c;4c;8d
SG38|1a;1a;1b;1b;2c;2c;2d;2e;4f,38,0,lattice_a,lattice,-1,,0,-1,False,positive_length,1a;1a;1b;1b;2c;2c;2d;2e;4f
SG38|1a;1a;1b;1b;2c;2c;2d;2e;4f,38,1,lattice_b,lattice,-1,,0,-1,False,positive_length,1a;1a;1b;1b;2c;2c;2d;2e;4f
SG38|1a;1a;1b;1b;2c;2c;2d;2e;4f,38,2,lattice_c,lattice,-1,,0,-1,False,positive_length,1a;1a;1b;1b;2c;2c;2d;2e;4f
SG38|1a;1a;1b;1b;2c;2c;2d;2e;4f,38,3,alpha,lattice,-1,,0,-1,False,angle_degree,1a;1a;1b;1b;2c;2c;2d;2e;4f
SG38|1a;1a;1b;1b;2c;2c;2d;2e;4f,38,4,beta,lattice,-1,,0,-1,False,angle_degree,1a;1a;1b;1b;2c;2c;2d;2e;4f
SG38|1a;1a;1b;1b;2c;2c;2d;2e;4f,38,5,gamma,lattice,-1,,0,-1,False,angle_degree,1a;1a;1b;1b;2c;2c;2d;2e;4f
SG38|1a;1a;1b;1b;2c;2c;2d;2e;4f,38,6,orbit0_fp0,wyckoff_orbit,0,1a,1,0,True,torus_fractional_coordinate,1a;1a;1b;1b;2c;2c;2d;2e;4f
SG38|1a;1a;1b;1b;2c;2c;2d;2e;4f,38,7,orbit1_fp0,wyckoff_orbit,1,1a,1,0,True,torus_fractional_coordinate,1a;1a;1b;1b;2c;2c;2d;2e;4f
SG38|1a;1a;1b;1b;2c;2c;2d;2e;4f,38,8,orbit2_fp0,wyckoff_orbit,2,1b,1,0,True,torus_fractional_coordinate,1a;1a;1b;1b;2c;2c;2d;2e;4f
SG38|1a;1a;1b;1b;2c;2c;2d;2e;4f,38,9,orbit3_fp0,wyckoff_orbit,3,1b,1,0,True,torus_fractional_coordinate,1a;1a;1b;1b;2c;2c;2d;2e;4f
SG38|1a;1a;1b;1b;2c;2c;2d;2e;4f,38,10,orbit4_fp0,wyckoff_orbit,4,2c,2,0,True,torus_fractional_coordinate,1a;1a;1b;1b;2c;2c;2d;2e;4f
SG38|1a;1a;1b;1b;2c;2c;2d;2e;4f,38,11,orbit4_fp1,wyckoff_orbit,4,2c,2,1,True,torus_fractional_coordinate,1a;1a;1b;1b;2c;2c;2d;2e;4f
SG38|1a;1a;1b;1b;2c;2c;2d;2e;4f,38,12,orbit5_fp0,wyckoff_orbit,5,2c,2,0,True,torus_fractional_coordinate,1a;1a;1b;1b;2c;2c;2d;2e;4f
SG38|1a;1a;1b;1b;2c;2c;2d;2e;4f,38,13,orbit5_fp1,wyckoff_orbit,5,2c,2,1,True,torus_fractional_coordinate,1a;1a;1b;1b;2c;2c;2d;2e;4f
SG38|1a;1a;1b;1b;2c;2c;2d;2e;4f,38,14,orbit6_fp0,wyckoff_orbit,6,2d,2,0,True,torus_fractional_coordinate,1a;1a;1b;1b;2c;2c;2d;2e;4f
SG38|1a;1a;1b;1b;2c;2c;2d;2e;4f,38,15,orbit6_fp1,wyckoff_orbit,6,2d,2,1,True,torus_fractional_coordinate,1a;1a;1b;1b;2c;2c;2d;2e;4f
SG38|1a;1a;1b;1b;2c;2c;2d;2e;4f,38,16,orbit7_fp0,wyckoff_orbit,7,2e,2,0,True,torus_fractional_coordinate,1a;1a;1b;1b;2c;2c;2d;2e;4f
SG38|1a;1a;1b;1b;2c;2c;2d;2e;4f,38,17,orbit7_fp1,wyckoff_orbit,7,2e,2,1,True,torus_fractional_coordinate,1a;1a;1b;1b;2c;2c;2d;2e;4f
SG38|1a;1a;1b;1b;2c;2c;2d;2e;4f,38,18,orbit8_fp0,wyckoff_orbit,8,4f,3,0,True,torus_fractional_coordinate,1a;1a;1b;1b;2c;2c;2d;2e;4f
SG38|1a;1a;1b;1b;2c;2c;2d;2e;4f,38,19,orbit8_fp1,wyckoff_orbit,8,4f,3,1,True,torus_fractional_coordinate,1a;1a;1b;1b;2c;2c;2d;2e;4f
SG38|1a;1a;1b;1b;2c;2c;2d;2e;4f,38,20,orbit8_fp2,wyckoff_orbit,8,4f,3,2,True,torus_fractional_coordinate,1a;1a;1b;1b;2c;2c;2d;2e;4f
